customer_id,recency_days,frequency,monetary,avg_order_value,tenure_days,churned,segment,rfm_score,churn_probability,health_score
14900,521.0,1,13.92,13.92,0.0,1,Lost,3,0.7671006518077357,11.6
15040,541.0,1,7.49,7.49,0.0,1,Lost,3,0.7672721857162323,11.6
13163,609.0,1,17.65,17.65,0.0,1,Lost,3,0.7670011057917773,11.6
14580,517.0,1,14.85,14.85,0.0,1,Lost,3,0.767075834795528,11.6
15913,533.0,1,6.3,6.3,0.0,1,Lost,3,0.767303921840219,11.6
14827,664.0,1,0.0,0.0,0.0,1,Lost,3,0.7674718863732402,11.6
14103,664.0,1,0.0,0.0,0.0,1,Lost,3,0.7674718863732402,11.6
14095,722.0,1,2.95,2.95,0.0,1,Lost,3,0.7673932468365562,11.6
13788,504.0,1,3.75,3.75,0.0,1,Lost,3,0.7673719176661912,11.6
12846,681.0,1,15.58,15.58,0.0,1,Lost,3,0.7670563534852259,11.6
13915,393.0,1,70.8,70.8,0.0,1,Lost,3,0.7655794248786222,11.7
13105,435.0,1,72.0,72.0,0.0,1,Lost,3,0.7655472573492291,11.7
16238,422.0,1,63.66,63.66,0.0,1,Lost,3,0.7657707583611485,11.7
13913,506.0,1,42.22,42.22,0.0,1,Lost,3,0.7663446430719005,11.7
13303,399.0,1,61.72,61.72,0.0,1,Lost,3,0.7658227265980498,11.7
14906,444.0,1,68.44,68.44,0.0,1,Lost,3,0.7656426787532576,11.7
15284,499.0,1,24.75,24.75,0.0,1,Lost,3,0.7668115395718644,11.7
17606,736.0,1,87.3,87.3,0.0,1,Lost,3,0.7651368529635144,11.7
13112,540.0,1,20.6,20.6,0.0,1,Lost,3,0.7669223553929393,11.7
13906,408.0,1,42.0,42.0,0.0,1,Lost,3,0.7663505267452938,11.7
16970,625.0,1,71.4,71.4,0.0,1,Lost,3,0.7655633414966948,11.7
16417,492.0,1,35.7,35.7,0.0,1,Lost,3,0.7665189700530362,11.7
16420,395.0,1,75.0,75.0,0.0,1,Lost,3,0.7654668251291751,11.7
14559,389.0,1,75.6,75.6,0.0,1,Lost,3,0.7654507363886889,11.7
17192,535.0,1,77.83,77.83,0.0,1,Lost,3,0.7653909331938556,11.7
14717,732.0,1,81.3,81.3,0.0,1,Lost,3,0.7652978551777361,11.7
16459,729.0,1,71.79,71.79,0.0,1,Lost,3,0.7655528868879214,11.7
17129,519.0,1,31.85,31.85,0.0,1,Lost,3,0.7666218660502603,11.7
15871,436.0,1,33.1,33.1,0.0,1,Lost,3,0.7665884617172715,11.7
16537,640.0,1,23.35,23.35,0.0,1,Lost,3,0.7668489273200179,11.7
15455,597.0,1,38.25,38.25,0.0,1,Lost,3,0.7664508007933111,11.7
16219,500.0,1,40.8,40.8,0.0,1,Lost,3,0.7663826176963399,11.7
16867,689.0,1,76.74,76.74,0.0,1,Lost,3,0.7654201656729072,11.7
14786,549.0,1,90.96,90.96,0.0,1,Lost,3,0.7650386040334809,11.7
17319,668.0,1,29.1,29.1,0.0,1,Lost,3,0.7666953438772297,11.7
14007,512.0,1,79.48,79.48,0.0,1,Lost,3,0.7653466773872044,11.7
14743,592.0,1,50.48,50.48,0.0,1,Lost,3,0.7661236633630113,11.7
13172,399.0,1,69.6,69.6,0.0,1,Lost,3,0.7656115893458226,11.7
15250,640.0,1,60.0,60.0,0.0,1,Lost,3,0.7658687948349978,11.7
17249,428.0,1,68.03,68.03,0.0,1,Lost,3,0.7656536665662605,11.7
17336,471.0,1,81.12,81.12,0.0,1,Lost,3,0.7653026840617109,11.7
13469,652.0,1,82.4,82.4,0.0,1,Lost,3,0.7652683438345025,11.7
14190,665.0,1,79.9,79.9,0.0,1,Lost,3,0.7653354113485507,11.7
16028,595.0,1,82.2,82.2,0.0,1,Lost,3,0.7652737097246128,11.7
12776,667.0,1,55.5,55.5,0.0,1,Lost,3,0.765989292430937,11.7
14993,563.0,1,36.13,36.13,0.0,1,Lost,3,0.7665074758145021,11.7
13180,606.0,1,86.1,86.1,0.0,1,Lost,3,0.7651690595288632,11.7
15672,724.0,1,45.3,45.3,0.0,1,Lost,3,0.7662622608310643,11.7
15686,419.0,1,90.0,90.0,0.0,1,Lost,3,0.7650643769994899,11.7
12606,681.0,1,21.0,21.0,0.0,1,Lost,3,0.7669116759464644,11.7
16831,564.0,1,91.8,91.8,0.0,1,Lost,3,0.7650160510812788,11.7
17008,428.0,1,81.36,81.36,0.0,1,Lost,3,0.7652962455344369,11.7
14435,501.0,1,90.42,90.42,0.0,1,Lost,3,0.7650531015679051,11.7
14650,588.0,1,62.5,62.5,0.0,1,Lost,3,0.7658018331144933,11.7
15999,735.0,1,20.4,20.4,0.0,1,Lost,3,0.7669276949884511,11.7
17216,553.0,1,65.05,65.05,0.0,1,Lost,3,0.7657335184649934,11.7
17494,501.0,1,54.7,54.7,0.0,1,Lost,3,0.7660107097161846,11.7
13022,429.0,1,65.3,65.3,0.0,1,Lost,3,0.7657268202059493,11.7
13215,401.0,1,81.6,81.6,0.0,1,Lost,3,0.7652898068847034,11.7
15833,737.0,1,80.4,80.4,0.0,1,Lost,3,0.7653219989087691,11.7
17599,477.0,1,52.05,52.05,0.0,1,Lost,3,0.7660816447492256,11.7
13535,402.0,1,89.5,89.5,0.0,1,Lost,3,0.7650777996434338,11.7
14347,736.0,1,82.6,82.6,0.0,1,Lost,3,0.7652629778593527,11.7
12466,681.0,1,56.73,56.73,0.0,1,Lost,3,0.7659563606991506,11.7
16786,393.0,1,51.84,51.84,0.0,1,Lost,3,0.7660872653771554,11.7
17352,695.0,1,36.25,36.25,0.0,1,Lost,3,0.7665042680498005,11.7
16061,430.0,1,89.65,89.65,0.0,1,Lost,3,0.7650737729060488,11.7
16058,405.0,1,62.7,62.7,0.0,1,Lost,3,0.7657964756025799,11.7
12861,619.0,1,68.25,68.25,0.0,1,Lost,3,0.7656477707110472,11.7
15170,406.0,1,81.15,81.15,0.0,1,Lost,3,0.7653018792524987,11.7
15685,449.0,1,55.98,55.98,0.0,1,Lost,3,0.7659764414063054,11.7
12860,692.0,1,55.47,55.47,0.0,1,Lost,3,0.7659900956037033,11.7
16530,667.0,1,48.35,48.35,0.0,1,Lost,3,0.7661806611246005,11.7
16165,504.0,1,79.9,79.9,0.0,1,Lost,3,0.7653354113485507,11.7
15233,400.0,1,59.4,59.4,0.0,1,Lost,3,0.7658848636698213,11.7
12568,644.0,1,70.0,70.0,0.0,1,Lost,3,0.7656008681970043,11.7
12570,681.0,1,77.52,77.52,0.0,1,Lost,3,0.7653992472752331,11.7
14086,462.0,1,39.95,39.95,0.0,1,Lost,3,0.7664053469327569,11.7
17532,385.0,1,65.34,65.34,0.0,1,Lost,3,0.7657257484721669,11.7
17533,434.0,1,34.8,34.8,0.0,1,Lost,3,0.7665430264879234,11.7
13222,576.0,1,88.5,88.5,0.0,1,Lost,3,0.7651046433370748,11.7
13219,617.0,1,76.23,76.23,0.0,1,Lost,3,0.7654338423873429,11.7
14977,725.0,1,31.93,31.93,0.0,1,Lost,3,0.7666197282725511,11.7
13438,546.0,1,46.5,46.5,0.0,1,Lost,3,0.7662301583901715,11.7
15693,658.0,1,37.5,37.5,0.0,1,Lost,3,0.7664708520120082,11.7
15698,623.0,1,46.2,46.2,0.0,1,Lost,3,0.7662381842876268,11.7
14380,681.0,1,48.96,48.96,0.0,1,Lost,3,0.7661643388082945,11.7
14384,500.0,1,58.5,58.5,0.0,1,Lost,3,0.7659089654862995,11.7
13818,429.0,1,61.28,61.28,0.0,1,Lost,3,0.7658345120948284,11.7
14613,679.0,1,76.32,76.32,0.0,1,Lost,3,0.7654314288896876,11.7
14144,485.0,1,30.6,30.6,0.0,1,Lost,3,0.7666552670578269,11.7
15575,619.0,1,30.1,30.1,0.0,1,Lost,3,0.7666686265297165,11.7
15371,661.0,1,59.4,59.4,0.0,1,Lost,3,0.7658848636698213,11.7
15375,689.0,1,60.96,60.96,0.0,1,Lost,3,0.7658430831065752,11.7
15470,575.0,1,63.42,63.42,0.0,1,Lost,3,0.7657771878552677,11.7
16605,723.0,1,60.48,60.48,0.0,1,Lost,3,0.7658559392158162,11.7
13392,676.0,1,91.14,91.14,0.0,1,Lost,3,0.7650337713842679,11.7
13380,432.0,1,62.4,62.4,0.0,1,Lost,3,0.7658045118385464,11.7
15131,394.0,1,80.28,80.28,0.0,1,Lost,3,0.7653252179427914,11.7
16941,611.0,1,33.0,33.0,0.0,1,Lost,3,0.766591134186284,11.7
16548,598.0,1,30.15,30.15,0.0,1,Lost,3,0.7666672906064712,11.7
14266,427.0,1,40.56,40.56,0.0,1,Lost,3,0.7663890355188546,11.7
13306,429.0,1,53.65,53.65,0.0,1,Lost,3,0.7660388178369718,11.7
12404,681.0,1,63.24,63.24,0.0,1,Lost,3,0.7657820098954617,11.7
16564,568.0,1,87.8,87.8,0.0,1,Lost,3,0.7651234326578341,11.7
15499,723.0,1,161.6,161.6,0.0,1,Lost,3,0.763136770685127,11.8
17467,394.0,1,102.6,102.6,0.0,1,Lost,3,0.7647259509594928,11.8
13312,450.0,1,124.75,124.75,0.0,1,Lost,3,0.7641302016947931,11.8
16547,545.0,1,111.71,111.71,0.0,1,Lost,3,0.7644810534126637,11.8
14318,459.0,1,158.02,158.02,0.0,1,Lost,3,0.7632334095343569,11.8
16944,609.0,1,101.36,101.36,0.0,1,Lost,3,0.7647592713478882,11.8
15635,395.0,1,100.35,100.35,0.0,1,Lost,3,0.7647864089270286,11.8
12692,636.0,1,110.95,110.95,0.0,1,Lost,3,0.7645014906853148,11.8
17273,423.0,1,141.12,141.12,0.0,1,Lost,3,0.7636892423716208,11.8
14773,592.0,1,140.55,140.55,0.0,1,Lost,3,0.7637046060455058,11.8
14683,587.0,1,146.56,146.56,0.0,1,Lost,3,0.7635425789180125,11.8
15761,442.0,1,143.05,143.05,0.0,1,Lost,3,0.76363721638886,11.8
17177,504.0,1,119.5,119.5,0.0,1,Lost,3,0.7642715006178666,11.8
13653,487.0,1,152.2,152.2,0.0,1,Lost,3,0.7633904570949396,11.8
17487,727.0,1,160.55,160.55,0.0,1,Lost,3,0.7631651173005071,11.8
14943,662.0,1,107.62,107.62,0.0,1,Lost,3,0.7645910237401812,11.8
17390,420.0,1,149.3,149.3,0.0,1,Lost,3,0.7634686841964995,11.8
16578,625.0,1,156.6,156.6,0.0,1,Lost,3,0.7632717336108819,11.8
15991,533.0,1,150.55,150.55,0.0,1,Lost,3,0.7634349678072533,11.8
12387,414.0,1,143.94,143.94,0.0,1,Lost,3,0.7636132224683096,11.8
15479,732.0,1,147.4,147.4,0.0,1,Lost,3,0.7635199267557973,11.8
16694,722.0,1,98.3,98.3,0.0,1,Lost,3,0.764841483486458,11.8
16724,404.0,1,147.35,147.35,0.0,1,Lost,3,0.7635212751407128,11.8
14394,564.0,1,93.8,93.8,0.0,1,Lost,3,0.7649623475395363,11.8
16288,469.0,1,129.85,129.85,0.0,1,Lost,3,0.7639928838269971,11.8
13794,546.0,1,126.03,126.03,0.0,1,Lost,3,0.7640957427948988,11.8
13793,646.0,1,96.0,96.0,0.0,1,Lost,3,0.7649032638240464,11.8
15846,384.0,1,107.01,107.01,0.0,1,Lost,3,0.7646074221368585,11.8
13053,621.0,1,127.65,127.65,0.0,1,Lost,3,0.7640521257606864,11.8
14391,576.0,1,135.6,135.6,0.0,1,Lost,3,0.7638379984160256,11.8
16687,390.0,1,157.63,157.63,0.0,1,Lost,3,0.76324393558728,11.8
16294,476.0,1,126.05,126.05,0.0,1,Lost,3,0.764095204346977,11.8
12555,681.0,1,129.23,129.23,0.0,1,Lost,3,0.7640095803212551,11.8
15548,595.0,1,158.09,158.09,0.0,1,Lost,3,0.7632315202086375,11.8
14378,621.0,1,131.25,131.25,0.0,1,Lost,3,0.7639551790628546,11.8
16047,681.0,1,107.14,107.14,0.0,1,Lost,3,0.7646039274628772,11.8
14980,736.0,1,150.68,150.68,0.0,1,Lost,3,0.7634314611123652,11.8
17570,381.0,1,100.0,100.0,0.0,1,Lost,3,0.7647958125328307,11.8
15352,548.0,1,114.95,114.95,0.0,1,Lost,3,0.7643939123252782,11.8
16507,571.0,1,152.76,152.76,0.0,1,Lost,3,0.7633753491154645,11.8
16291,681.0,1,117.72,117.72,0.0,1,Lost,3,0.7643193943910475,11.8
16289,461.0,1,136.31,136.31,0.0,1,Lost,3,0.7638188685649892,11.8
13830,581.0,1,156.85,156.85,0.0,1,Lost,3,0.7632649867247044,11.8
13829,420.0,1,102.0,102.0,0.0,1,Lost,3,0.7647420741360834,11.8
14726,654.0,1,124.75,124.75,0.0,1,Lost,3,0.7641302016947931,11.8
17225,581.0,1,131.15,131.15,0.0,1,Lost,3,0.763957872398332,11.8
14604,632.0,1,143.86,143.86,0.0,1,Lost,3,0.7636153792939993,11.8
14588,577.0,1,135.39,135.39,0.0,1,Lost,3,0.7638436563358573,11.8
14374,540.0,1,108.0,108.0,0.0,1,Lost,3,0.7645808079458553,11.8
14955,732.0,1,163.77,163.77,0.0,1,Lost,3,0.7630781802660027,11.8
15927,646.0,1,123.39,123.39,0.0,1,Lost,3,0.7641668104629863,11.8
15926,541.0,1,134.44,134.44,0.0,1,Lost,3,0.7638692505174541,11.8
15924,730.0,1,102.82,102.82,0.0,1,Lost,3,0.7647200389363975,11.8
13241,411.0,1,115.58,115.58,0.0,1,Lost,3,0.7643769656351015,11.8
13779,515.0,1,161.13,161.13,0.0,1,Lost,3,0.7631494594593559,11.8
17056,737.0,1,128.6,128.6,0.0,1,Lost,3,0.7640265452775826,11.8
14637,676.0,1,106.68,106.68,0.0,1,Lost,3,0.7646162930710753,11.8
17202,420.0,1,160.65,160.65,0.0,1,Lost,3,0.7631624177236543,11.8
15328,407.0,1,107.24,107.24,0.0,1,Lost,3,0.7646012392276869,11.8
14084,511.0,1,150.5,150.5,0.0,1,Lost,3,0.7634363165265045,11.8
16486,537.0,1,134.36,134.36,0.0,1,Lost,3,0.7638714057294698,11.8
17543,549.0,1,120.05,120.05,0.0,1,Lost,3,0.7642567006189787,11.8
14822,484.0,1,157.7,157.7,0.0,1,Lost,3,0.7632420463194997,11.8
17541,509.0,1,124.46,124.46,0.0,1,Lost,3,0.7641380083057833,11.8
13191,657.0,1,164.69,164.69,0.0,1,Lost,3,0.7630533370720465,11.8
17199,581.0,1,145.12,145.12,0.0,1,Lost,3,0.7635814077111499,11.8
15082,668.0,1,93.35,93.35,0.0,1,Lost,3,0.764974431577693,11.8
17762,455.0,1,129.75,129.75,0.0,1,Lost,3,0.763995576865159,11.8
17493,384.0,1,100.91,100.91,0.0,1,Lost,3,0.7647713626162601,11.8
14845,599.0,1,150.0,150.0,0.0,1,Lost,3,0.7634498034271444,11.8
14833,498.0,1,94.8,94.8,0.0,1,Lost,3,0.7649354925804637,11.8
13257,435.0,1,149.75,149.75,0.0,1,Lost,3,0.7634565466784605,11.8
17089,385.0,1,128.45,128.45,0.0,1,Lost,3,0.7640305844286582,11.8
16251,511.0,1,128.31,128.31,0.0,1,Lost,3,0.7640343542598826,11.8
13620,527.0,1,112.34,112.34,0.0,1,Lost,3,0.7644641110590258,11.8
17208,395.0,1,115.35,115.35,0.0,1,Lost,3,0.7643831526197149,11.8
15905,542.0,1,114.69,114.69,0.0,1,Lost,3,0.7644009059516174,11.8
14444,455.0,1,132.04,132.04,0.0,1,Lost,3,0.7639339009660197,11.8
16821,381.0,1,113.35,113.35,0.0,1,Lost,3,0.7644369477483938,11.8
17224,500.0,1,100.86,100.86,0.0,1,Lost,3,0.7647727060639598,11.8
15851,526.0,1,109.73,109.73,0.0,1,Lost,3,0.7645342953200068,11.8
15848,621.0,1,139.94,139.94,0.0,1,Lost,3,0.7637210471078093,11.8
14579,431.0,1,105.56,105.56,0.0,1,Lost,3,0.7646463987587946,11.8
16301,736.0,1,107.33,107.33,0.0,1,Lost,3,0.7645988197978484,11.8
15229,585.0,1,160.5,160.5,0.0,1,Lost,3,0.7631664670809752,11.8
14787,470.0,1,110.65,110.65,0.0,1,Lost,3,0.7645095576919665,11.8
12636,738.0,1,141.0,141.0,0.0,1,Lost,3,0.7636924768866064,11.8
14033,554.0,1,109.44,109.44,0.0,1,Lost,3,0.7645420926778091,11.8
16443,520.0,1,162.24,162.24,0.0,1,Lost,3,0.7631194916004838,11.8
15340,561.0,1,105.5,105.5,0.0,1,Lost,3,0.7646480114882733,11.8
17565,586.0,1,131.83,131.83,0.0,1,Lost,3,0.7639395572983044,11.8
12774,535.0,1,98.7,98.7,0.0,1,Lost,3,0.7648307379322757,11.8
12773,563.0,1,124.25,124.25,0.0,1,Lost,3,0.7641436612574055,11.8
13839,485.0,1,139.95,139.95,0.0,1,Lost,3,0.7637207775885674,11.8
13580,405.0,1,107.75,107.75,0.0,1,Lost,3,0.7645875288977027,11.8
17240,595.0,1,130.6,130.6,0.0,1,Lost,3,0.7639726853638535,11.8
13578,408.0,1,147.66,147.66,0.0,1,Lost,3,0.7635129150686865,11.8
14750,735.0,1,112.03,112.03,0.0,1,Lost,3,0.7644724478781,11.8
16664,568.0,1,109.2,109.2,0.0,1,Lost,3,0.7645485455284451,11.8
16663,728.0,1,165.0,165.0,0.0,1,Lost,3,0.7630449655912669,11.8
16662,393.0,1,163.8,163.8,0.0,1,Lost,3,0.7630773701901805,11.8
14187,473.0,1,123.5,123.5,0.0,1,Lost,3,0.764163849605702,11.8
15409,720.0,1,131.25,131.25,0.0,1,Lost,3,0.7639551790628546,11.8
15534,725.0,1,162.25,162.25,0.0,1,Lost,3,0.7631192216078894,11.8
17417,548.0,1,164.18,164.18,0.0,1,Lost,3,0.7630671090644635,11.8
14884,668.0,1,120.6,120.6,0.0,1,Lost,3,0.764241899977522,11.8
16196,488.0,1,93.3,93.3,0.0,1,Lost,3,0.7649757742220311,11.8
17818,737.0,1,130.18,130.18,0.0,1,Lost,3,0.7639839966503861,11.8
12894,574.0,1,157.35,157.35,0.0,1,Lost,3,0.7632514925544067,11.8
15161,387.0,1,119.92,119.92,0.0,1,Lost,3,0.7642601988585248,11.8
15731,553.0,1,125.3,125.3,0.0,1,Lost,3,0.7641153955626248,11.8
17401,540.0,1,114.85,114.85,0.0,1,Lost,3,0.7643966021985582,11.8
17328,672.0,1,104.7,104.7,0.0,1,Lost,3,0.7646695138170201,11.8
17583,559.0,1,135.95,135.95,0.0,1,Lost,3,0.7638285683415433,11.8
15056,519.0,1,133.45,133.45,0.0,1,Lost,3,0.7638959203096153,11.8
13071,611.0,1,129.22,129.22,0.0,1,Lost,3,0.7640098496128598,11.8
15642,729.0,1,105.78,105.78,0.0,1,Lost,3,0.7646404853519264,11.8
17260,410.0,1,120.95,120.95,0.0,1,Lost,3,0.764232481052947,11.8
13084,491.0,1,122.4,122.4,0.0,1,Lost,3,0.7641934570220013,11.8
13076,457.0,1,135.4,135.4,0.0,1,Lost,3,0.763843386913227,11.8
16876,403.0,1,136.01,136.01,0.0,1,Lost,3,0.7638269517312283,11.8
16865,401.0,1,130.95,130.95,0.0,1,Lost,3,0.763963259005577,11.8
13490,653.0,1,154.25,154.25,0.0,1,Lost,3,0.7633351478569697,11.8
17318,724.0,1,164.28,164.28,0.0,1,Lost,3,0.7630644087172942,11.8
17316,419.0,1,124.45,124.45,0.0,1,Lost,3,0.7641382774960799,11.8
14814,580.0,1,160.46,160.46,0.0,1,Lost,3,0.7631675469015298,11.8
17592,738.0,1,148.3,148.3,0.0,1,Lost,3,0.7634956549198095,11.8
15324,700.0,1,140.22,140.22,0.0,1,Lost,3,0.7637135004887784,11.8
16068,593.0,1,122.93,122.93,0.0,1,Lost,3,0.76417919195135,11.8
17395,507.0,1,97.5,97.5,0.0,1,Lost,3,0.7648629735747051,11.8
16630,406.0,1,106.8,106.8,0.0,1,Lost,3,0.7646130673035875,11.8
16651,586.0,1,136.2,136.2,0.0,1,Lost,3,0.7638218324147997,11.8
16645,735.0,1,160.39,160.39,0.0,1,Lost,3,0.7631694365793299,11.8
14207,687.0,1,157.8,157.8,0.0,1,Lost,3,0.7632393473474881,11.8
14366,524.0,1,136.0,136.0,0.0,1,Lost,3,0.7638272211668117,11.8
12467,422.0,1,132.8,132.8,0.0,1,Lost,3,0.7639134296473736,11.8
15742,618.0,1,156.87,156.87,0.0,1,Lost,3,0.7632644469680798,11.8
13714,464.0,1,161.35,161.35,0.0,1,Lost,3,0.7631435200914798,11.8
17751,420.0,1,157.86,157.86,0.0,1,Lost,3,0.7632377279540941,11.8
12992,724.0,1,93.35,93.35,0.0,1,Lost,3,0.764974431577693,11.8
17149,450.0,1,143.1,143.1,0.0,1,Lost,3,0.7636358684603792,11.8
17784,549.0,1,112.86,112.86,0.0,1,Lost,3,0.7644501262588721,11.8
17605,589.0,1,160.75,160.75,0.0,1,Lost,3,0.76315971812558,11.8
13968,422.0,1,123.66,123.66,0.0,1,Lost,3,0.7641595428583188,11.8
16896,554.0,1,103.95,103.95,0.0,1,Lost,3,0.7646896710151028,11.8
15317,676.0,1,129.75,129.75,0.0,1,Lost,3,0.763995576865159,11.8
15305,554.0,1,93.6,93.6,0.0,1,Lost,3,0.7649677182762981,11.8
13586,540.0,1,131.53,131.53,0.0,1,Lost,3,0.7639476376105402,11.8
16973,385.0,1,127.0,127.0,0.0,1,Lost,3,0.7640696270921087,11.8
14574,732.0,1,143.7,143.7,0.0,1,Lost,3,0.7636196929046165,11.8
14571,424.0,1,161.65,161.65,0.0,1,Lost,3,0.7631354207879404,11.8
16886,455.0,1,134.0,134.0,0.0,1,Lost,3,0.7638811040153597,11.8
13903,399.0,1,165.45,165.45,0.0,1,Lost,3,0.7630328130788946,11.8
15285,407.0,1,94.92,94.92,0.0,1,Lost,3,0.7649322698425467,11.8
14516,515.0,1,163.92,163.92,0.0,1,Lost,3,0.7630741298677943,11.8
15868,582.0,1,94.53,94.53,0.0,1,Lost,3,0.7649427436288738,11.8
17275,382.0,1,114.52,114.52,0.0,1,Lost,3,0.7644054786296519,11.8
16371,448.0,1,157.2,157.2,0.0,1,Lost,3,0.7632555408612078,11.8
14509,533.0,1,110.95,110.95,0.0,1,Lost,3,0.7645014906853148,11.8
16397,627.0,1,127.88,127.88,0.0,1,Lost,3,0.7640459327669438,11.8
12661,435.0,1,162.0,162.0,0.0,1,Lost,3,0.7631259713590861,11.8
16410,733.0,1,130.32,130.32,0.0,1,Lost,3,0.7639802262631663,11.8
17304,533.0,1,111.5,111.5,0.0,1,Lost,3,0.7644867006764873,11.8
16064,724.0,1,111.0,111.0,0.0,1,Lost,3,0.7645001461656156,11.8
14999,592.0,1,129.48,129.48,0.0,1,Lost,3,0.7640028479621156,11.8
15892,668.0,1,128.2,128.2,0.0,1,Lost,3,0.7640373162409282,11.8
13119,668.0,1,134.9,134.9,0.0,1,Lost,3,0.7638568577846271,11.8
16396,475.0,1,137.8,137.8,0.0,1,Lost,3,0.7637787193410395,11.8
16925,539.0,1,125.65,125.65,0.0,1,Lost,3,0.7641059731439968,11.8
16082,669.0,1,106.75,106.75,0.0,1,Lost,3,0.7646144113770925,11.8
17280,437.0,1,118.86,118.86,0.0,1,Lost,3,0.7642887216258505,11.8
13125,523.0,1,158.57,158.57,0.0,1,Lost,3,0.7632185645521319,11.8
15875,645.0,1,111.72,111.72,0.0,1,Lost,3,0.7644807844930017,11.8
17657,429.0,1,126.0,126.0,0.0,1,Lost,3,0.7640965504651887,11.8
13912,423.0,1,124.95,124.95,0.0,1,Lost,3,0.7641248177210702,11.8
13907,691.0,1,136.8,136.8,0.0,1,Lost,3,0.7638056656491492,11.8
12959,483.0,1,150.95,150.95,0.0,1,Lost,3,0.7634241778622036,11.8
12954,638.0,1,162.45,162.45,0.0,1,Lost,3,0.7631138217114378,11.8
14668,444.0,1,111.63,111.63,0.0,1,Lost,3,0.764483204762311,11.8
16237,436.0,1,136.65,136.65,0.0,1,Lost,3,0.7638097074122261,11.8
15431,502.0,1,153.24,153.24,0.0,1,Lost,3,0.7633623988889768,11.8
14874,534.0,1,116.18,116.18,0.0,1,Lost,3,0.7643608251462636,11.8
12969,602.0,1,122.45,122.45,0.0,1,Lost,3,0.7641921112861079,11.8
12964,436.0,1,132.24,132.24,0.0,1,Lost,3,0.7639285138958234,11.8
13702,445.0,1,135.18,135.18,0.0,1,Lost,3,0.7638493141620454,11.8
13701,446.0,1,161.0,161.0,0.0,1,Lost,3,0.7631529690375493,11.8
15474,595.0,1,163.1,163.1,0.0,1,Lost,3,0.7630962714617466,11.8
15486,526.0,1,102.0,102.0,0.0,1,Lost,3,0.7647420741360834,11.8
15496,630.0,1,146.14,146.14,0.0,1,Lost,3,0.7635539044374063,11.8
16559,396.0,1,185.2,185.2,0.0,1,Lost,3,0.7624990296077354,11.9
16562,476.0,1,223.86,223.86,0.0,1,Lost,3,0.7614517710878579,11.9
14928,627.0,1,223.91,223.91,0.0,1,Lost,3,0.7614504145895435,11.9
14941,578.0,1,182.1,182.1,0.0,1,Lost,3,0.7625828680880157,11.9
14892,690.0,1,202.35,202.35,0.0,1,Lost,3,0.7620348452592056,11.9
14945,413.0,1,179.4,179.4,0.0,1,Lost,3,0.7626558720919453,11.9
16002,624.0,1,169.21,169.21,0.0,1,Lost,3,0.7629312552924269,11.9
14278,409.0,1,205.83,205.83,0.0,1,Lost,3,0.7619405789735839,11.9
16599,385.0,1,172.8,172.8,0.0,1,Lost,3,0.7628342612217467,11.9
17261,509.0,1,230.44,230.44,0.0,1,Lost,3,0.7612732103915724,11.9
16388,653.0,1,186.05,186.05,0.0,1,Lost,3,0.7624760380767945,11.9
13671,394.0,1,194.95,194.95,0.0,1,Lost,3,0.7622352112105112,11.9
15295,653.0,1,217.24,217.24,0.0,1,Lost,3,0.7616313246827722,11.9
17151,734.0,1,231.9,231.9,0.0,1,Lost,3,0.761233578106646,11.9
15294,410.0,1,233.35,233.35,0.0,1,Lost,3,0.7611942128064124,11.9
13944,652.0,1,200.43,200.43,0.0,1,Lost,3,0.7620868432544146,11.9
13547,407.0,1,175.53,175.53,0.0,1,Lost,3,0.7627604841971408,11.9
16408,590.0,1,231.93,231.93,0.0,1,Lost,3,0.76123276369728,11.9
13063,480.0,1,188.4,188.4,0.0,1,Lost,3,0.7624124652816066,11.9
16822,685.0,1,181.39,181.39,0.0,1,Lost,3,0.7626020669356691,11.9
17586,618.0,1,167.4,167.4,0.0,1,Lost,3,0.7629801472266925,11.9
14017,570.0,1,229.75,229.75,0.0,1,Lost,3,0.7612919391466312,11.9
17575,666.0,1,171.7,171.7,0.0,1,Lost,3,0.7628639837590075,11.9
17587,627.0,1,181.66,181.66,0.0,1,Lost,3,0.7625947660914274,11.9
14521,490.0,1,199.45,199.45,0.0,1,Lost,3,0.7621133808851542,11.9
13114,730.0,1,234.38,234.38,0.0,1,Lost,3,0.761166247163465,11.9
15647,414.0,1,169.0,169.0,0.0,1,Lost,3,0.7629369281937441,11.9
16901,728.0,1,204.26,204.26,0.0,1,Lost,3,0.7619831103326519,11.9
16090,623.0,1,205.91,205.91,0.0,1,Lost,3,0.7619384116306642,11.9
14003,732.0,1,209.41,209.41,0.0,1,Lost,3,0.7618435770976681,11.9
13088,416.0,1,236.11,236.11,0.0,1,Lost,3,0.7611192706866236,11.9
14376,682.0,1,215.46,215.46,0.0,1,Lost,3,0.7616795876014053,11.9
15688,418.0,1,190.57,190.57,0.0,1,Lost,3,0.762353751491452,11.9
16299,476.0,1,193.65,193.65,0.0,1,Lost,3,0.7622703986441528,11.9
15072,478.0,1,187.52,187.52,0.0,1,Lost,3,0.7624362726362174,11.9
17215,463.0,1,186.15,186.15,0.0,1,Lost,3,0.7624733330900599,11.9
14445,455.0,1,221.65,221.65,0.0,1,Lost,3,0.7615117230218585,11.9
14074,622.0,1,219.4,219.4,0.0,1,Lost,3,0.7615727494268113,11.9
14811,386.0,1,170.5,170.5,0.0,1,Lost,3,0.7628964054172875,11.9
15336,401.0,1,240.5,240.5,0.0,1,Lost,3,0.7610000360287139,11.9
12799,528.0,1,219.35,219.35,0.0,1,Lost,3,0.7615741054472983,11.9
14728,412.0,1,190.58,190.58,0.0,1,Lost,3,0.7623534808978752,11.9
13608,540.0,1,236.2,236.2,0.0,1,Lost,3,0.7611168266501852,11.9
13609,592.0,1,167.35,167.35,0.0,1,Lost,3,0.7629814977339479,11.9
16760,429.0,1,228.0,228.0,0.0,1,Lost,3,0.7613394350892649,11.9
14106,736.0,1,214.8,214.8,0.0,1,Lost,3,0.7616974811344521,11.9
14458,380.0,1,237.42,237.42,0.0,1,Lost,3,0.7610836946858512,11.9
16490,435.0,1,205.41,205.41,0.0,1,Lost,3,0.7619519573013306,11.9
16640,397.0,1,179.4,179.4,0.0,1,Lost,3,0.7626558720919453,11.9
16622,543.0,1,225.4,225.4,0.0,1,Lost,3,0.7614099885088524,11.9
16540,413.0,1,226.7,226.7,0.0,1,Lost,3,0.7613747135893546,11.9
15515,386.0,1,171.81,171.81,0.0,1,Lost,3,0.7628610116208019,11.9
16312,431.0,1,171.15,171.15,0.0,1,Lost,3,0.7628788440649621,11.9
13852,610.0,1,187.35,187.35,0.0,1,Lost,3,0.7624408715949881,11.9
17559,512.0,1,167.62,167.62,0.0,1,Lost,3,0.7629742049317512,11.9
14992,441.0,1,210.5,210.5,0.0,1,Lost,3,0.7618140376120721,11.9
17803,391.0,1,184.66,184.66,0.0,1,Lost,3,0.7625136351961227,11.9
12470,689.0,1,211.95,211.95,0.0,1,Lost,3,0.7617747380629203,11.9
14361,578.0,1,214.71,214.71,0.0,1,Lost,3,0.7616999210901585,11.9
14330,623.0,1,200.63,200.63,0.0,1,Lost,3,0.7620814271612323,11.9
12768,450.0,1,168.69,168.69,0.0,1,Lost,3,0.7629453023056278,11.9
12934,736.0,1,181.65,181.65,0.0,1,Lost,3,0.7625950364958234,11.9
14812,598.0,1,185.8,185.8,0.0,1,Lost,3,0.7624828004508435,11.9
14468,733.0,1,204.24,204.24,0.0,1,Lost,3,0.7619836520996984,11.9
16280,724.0,1,238.05,238.05,0.0,1,Lost,3,0.7610665843223956,11.9
16740,394.0,1,236.81,236.81,0.0,1,Lost,3,0.7611002610620979,11.9
14131,648.0,1,187.87,187.87,0.0,1,Lost,3,0.7624268039986982,11.9
16731,647.0,1,174.05,174.05,0.0,1,Lost,3,0.762800482495197,11.9
13195,413.0,1,172.38,172.38,0.0,1,Lost,3,0.7628456101298441,11.9
14405,386.0,1,195.0,195.0,0.0,1,Lost,3,0.7622338577761147,11.9
16046,561.0,1,235.78,235.78,0.0,1,Lost,3,0.7611282320067739,11.9
13454,640.0,1,219.87,219.87,0.0,1,Lost,3,0.7615600025752826,11.9
16277,733.0,1,188.69,188.69,0.0,1,Lost,3,0.7624046193163243,11.9
16285,645.0,1,176.9,176.9,0.0,1,Lost,3,0.7627234546040326,11.9
16346,384.0,1,224.51,224.51,0.0,1,Lost,3,0.7614341361965976,11.9
15273,599.0,1,228.96,228.96,0.0,1,Lost,3,0.761313380975526,11.9
13290,437.0,1,208.63,208.63,0.0,1,Lost,3,0.7618647138993183,11.9
17136,661.0,1,231.68,231.68,0.0,1,Lost,3,0.7612395503837408,11.9
15112,610.0,1,209.4,209.4,0.0,1,Lost,3,0.7618438480904653,11.9
17798,581.0,1,183.09,183.09,0.0,1,Lost,3,0.7625560960789459,11.9
16937,498.0,1,202.1,202.1,0.0,1,Lost,3,0.7620416162740574,11.9
15954,588.0,1,190.75,190.75,0.0,1,Lost,3,0.7623488807746241,11.9
17271,735.0,1,210.39,210.39,0.0,1,Lost,3,0.7618170187753232,11.9
14674,508.0,1,173.66,173.66,0.0,1,Lost,3,0.7628110218136588,11.9
12416,656.0,1,202.56,202.56,0.0,1,Lost,3,0.7620291575043338,11.9
12392,590.0,1,234.75,234.75,0.0,1,Lost,3,0.7611562007042559,11.9
12400,413.0,1,205.25,205.25,0.0,1,Lost,3,0.7619562918040164,11.9
15490,429.0,1,217.6,217.6,0.0,1,Lost,3,0.7616215628267202,11.9
13387,416.0,1,189.44,189.44,0.0,1,Lost,3,0.7623843271997209,11.9
16673,678.0,1,188.83,188.83,0.0,1,Lost,3,0.7624008315451126,11.9
12927,394.0,1,197.31,197.31,0.0,1,Lost,3,0.7621713233273341,11.9
17840,443.0,1,185.72,185.72,0.0,1,Lost,3,0.7624849643825435,11.9
15788,508.0,1,221.83,221.83,0.0,1,Lost,3,0.7615068404460358,11.9
14858,505.0,1,180.75,180.75,0.0,1,Lost,3,0.76261937202287,11.9
13007,579.0,1,175.25,175.25,0.0,1,Lost,3,0.7627680517991212,11.9
14718,409.0,1,226.42,226.42,0.0,1,Lost,3,0.7613823115668769,11.9
15931,427.0,1,239.9,239.9,0.0,1,Lost,3,0.761016334745509,11.9
15558,638.0,1,214.13,214.13,0.0,1,Lost,3,0.7617156448373645,11.9
14843,436.0,1,211.8,211.8,0.0,1,Lost,3,0.7617788037401754,11.9
13423,428.0,1,217.03,217.03,0.0,1,Lost,3,0.761637018971968,11.9
16051,681.0,1,188.44,188.44,0.0,1,Lost,3,0.7624113830901023,11.9
17093,592.0,1,235.88,235.88,0.0,1,Lost,3,0.7611255164795724,11.9
17872,381.0,1,235.87,235.87,0.0,1,Lost,3,0.7611257880332456,11.9
14982,571.0,1,237.78,237.78,0.0,1,Lost,3,0.7610739174382442,11.9
17074,562.0,1,203.05,203.05,0.0,1,Lost,3,0.7620158857127214,11.9
13766,494.0,1,190.35,190.35,0.0,1,Lost,3,0.7623597044964895,11.9
14879,684.0,1,185.06,185.06,0.0,1,Lost,3,0.7625028163011476,11.9
17778,661.0,1,197.7,197.7,0.0,1,Lost,3,0.762160764446913,11.9
17055,445.0,1,239.55,239.55,0.0,1,Lost,3,0.7610258419781947,11.9
14635,453.0,1,215.22,215.22,0.0,1,Lost,3,0.7616860944475087,11.9
14983,688.0,1,183.2,183.2,0.0,1,Lost,3,0.762553121282949,11.9
17066,725.0,1,228.34,228.34,0.0,1,Lost,3,0.7613302078139494,11.9
16741,624.0,1,173.06,173.06,0.0,1,Lost,3,0.7628272355196648,11.9
14153,482.0,1,233.4,233.4,0.0,1,Lost,3,0.7611928553028282,11.9
16035,559.0,1,217.73,217.73,0.0,1,Lost,3,0.7616180376445387,11.9
13009,672.0,1,234.0,234.0,0.0,1,Lost,3,0.7611765648467448,11.9
12858,382.0,1,177.92,177.92,0.0,1,Lost,3,0.7626958825402429,11.9
12848,675.0,1,208.0,208.0,0.0,1,Lost,3,0.7618817849899701,11.9
15166,467.0,1,167.16,167.16,0.0,1,Lost,3,0.76298662961314,11.9
17868,385.0,1,234.65,234.65,0.0,1,Lost,3,0.7611589159920981,11.9
13056,550.0,1,209.48,209.48,0.0,1,Lost,3,0.7618416801421531,11.9
13789,387.0,1,239.46,239.46,0.0,1,Lost,3,0.7610282866532349,11.9
16267,590.0,1,186.66,186.66,0.0,1,Lost,3,0.7624595373278144,11.9
17036,382.0,1,176.9,176.9,0.0,1,Lost,3,0.7627234546040326,11.9
14602,655.0,1,205.36,205.36,0.0,1,Lost,3,0.7619533118392495,11.9
17743,447.0,1,229.2,229.2,0.0,1,Lost,3,0.7613068671420151,11.9
15209,729.0,1,178.98,178.98,0.0,1,Lost,3,0.7626672268805429,11.9
14596,626.0,1,229.47,229.47,0.0,1,Lost,3,0.7612995389334531,11.9
15487,679.0,1,231.32,231.32,0.0,1,Lost,3,0.7612493229796414,11.9
12887,383.0,1,222.4,222.4,0.0,1,Lost,3,0.7614913785030046,11.9
14677,592.0,1,184.91,184.91,0.0,1,Lost,3,0.7625068734265306,11.9
13757,674.0,1,195.55,195.55,0.0,1,Lost,3,0.7622189696478897,11.9
17108,663.0,1,174.95,174.95,0.0,1,Lost,3,0.762776159759536,11.9
17112,502.0,1,205.17,205.17,0.0,1,Lost,3,0.7619584590350087,11.9
12914,400.0,1,223.98,223.98,0.0,1,Lost,3,0.7614485154830041,11.9
13691,395.0,1,212.78,212.78,0.0,1,Lost,3,0.7617522404534495,11.9
17087,737.0,1,221.53,221.53,0.0,1,Lost,3,0.7615149780342655,11.9
13724,636.0,1,213.01,213.01,0.0,1,Lost,3,0.7617460059177643,11.9
13746,413.0,1,176.69,176.69,0.0,1,Lost,3,0.7627291309314318,11.9
17355,385.0,1,285.11,285.11,0.0,1,Lost,3,0.7597860915173358,12.0
14433,465.0,1,289.6,289.6,0.0,1,Lost,3,0.7596636746419088,12.0
17009,550.0,1,242.06,242.06,0.0,1,Lost,3,0.7609576557967791,12.0
14402,651.0,1,285.6,285.6,0.0,1,Lost,3,0.7597727340649649,12.0
16508,629.0,1,248.8,248.8,0.0,1,Lost,3,0.7607744922256957,12.0
14749,479.0,1,310.15,310.15,0.0,1,Lost,3,0.7591028483874356,12.0
14783,658.0,1,307.3,307.3,0.0,1,Lost,3,0.7591806805416684,12.0
12771,485.0,1,282.3,282.3,0.0,1,Lost,3,0.7598626826093513,12.0
16649,519.0,1,306.58,306.58,0.0,1,Lost,3,0.7592003406846778,12.0
13847,719.0,1,310.72,310.72,0.0,1,Lost,3,0.7590872798960812,12.0
13128,630.0,1,263.5,263.5,0.0,1,Lost,3,0.7603746771899963,12.0
16074,389.0,1,265.25,265.25,0.0,1,Lost,3,0.7603270496919259,12.0
15231,620.0,1,250.26,250.26,0.0,1,Lost,3,0.7607348031680413,12.0
13400,582.0,1,310.83,310.83,0.0,1,Lost,3,0.7590842753713203,12.0
14927,396.0,1,308.2,308.2,0.0,1,Lost,3,0.7591561038217192,12.0
12487,730.0,1,285.3,285.3,0.0,1,Lost,3,0.7597809121573176,12.0
16615,625.0,1,291.5,291.5,0.0,1,Lost,3,0.7596118595603024,12.0
16543,591.0,1,292.21,292.21,0.0,1,Lost,3,0.7595924951227259,12.0
17558,392.0,1,259.17,259.17,0.0,1,Lost,3,0.7604924933655735,12.0
15338,676.0,1,283.43,283.43,0.0,1,Lost,3,0.759831884640878,12.0
12595,504.0,1,299.02,299.02,0.0,1,Lost,3,0.7594067060123096,12.0
13905,732.0,1,312.65,312.65,0.0,1,Lost,3,0.7590345604308668,12.0
17264,423.0,1,279.59,279.59,0.0,1,Lost,3,0.7599365322160937,12.0
14777,403.0,1,307.56,307.56,0.0,1,Lost,3,0.7591735807762422,12.0
14774,528.0,1,241.45,241.45,0.0,1,Lost,3,0.7609742281677966,12.0
13943,577.0,1,246.54,246.54,0.0,1,Lost,3,0.7608359198111246,12.0
15893,481.0,1,305.28,305.28,0.0,1,Lost,3,0.759235835389207,12.0
15293,665.0,1,247.5,247.5,0.0,1,Lost,3,0.7608098279988363,12.0
13674,432.0,1,240.68,240.68,0.0,1,Lost,3,0.7609951462649958,12.0
16908,721.0,1,252.59,252.59,0.0,1,Lost,3,0.7606714544325517,12.0
14325,569.0,1,245.48,245.48,0.0,1,Lost,3,0.7608647272534214,12.0
14274,685.0,1,256.6,256.6,0.0,1,Lost,3,0.7605624024419867,12.0
15778,430.0,1,307.95,307.95,0.0,1,Lost,3,0.7591629308601411,12.0
14281,407.0,1,245.15,245.15,0.0,1,Lost,3,0.7608736951224166,12.0
17441,731.0,1,293.35,293.35,0.0,1,Lost,3,0.7595614006969215,12.0
13511,676.0,1,282.76,282.76,0.0,1,Lost,3,0.7598501457092524,12.0
14526,388.0,1,262.4,262.4,0.0,1,Lost,3,0.7604046111566706,12.0
17688,393.0,1,304.2,304.2,0.0,1,Lost,3,0.7592653205803763,12.0
16334,491.0,1,277.48,277.48,0.0,1,Lost,3,0.7599940205977564,12.0
16328,562.0,1,310.83,310.83,0.0,1,Lost,3,0.7590842753713203,12.0
16962,409.0,1,251.04,251.04,0.0,1,Lost,3,0.7607135975751455,12.0
17626,602.0,1,254.0,254.0,0.0,1,Lost,3,0.7606331133490448,12.0
16845,617.0,1,253.88,253.88,0.0,1,Lost,3,0.7606363765838539,12.0
15302,729.0,1,308.0,308.0,0.0,1,Lost,3,0.7591615654630269,12.0
14797,506.0,1,300.31,300.31,0.0,1,Lost,3,0.7593715014320771,12.0
12746,540.0,1,254.55,254.55,0.0,1,Lost,3,0.7606181564660808,12.0
13087,725.0,1,313.64,313.64,0.0,1,Lost,3,0.7590075147483211,12.0
14791,606.0,1,303.63,303.63,0.0,1,Lost,3,0.7592808812148049,12.0
16439,721.0,1,310.7,310.7,0.0,1,Lost,3,0.7590878261705621,12.0
17627,478.0,1,296.36,296.36,0.0,1,Lost,3,0.7594792872933515,12.0
15242,421.0,1,302.04,302.04,0.0,1,Lost,3,0.7593242835642882,12.0
12751,444.0,1,268.27,268.27,0.0,1,Lost,3,0.7602448429934171,12.0
12655,423.0,1,261.35,261.35,0.0,1,Lost,3,0.7604331820992601,12.0
16733,529.0,1,259.68,259.68,0.0,1,Lost,3,0.7604786186955538,12.0
14694,616.0,1,244.31,244.31,0.0,1,Lost,3,0.7608965213846823,12.0
17210,392.0,1,253.37,253.37,0.0,1,Lost,3,0.7606502449916641,12.0
16252,382.0,1,295.09,295.09,0.0,1,Lost,3,0.7595139354847024,12.0
17207,651.0,1,303.22,303.22,0.0,1,Lost,3,0.7592920735270814,12.0
15536,408.0,1,259.09,259.09,0.0,1,Lost,3,0.7604946697344417,12.0
17077,577.0,1,306.0,306.0,0.0,1,Lost,3,0.7592161772250655,12.0
14614,385.0,1,295.13,295.13,0.0,1,Lost,3,0.7595128442551092,12.0
13383,543.0,1,305.28,305.28,0.0,1,Lost,3,0.759235835389207,12.0
17072,624.0,1,282.05,282.05,0.0,1,Lost,3,0.7598694959542568,12.0
15928,655.0,1,293.53,293.53,0.0,1,Lost,3,0.7595564907994855,12.0
15391,583.0,1,289.87,289.87,0.0,1,Lost,3,0.7596563119115315,12.0
13445,625.0,1,241.9,241.9,0.0,1,Lost,3,0.7609620027244367,12.0
14848,404.0,1,310.56,310.56,0.0,1,Lost,3,0.7590916500682543,12.0
17057,595.0,1,294.74,294.74,0.0,1,Lost,3,0.7595234835993042,12.0
15188,724.0,1,310.43,310.43,0.0,1,Lost,3,0.7590952007932976,12.0
14392,431.0,1,266.4,266.4,0.0,1,Lost,3,0.7602957480924006,12.0
13796,498.0,1,289.7,289.7,0.0,1,Lost,3,0.7596609477227108,12.0
17710,423.0,1,293.5,293.5,0.0,1,Lost,3,0.7595573091204834,12.0
15718,539.0,1,293.79,293.79,0.0,1,Lost,3,0.7595493986044377,12.0
12563,408.0,1,249.24,249.24,0.0,1,Lost,3,0.7607625316149805,12.0
15697,689.0,1,246.75,246.75,0.0,1,Lost,3,0.7608302123939459,12.0
13036,684.0,1,307.1,307.1,0.0,1,Lost,3,0.7591861418024394,12.0
17721,658.0,1,307.21,307.21,0.0,1,Lost,3,0.7591831381194802,12.0
13251,401.0,1,252.68,252.68,0.0,1,Lost,3,0.760669007255113,12.0
12892,396.0,1,263.38,263.38,0.0,1,Lost,3,0.7603779428380938,12.0
13289,723.0,1,307.95,307.95,0.0,1,Lost,3,0.7591629308601411,12.0
15162,730.0,1,312.9,312.9,0.0,1,Lost,3,0.7590277309085763,12.0
13625,596.0,1,301.26,301.26,0.0,1,Lost,3,0.7593455733285537,12.0
14654,737.0,1,246.86,246.86,0.0,1,Lost,3,0.7608272227572017,12.0
14192,387.0,1,293.74,293.74,0.0,1,Lost,3,0.7595507624992041,12.0
13628,675.0,1,310.14,310.14,0.0,1,Lost,3,0.7591031215127325,12.0
13326,431.0,1,281.76,281.76,0.0,1,Lost,3,0.7598773992686966,12.0
15772,417.0,1,280.88,280.88,0.0,1,Lost,3,0.7599013806509805,12.0
15964,662.0,1,272.96,272.96,0.0,1,Lost,3,0.7601171393604484,12.0
13315,688.0,1,310.26,310.26,0.0,1,Lost,3,0.7590998439952181,12.0
13683,457.0,1,258.6,258.6,0.0,1,Lost,3,0.7605079996981331,12.0
16579,425.0,1,295.05,295.05,0.0,1,Lost,3,0.7595150267109116,12.0
15962,448.0,1,295.83,295.83,0.0,1,Lost,3,0.7594937471894923,12.0
13331,401.0,1,262.4,262.4,0.0,1,Lost,3,0.7604046111566706,12.0
14269,438.0,1,295.73,295.73,0.0,1,Lost,3,0.7594964754051675,12.0
14263,422.0,1,322.93,322.93,0.0,1,Lost,3,0.7587536215098472,12.1
12698,589.0,1,339.75,339.75,0.0,1,Lost,3,0.7582934713757601,12.1
17471,474.0,1,321.65,321.65,0.0,1,Lost,3,0.7587886144048064,12.1
17435,410.0,1,331.35,331.35,0.0,1,Lost,3,0.7585233475823737,12.1
15979,602.0,1,329.22,329.22,0.0,1,Lost,3,0.7585816139293671,12.1
12900,421.0,1,340.33,340.33,0.0,1,Lost,3,0.7582775934700936,12.1
15735,420.0,1,327.68,327.68,0.0,1,Lost,3,0.7586237348012453,12.1
15726,389.0,1,321.91,321.91,0.0,1,Lost,3,0.7587815067532322,12.1
16044,434.0,1,340.84,340.84,0.0,1,Lost,3,0.758263631276319,12.1
14203,396.0,1,339.34,339.34,0.0,1,Lost,3,0.7583046949838601,12.1
15770,612.0,1,321.45,321.45,0.0,1,Lost,3,0.7587940817318841,12.1
17821,405.0,1,334.62,334.62,0.0,1,Lost,3,0.7584338777773088,12.1
15982,604.0,1,324.51,324.51,0.0,1,Lost,3,0.758710422380614,12.1
16195,722.0,1,323.25,323.25,0.0,1,Lost,3,0.7587448727451269,12.1
17833,722.0,1,342.36,342.36,0.0,1,Lost,3,0.7582220152049796,12.1
12869,681.0,1,337.67,337.67,0.0,1,Lost,3,0.758350406987374,12.1
14832,629.0,1,322.69,322.69,0.0,1,Lost,3,0.7587601829413813,12.1
16683,533.0,1,320.25,320.25,0.0,1,Lost,3,0.7588268839191835,12.1
12850,445.0,1,330.0,330.0,0.0,1,Lost,3,0.7585602780695909,12.1
14630,483.0,1,338.65,338.65,0.0,1,Lost,3,0.758323582693473,12.1
12529,527.0,1,316.48,316.48,0.0,1,Lost,3,0.7589299176583605,12.1
13025,731.0,1,323.39,323.39,0.0,1,Lost,3,0.7587410450925178,12.1
15085,729.0,1,347.54,347.54,0.0,1,Lost,3,0.7580801553660738,12.1
12807,382.0,1,330.35,330.35,0.0,1,Lost,3,0.7585507038685579,12.1
14137,695.0,1,332.7,332.7,0.0,1,Lost,3,0.7584864132447993,12.1
14724,589.0,1,345.25,345.25,0.0,1,Lost,3,0.758142876452944,12.1
14070,684.0,1,326.55,326.55,0.0,1,Lost,3,0.7586546384873633,12.1
14094,439.0,1,335.22,335.22,0.0,1,Lost,3,0.7584174588466622,12.1
12780,598.0,1,337.4,337.4,0.0,1,Lost,3,0.7583577969976135,12.1
12460,455.0,1,326.65,326.65,0.0,1,Lost,3,0.7586519037567006,12.1
13843,380.0,1,319.75,319.75,0.0,1,Lost,3,0.7588405505990589,12.1
14991,429.0,1,314.67,314.67,0.0,1,Lost,3,0.7589793741120021,12.1
14989,661.0,1,342.4,342.4,0.0,1,Lost,3,0.7582209199793118,12.1
12760,455.0,1,347.8,347.8,0.0,1,Lost,3,0.7580730334945986,12.1
13498,729.0,1,327.38,327.38,0.0,1,Lost,3,0.7586319395827436,12.1
17296,729.0,1,338.13,338.13,0.0,1,Lost,3,0.7583378162449047,12.1
13111,718.0,1,321.88,321.88,0.0,1,Lost,3,0.7587823268741661,12.1
13981,415.0,1,331.14,331.14,0.0,1,Lost,3,0.7585290925777212,12.1
13942,534.0,1,320.0,320.0,0.0,1,Lost,3,0.7588337173251637,12.1
13661,602.0,1,325.24,325.24,0.0,1,Lost,3,0.7586904615075929,12.1
13660,399.0,1,314.59,314.59,0.0,1,Lost,3,0.7589815598728135,12.1
15818,587.0,1,340.5,340.5,0.0,1,Lost,3,0.7582729394665424,12.1
12946,436.0,1,324.45,324.45,0.0,1,Lost,3,0.7587120629502346,12.1
17121,402.0,1,314.74,314.74,0.0,1,Lost,3,0.7589774615601953,12.1
15616,437.0,1,317.11,317.11,0.0,1,Lost,3,0.7589127019091039,12.1
17439,655.0,1,325.74,325.74,0.0,1,Lost,3,0.7586767890269929,12.1
12411,409.0,1,346.9,346.9,0.0,1,Lost,3,0.7580976855184581,12.1
17488,640.0,1,336.5,336.5,0.0,1,Lost,3,0.7583824292529394,12.1
15940,310.0,1,35.8,35.8,0.0,1,Lost,4,0.7665162970094207,17.2
16659,188.0,1,39.12,39.12,0.0,1,Lost,4,0.76642753988003,17.2
16162,251.0,1,37.4,37.4,0.0,1,Lost,4,0.766473525417394,17.2
17102,261.0,1,25.5,25.5,0.0,1,Lost,4,0.766791508704893,17.2
16257,176.0,1,46.95,46.95,0.0,1,Lost,4,0.7662181191849528,17.2
15178,259.0,1,40.5,40.5,0.0,1,Lost,4,0.7663906399553323,17.2
17378,373.0,1,10.95,10.95,0.0,1,Lost,4,0.7671798938065019,17.2
18115,697.0,1,9.7,9.7,0.0,1,Lost,4,0.7672132392004526,17.2
16093,106.0,1,17.0,17.0,0.0,1,Lost,4,0.7670184550838135,17.2
16738,297.0,1,3.75,3.75,0.0,1,Lost,4,0.7673719176661912,17.2
13120,238.0,1,30.6,30.6,0.0,1,Lost,4,0.7666552670578269,17.2
15753,304.0,1,79.2,79.2,0.0,1,Lost,4,0.7653541878712805,17.3
17117,287.0,1,116.2,116.2,0.0,1,Lost,4,0.7643602871167977,17.3
14721,378.0,1,115.77,115.77,0.0,1,Lost,4,0.7643718545630481,17.3
17844,106.0,1,51.56,51.56,0.0,1,Lost,4,0.7660947594017898,17.3
18195,386.0,1,101.16,101.16,0.0,1,Lost,4,0.76476464529807,17.3
16247,169.0,1,114.56,114.56,0.0,1,Lost,4,0.764404402710932,17.3
17752,358.0,1,80.64,80.64,0.0,1,Lost,4,0.7653155607488775,17.3
13011,371.0,1,101.1,101.1,0.0,1,Lost,4,0.7647662574665487,17.3
14632,262.0,1,114.56,114.56,0.0,1,Lost,4,0.764404402710932,17.3
15843,303.0,1,118.95,118.95,0.0,1,Lost,4,0.7642862999741776,17.3
15541,113.0,1,85.13,85.13,0.0,1,Lost,4,0.7651950909318781,17.3
14351,164.0,1,51.0,51.0,0.0,1,Lost,4,0.7661097469506942,17.3
12506,232.0,1,73.5,73.5,0.0,1,Lost,4,0.7655070436314004,17.3
15083,256.0,1,88.2,88.2,0.0,1,Lost,4,0.7651126960306576,17.3
13254,375.0,1,51.41,51.41,0.0,1,Lost,4,0.7660987739892355,17.3
15397,289.0,1,94.0,94.0,0.0,1,Lost,4,0.7649569767177563,17.3
14589,371.0,1,79.5,79.5,0.0,1,Lost,4,0.7653461409176778,17.3
16610,218.0,1,75.66,75.66,0.0,1,Lost,4,0.7654491274725392,17.3
12929,311.0,1,117.85,117.85,0.0,1,Lost,4,0.764315896759037,17.3
18148,646.0,1,114.1,114.1,0.0,1,Lost,4,0.7644167755709866,17.3
17174,217.0,1,59.9,59.9,0.0,1,Lost,4,0.7658714730273107,17.3
15668,217.0,1,76.32,76.32,0.0,1,Lost,4,0.7654314288896876,17.3
15049,273.0,1,121.17,121.17,0.0,1,Lost,4,0.7642265604528871,17.3
17933,631.0,1,114.69,114.69,0.0,1,Lost,4,0.7644009059516174,17.3
17944,422.0,1,75.41,75.41,0.0,1,Lost,4,0.7654558312393294,17.3
14155,265.0,1,118.75,118.75,0.0,1,Lost,4,0.7642916813989726,17.3
13841,252.0,1,85.0,85.0,0.0,1,Lost,4,0.765198579524614,17.3
18124,471.0,1,111.53,111.53,0.0,1,Lost,4,0.764485893930249,17.3
15395,325.0,1,107.45,107.45,0.0,1,Lost,4,0.7645955938646246,17.3
12548,165.0,1,95.2,95.2,0.0,1,Lost,4,0.7649247500017186,17.3
18103,548.0,1,105.8,105.8,0.0,1,Lost,4,0.7646399477643842,17.3
14576,371.0,1,70.8,70.8,0.0,1,Lost,4,0.7655794248786222,17.3
13218,126.0,1,62.64,62.64,0.0,1,Lost,4,0.7657980828650869,17.3
14760,296.0,1,89.2,89.2,0.0,1,Lost,4,0.7650858529747219,17.3
18012,722.0,1,115.3,115.3,0.0,1,Lost,4,0.7643844976014991,17.3
14143,133.0,1,115.8,115.8,0.0,1,Lost,4,0.7643710475446607,17.3
18000,563.0,1,124.25,124.25,0.0,1,Lost,4,0.7641436612574055,17.3
14165,275.0,1,122.54,122.54,0.0,1,Lost,4,0.7641896889481181,17.3
14371,294.0,1,100.5,100.5,0.0,1,Lost,4,0.7647823787305634,17.3
15899,368.0,1,112.5,112.5,0.0,1,Lost,4,0.7644598081047812,17.3
14373,357.0,1,76.55,76.55,0.0,1,Lost,4,0.7654252609841,17.3
14542,185.0,1,103.25,103.25,0.0,1,Lost,4,0.7647084833215579,17.3
16349,290.0,1,53.5,53.5,0.0,1,Lost,4,0.7660428330913426,17.3
17263,207.0,1,63.44,63.44,0.0,1,Lost,4,0.7657766520687702,17.3
16339,283.0,1,109.95,109.95,0.0,1,Lost,4,0.764528379963858,17.3
14393,217.0,1,67.95,67.95,0.0,1,Lost,4,0.7656558104880912,17.3
16697,240.0,1,112.75,112.75,0.0,1,Lost,4,0.7644530846298901,17.3
17654,276.0,1,117.55,117.55,0.0,1,Lost,4,0.7643239681633527,17.3
16963,186.0,1,110.55,110.55,0.0,1,Lost,4,0.7645122466516908,17.3
13391,203.0,1,59.8,59.8,0.0,1,Lost,4,0.7658741511983533,17.3
17747,112.0,1,71.4,71.4,0.0,1,Lost,4,0.7655633414966948,17.3
15537,162.0,1,110.92,110.92,0.0,1,Lost,4,0.7645022973945848,17.3
14689,208.0,1,112.8,112.8,0.0,1,Lost,4,0.7644517399189779,17.3
15313,109.0,1,52.0,52.0,0.0,1,Lost,4,0.7660829830024802,17.3
14453,189.0,1,119.93,119.93,0.0,1,Lost,4,0.7642599297644497,17.3
14457,310.0,1,113.64,113.64,0.0,1,Lost,4,0.7644291479815006,17.3
16849,186.0,1,124.57,124.57,0.0,1,Lost,4,0.764135047198504,17.3
15583,375.0,1,107.86,107.86,0.0,1,Lost,4,0.7645845716952506,17.3
16073,296.0,1,122.4,122.4,0.0,1,Lost,4,0.7641934570220013,17.3
14090,324.0,1,76.32,76.32,0.0,1,Lost,4,0.7654314288896876,17.3
14076,128.0,1,122.47,122.47,0.0,1,Lost,4,0.7641915729902637,17.3
13185,267.0,1,71.4,71.4,0.0,1,Lost,4,0.7655633414966948,17.3
17775,254.0,1,56.4,56.4,0.0,1,Lost,4,0.7659651963577122,17.3
18256,387.0,1,110.7,110.7,0.0,1,Lost,4,0.764508213204137,17.3
13132,261.0,1,77.3,77.3,0.0,1,Lost,4,0.7654051474670912,17.3
14117,143.0,1,90.0,90.0,0.0,1,Lost,4,0.7650643769994899,17.3
14259,141.0,1,120.0,120.0,0.0,1,Lost,4,0.7642580460999756,17.3
13682,186.0,1,59.5,59.5,0.0,1,Lost,4,0.7658821855838598,17.3
12401,302.0,1,84.3,84.3,0.0,1,Lost,4,0.7652173636371645,17.3
16581,182.0,1,105.84,105.84,0.0,1,Lost,4,0.7646388725867497,17.3
15438,130.0,1,156.58,156.58,0.0,1,Lost,4,0.7632722733560456,17.4
17128,334.0,1,157.09,157.09,0.0,1,Lost,4,0.7632585095891791,17.4
18175,675.0,1,176.1,176.1,0.0,1,Lost,4,0.7627450782077698,17.4
13716,268.0,1,138.28,138.28,0.0,1,Lost,4,0.7637657843589396,17.4
17535,279.0,1,164.4,164.4,0.0,1,Lost,4,0.7630611682726808,17.4
16055,220.0,1,134.8,134.8,0.0,1,Lost,4,0.7638595518952033,17.4
15388,269.0,1,140.54,140.54,0.0,1,Lost,4,0.763704875577487,17.4
15226,310.0,1,154.41,154.41,0.0,1,Lost,4,0.7633308306631329,17.4
17517,308.0,1,153.94,153.94,0.0,1,Lost,4,0.763343512265404,17.4
13273,112.0,1,138.98,138.98,0.0,1,Lost,4,0.7637469199664565,17.4
17909,736.0,1,132.55,132.55,0.0,1,Lost,4,0.763920163769149,17.4
12509,283.0,1,176.5,176.5,0.0,1,Lost,4,0.7627342665756102,17.4
15705,200.0,1,143.1,143.1,0.0,1,Lost,4,0.7636358684603792,17.4
12814,101.0,1,125.92,125.92,0.0,1,Lost,4,0.7640987042432831,17.4
13826,175.0,1,189.5,189.5,0.0,1,Lost,4,0.7623827037788596,17.4
16097,239.0,1,185.05,185.05,0.0,1,Lost,4,0.7625030867776578,17.4
17953,539.0,1,160.82,160.82,0.0,1,Lost,4,0.763157828394301,17.4
17959,591.0,1,140.75,140.75,0.0,1,Lost,4,0.7636992153612966,17.4
13568,172.0,1,192.85,192.85,0.0,1,Lost,4,0.762292050668287,17.4
17938,419.0,1,144.29,144.29,0.0,1,Lost,4,0.7636037861961605,17.4
16113,182.0,1,161.38,161.38,0.0,1,Lost,4,0.7631427101697206,17.4
17698,260.0,1,154.95,154.95,0.0,1,Lost,4,0.7633162597327844,17.4
17234,182.0,1,149.89,149.89,0.0,1,Lost,4,0.7634527704740685,17.4
13072,266.0,1,177.15,177.15,0.0,1,Lost,4,0.7627166969494376,17.4
15663,105.0,1,138.14,138.14,0.0,1,Lost,4,0.7637695571125869,17.4
15263,106.0,1,156.51,156.51,0.0,1,Lost,4,0.7632741624574333,17.4
16114,170.0,1,135.75,135.75,0.0,1,Lost,4,0.7638339569873845,17.4
17922,542.0,1,170.4,170.4,0.0,1,Lost,4,0.7628991070842369,17.4
16665,361.0,1,135.4,135.4,0.0,1,Lost,4,0.763843386913227,17.4
17859,304.0,1,148.21,148.21,0.0,1,Lost,4,0.763498082180785,17.4
17875,687.0,1,167.1,167.1,0.0,1,Lost,4,0.7629882501906552,17.4
15412,170.0,1,190.53,190.53,0.0,1,Lost,4,0.7623548338636386,17.4
13618,173.0,1,177.34,177.34,0.0,1,Lost,4,0.7627115610432736,17.4
15733,282.0,1,162.3,162.3,0.0,1,Lost,4,0.7631178716417344,17.4
15746,133.0,1,196.88,196.88,0.0,1,Lost,4,0.7621829647960454,17.4
12902,264.0,1,138.68,138.68,0.0,1,Lost,4,0.763755004833489,17.4
17826,373.0,1,134.59,134.59,0.0,1,Lost,4,0.7638652094582944,17.4
16144,246.0,1,175.2,175.2,0.0,1,Lost,4,0.7627694031391159,17.4
17820,373.0,1,183.56,183.56,0.0,1,Lost,4,0.7625433854075215,17.4
17118,317.0,1,157.02,157.02,0.0,1,Lost,4,0.7632603987663354,17.4
18166,623.0,1,175.5,175.5,0.0,1,Lost,4,0.762761295019594,17.4
16617,235.0,1,151.85,151.85,0.0,1,Lost,4,0.7633998992440876,17.4
14340,218.0,1,134.7,134.7,0.0,1,Lost,4,0.763862245984545,17.4
14889,335.0,1,135.9,135.9,0.0,1,Lost,4,0.7638299155109665,17.4
16598,285.0,1,145.05,145.05,0.0,1,Lost,4,0.7635832951097304,17.4
12968,111.0,1,135.95,135.95,0.0,1,Lost,4,0.7638285683415433,17.4
14705,198.0,1,179.0,179.0,0.0,1,Lost,4,0.7626666861848089,17.4
15509,379.0,1,166.51,166.51,0.0,1,Lost,4,0.7630041854626901,17.4
17455,203.0,1,131.7,131.7,0.0,1,Lost,4,0.763943058790406,17.4
14280,196.0,1,134.04,134.04,0.0,1,Lost,4,0.763880026441629,17.4
18234,551.0,1,179.6,179.6,0.0,1,Lost,4,0.7626504649182407,17.4
18046,649.0,1,189.63,189.63,0.0,1,Lost,4,0.7623791863408031,17.4
16483,191.0,1,139.35,139.35,0.0,1,Lost,4,0.7637369483672714,17.4
18028,582.0,1,192.05,192.05,0.0,1,Lost,4,0.7623137013352964,17.4
14066,266.0,1,152.55,152.55,0.0,1,Lost,4,0.7633810146857727,17.4
18054,392.0,1,176.5,176.5,0.0,1,Lost,4,0.7627342665756102,17.4
14041,265.0,1,141.41,141.41,0.0,1,Lost,4,0.7636814255008508,17.4
15909,173.0,1,191.94,191.94,0.0,1,Lost,4,0.7623166781958772,17.4
14100,137.0,1,194.9,194.9,0.0,1,Lost,4,0.7622365646396068,17.4
14059,266.0,1,183.6,183.6,0.0,1,Lost,4,0.7625423036266171,17.4
15578,161.0,1,127.1,127.1,0.0,1,Lost,4,0.7640669346379877,17.4
18038,555.0,1,149.41,149.41,0.0,1,Lost,4,0.7634657172873408,17.4
12641,114.0,1,185.9,185.9,0.0,1,Lost,4,0.7624800955171305,17.4
14046,283.0,1,154.99,154.99,0.0,1,Lost,4,0.7633151803799899,17.4
17574,242.0,1,185.65,185.65,0.0,1,Lost,4,0.7624868578116466,17.4
18020,543.0,1,190.48,190.48,0.0,1,Lost,4,0.7623561868241004,17.4
12551,357.0,1,168.0,168.0,0.0,1,Lost,4,0.7629639407258745,17.4
13229,225.0,1,160.95,160.95,0.0,1,Lost,4,0.7631543188657662,17.4
14772,111.0,1,139.26,139.26,0.0,1,Lost,4,0.7637393739181506,17.4
15895,149.0,1,179.17,179.17,0.0,1,Lost,4,0.7626620902368118,17.4
17971,547.0,1,161.94,161.94,0.0,1,Lost,4,0.7631275912796378,17.4
17982,680.0,1,138.18,138.18,0.0,1,Lost,4,0.76376847918722,17.4
12686,371.0,1,178.28,178.28,0.0,1,Lost,4,0.7626861506966807,17.4
17983,394.0,1,171.71,171.71,0.0,1,Lost,4,0.762863713565686,17.4
14536,259.0,1,171.8,171.8,0.0,1,Lost,4,0.762861281816245,17.4
16517,276.0,1,162.7,162.7,0.0,1,Lost,4,0.7631070717215062,17.4
14185,330.0,1,197.65,197.65,0.0,1,Lost,4,0.7621621181675533,17.4
18107,441.0,1,167.13,167.13,0.0,1,Lost,4,0.7629874399028524,17.4
14368,319.0,1,155.0,155.0,0.0,1,Lost,4,0.7633149105412605,17.4
14438,305.0,1,131.9,131.9,0.0,1,Lost,4,0.7639376718646153,17.4
16403,311.0,1,177.5,177.5,0.0,1,Lost,4,0.7627072360102652,17.4
17367,237.0,1,168.4,168.4,0.0,1,Lost,4,0.7629531359676354,17.4
15234,276.0,1,197.0,197.0,0.0,1,Lost,4,0.7621797160535168,17.4
15316,326.0,1,165.0,165.0,0.0,1,Lost,4,0.7630449655912669,17.4
14795,165.0,1,131.45,131.45,0.0,1,Lost,4,0.7639497923281906,17.4
15292,200.0,1,180.94,180.94,0.0,1,Lost,4,0.7626142346657854,17.4
17283,378.0,1,188.46,188.46,0.0,1,Lost,4,0.7624108419930777,17.4
14406,118.0,1,156.75,156.75,0.0,1,Lost,4,0.7632676854950932,17.4
15007,158.0,1,156.91,156.91,0.0,1,Lost,4,0.7632633674522838,17.4
15902,379.0,1,145.01,145.01,0.0,1,Lost,4,0.7635843736185344,17.4
14386,296.0,1,142.4,142.4,0.0,1,Lost,4,0.7636547389761099,17.4
12565,288.0,1,145.92,145.92,0.0,1,Lost,4,0.7635598367028744,17.4
12622,231.0,1,180.1,180.1,0.0,1,Lost,4,0.7626369466127699,17.4
17331,123.0,1,175.2,175.2,0.0,1,Lost,4,0.7627694031391159,17.4
17394,218.0,1,203.87,203.87,0.0,1,Lost,4,0.7619936746371059,17.5
13284,330.0,1,201.19,201.19,0.0,1,Lost,4,0.7620662616491665,17.5
18153,658.0,1,246.22,246.22,0.0,1,Lost,4,0.7608446166482052,17.5
17910,725.0,1,261.7,261.7,0.0,1,Lost,4,0.7604236587110313,17.5
18157,570.0,1,215.35,215.35,0.0,1,Lost,4,0.7616825699210225,17.5
18197,575.0,1,230.1,230.1,0.0,1,Lost,4,0.7612824391795366,17.5
15517,232.0,1,267.03,267.03,0.0,1,Lost,4,0.7602785990728992,17.5
15528,253.0,1,229.33,229.33,0.0,1,Lost,4,0.761303338764579,17.5
13411,106.0,1,213.55,213.55,0.0,1,Lost,4,0.7617313678716132,17.5
13645,119.0,1,252.1,252.1,0.0,1,Lost,4,0.7606847776532992,17.5
15119,245.0,1,266.4,266.4,0.0,1,Lost,4,0.7602957480924006,17.5
15118,133.0,1,244.8,244.8,0.0,1,Lost,4,0.7608832062466202,17.5
12961,378.0,1,211.99,211.99,0.0,1,Lost,4,0.7617736538742648,17.5
13621,116.0,1,213.85,213.85,0.0,1,Lost,4,0.7617232353567059,17.5
17060,265.0,1,234.24,234.24,0.0,1,Lost,4,0.7611700484507868,17.5
15408,263.0,1,267.18,267.18,0.0,1,Lost,4,0.7602745158492051,17.5
15404,375.0,1,257.06,257.06,0.0,1,Lost,4,0.7605498905607387,17.5
17670,227.0,1,205.7,205.7,0.0,1,Lost,4,0.7619441008768928,17.5
13227,201.0,1,257.7,257.7,0.0,1,Lost,4,0.7605324819807721,17.5
17693,136.0,1,200.47,200.47,0.0,1,Lost,4,0.7620857600425623,17.5
12736,332.0,1,234.0,234.0,0.0,1,Lost,4,0.7611765648467448,17.5
13570,242.0,1,239.49,239.49,0.0,1,Lost,4,0.761027471763461,17.5
15052,318.0,1,215.78,215.78,0.0,1,Lost,4,0.7616709116167113,17.5
17915,550.0,1,242.13,242.13,0.0,1,Lost,4,0.7609557539988803,17.5
16976,266.0,1,251.52,251.52,0.0,1,Lost,4,0.760700547339229,17.5
15866,100.0,1,230.53,230.53,0.0,1,Lost,4,0.7612707674361183,17.5
18131,631.0,1,222.96,222.96,0.0,1,Lost,4,0.7614761871517033,17.5
18132,503.0,1,226.9,226.9,0.0,1,Lost,4,0.7613692863608555,17.5
17902,546.0,1,216.4,216.4,0.0,1,Lost,4,0.7616541012788086,17.5
15923,372.0,1,254.16,254.16,0.0,1,Lost,4,0.7606287623218747,17.5
15820,319.0,1,206.98,206.98,0.0,1,Lost,4,0.7619094221149082,17.5
16302,126.0,1,233.22,233.22,0.0,1,Lost,4,0.7611977422909472,17.5
14586,276.0,1,237.36,237.36,0.0,1,Lost,4,0.761085324200431,17.5
15925,193.0,1,207.15,207.15,0.0,1,Lost,4,0.7619048160805695,17.5
15703,264.0,1,211.5,211.5,0.0,1,Lost,4,0.7617869349516193,17.5
13099,98.0,1,207.36,207.36,0.0,1,Lost,4,0.7618991261888672,17.5
16965,226.0,1,201.19,201.19,0.0,1,Lost,4,0.7620662616491665,17.5
12732,179.0,1,236.26,236.26,0.0,1,Lost,4,0.7611151972830279,17.5
17993,616.0,1,235.19,235.19,0.0,1,Lost,4,0.7611442531861025,17.5
17303,360.0,1,250.04,250.04,0.0,1,Lost,4,0.7607407839997922,17.5
12574,315.0,1,218.45,218.45,0.0,1,Lost,4,0.7615985129101437,17.5
15020,378.0,1,203.42,203.42,0.0,1,Lost,4,0.7620058638185024,17.5
15019,266.0,1,266.0,266.0,0.0,1,Lost,4,0.760306635922756,17.5
17619,311.0,1,218.52,218.52,0.0,1,Lost,4,0.7615966146134828,17.5
16338,156.0,1,214.8,214.8,0.0,1,Lost,4,0.7616974811344521,17.5
17992,388.0,1,254.13,254.13,0.0,1,Lost,4,0.7606295781435976,17.5
14523,107.0,1,241.09,241.09,0.0,1,Lost,4,0.7609840082136975,17.5
17981,410.0,1,239.12,239.12,0.0,1,Lost,4,0.7610375219374501,17.5
18007,392.0,1,220.32,220.32,0.0,1,Lost,4,0.7615477977043215,17.5
13973,286.0,1,264.7,264.7,0.0,1,Lost,4,0.7603420190326522,17.5
14476,256.0,1,215.7,215.7,0.0,1,Lost,4,0.76167308063323,17.5
14964,246.0,1,206.21,206.21,0.0,1,Lost,4,0.7619302839738862,17.5
12561,302.0,1,238.85,238.85,0.0,1,Lost,4,0.7610448556652031,17.5
15554,277.0,1,217.2,217.2,0.0,1,Lost,4,0.7616324093164909,17.5
15319,283.0,1,204.5,204.5,0.0,1,Lost,4,0.7619766090619539,17.5
16457,217.0,1,208.36,208.36,0.0,1,Lost,4,0.7618720301840429,17.5
16874,378.0,1,217.74,217.74,0.0,1,Lost,4,0.7616177664751952,17.5
14816,196.0,1,271.85,271.85,0.0,1,Lost,4,0.7601473676659342,17.5
14782,319.0,1,200.1,200.1,0.0,1,Lost,4,0.7620957796227619,17.5
15460,353.0,1,216.76,216.76,0.0,1,Lost,4,0.7616443400636087,17.5
18279,518.0,1,231.34,231.34,0.0,1,Lost,4,0.7612487800648495,17.5
15510,330.0,1,250.0,250.0,0.0,1,Lost,4,0.7607418714127364,17.5
15776,132.0,1,241.62,241.62,0.0,1,Lost,4,0.760969609717377,17.5
13678,151.0,1,232.6,232.6,0.0,1,Lost,4,0.7612145747246742,17.5
15457,261.0,1,237.07,237.07,0.0,1,Lost,4,0.7610932000800722,17.5
16587,231.0,1,225.15,225.15,0.0,1,Lost,4,0.7614167717367107,17.5
18254,580.0,1,267.9,267.9,0.0,1,Lost,4,0.7602549157126082,17.5
18238,514.0,1,270.92,270.92,0.0,1,Lost,4,0.7601726920766444,17.5
15495,378.0,1,246.5,246.5,0.0,1,Lost,4,0.7608370069276184,17.5
18266,433.0,1,251.1,251.1,0.0,1,Lost,4,0.7607119663223343,17.5
18267,672.0,1,269.37,269.37,0.0,1,Lost,4,0.7602148953604175,17.5
12351,374.0,1,300.93,300.93,0.0,1,Lost,4,0.7593545801492485,17.6
12350,309.0,1,334.4,334.4,0.0,1,Lost,4,0.7584398978613341,17.6
18253,642.0,1,317.88,317.88,0.0,1,Lost,4,0.7588916592985969,17.6
18206,552.0,1,314.66,314.66,0.0,1,Lost,4,0.7589796473328433,17.6
16582,112.0,1,313.62,313.62,0.0,1,Lost,4,0.7590080611462496,17.6
13216,267.0,1,333.74,333.74,0.0,1,Lost,4,0.7584579574999392,17.6
12614,277.0,1,315.6,315.6,0.0,1,Lost,4,0.7589539636498879,17.6
17569,331.0,1,344.14,344.14,0.0,1,Lost,4,0.7581732743921629,17.6
16850,333.0,1,332.41,332.41,0.0,1,Lost,4,0.7584943476123969,17.6
16429,105.0,1,284.55,284.55,0.0,1,Lost,4,0.7598013565552567,17.6
16425,301.0,1,302.7,302.7,0.0,1,Lost,4,0.7593062681435948,17.6
13494,311.0,1,316.26,316.26,0.0,1,Lost,4,0.7589359293096892,17.6
18070,668.0,1,314.1,314.1,0.0,1,Lost,4,0.7589949473626063,17.6
14012,277.0,1,328.8,328.8,0.0,1,Lost,4,0.758593101936821,17.6
17551,358.0,1,306.84,306.84,0.0,1,Lost,4,0.7591932413150166,17.6
14747,248.0,1,328.2,328.2,0.0,1,Lost,4,0.7586095127295127,17.6
13932,294.0,1,307.4,307.4,0.0,1,Lost,4,0.7591779498795712,17.6
16967,188.0,1,319.02,319.02,0.0,1,Lost,4,0.7588605030028748,17.6
12738,371.0,1,310.7,310.7,0.0,1,Lost,4,0.7590878261705621,17.6
16721,261.0,1,292.47,292.47,0.0,1,Lost,4,0.7595854036535306,17.6
15236,298.0,1,321.05,321.05,0.0,1,Lost,4,0.7588050161324462,17.6
15047,269.0,1,343.62,343.62,0.0,1,Lost,4,0.7581875139731746,17.6
12750,128.0,1,275.88,275.88,0.0,1,Lost,4,0.7600376074035589,17.6
17697,235.0,1,338.95,338.95,0.0,1,Lost,4,0.7583153707693798,17.6
17607,375.0,1,333.81,333.81,0.0,1,Lost,4,0.758456042127347,17.6
16063,259.0,1,335.32,335.32,0.0,1,Lost,4,0.7584147222842852,17.6
13121,268.0,1,283.73,283.73,0.0,1,Lost,4,0.759823707735291,17.6
16761,96.0,1,316.62,316.62,0.0,1,Lost,4,0.7589260920087985,17.6
16030,309.0,1,331.24,331.24,0.0,1,Lost,4,0.7585263568772707,17.6
15308,273.0,1,310.47,310.47,0.0,1,Lost,4,0.75909410826632,17.6
15609,183.0,1,298.48,298.48,0.0,1,Lost,4,0.7594214417685193,17.6
13990,212.0,1,311.3,311.3,0.0,1,Lost,4,0.7590714375683093,17.6
17927,721.0,1,294.0,294.0,0.0,1,Lost,4,0.7595436701886822,17.6
17120,232.0,1,307.46,307.46,0.0,1,Lost,4,0.7591763114721652,17.6
12852,294.0,1,311.55,311.55,0.0,1,Lost,4,0.7590646087594368,17.6
15204,356.0,1,316.58,316.58,0.0,1,Lost,4,0.7589271850557576,17.6
13751,287.0,1,296.25,296.25,0.0,1,Lost,4,0.7594822884527225,17.6
16194,374.0,1,308.6,308.6,0.0,1,Lost,4,0.7591451802854161,17.6
12881,275.0,1,298.0,298.0,0.0,1,Lost,4,0.7594345397008214,17.6
14622,184.0,1,320.58,320.58,0.0,1,Lost,4,0.7588178636210426,17.6
13667,148.0,1,305.02,305.02,0.0,1,Lost,4,0.7592429339013503,17.6
13708,270.0,1,296.88,296.88,0.0,1,Lost,4,0.7594650996481107,17.6
15130,169.0,1,330.11,330.11,0.0,1,Lost,4,0.7585572690628689,17.6
17124,184.0,1,298.89,298.89,0.0,1,Lost,4,0.7594102535655294,17.6
15942,133.0,1,337.44,337.44,0.0,1,Lost,4,0.7583567021909984,17.6
18186,722.0,1,329.58,329.58,0.0,1,Lost,4,0.758571766769197,17.6
18182,462.0,1,291.13,291.13,0.0,1,Lost,4,0.7596219504643429,17.6
18199,683.0,1,344.75,344.75,0.0,1,Lost,4,0.7581565695404175,17.6
13737,199.0,1,339.6,339.6,0.0,1,Lost,4,0.7582975776150329,17.6
14633,265.0,1,344.9,344.9,0.0,1,Lost,4,0.7581524616696116,17.6
12489,335.0,1,334.93,334.93,0.0,1,Lost,4,0.7584253947580966,17.6
14196,106.0,1,335.52,335.52,0.0,1,Lost,4,0.758409249096158,17.6
17907,640.0,1,291.76,291.76,0.0,1,Lost,4,0.7596047684815385,17.6
15087,281.0,1,306.94,306.94,0.0,1,Lost,4,0.7591905107501692,17.6
13060,253.0,1,307.53,307.53,0.0,1,Lost,4,0.7591743999872389,17.6
16297,268.0,1,301.9,301.9,0.0,1,Lost,4,0.759328104898755,17.6
12834,282.0,1,312.38,312.38,0.0,1,Lost,4,0.7590419361665518,17.6
15595,487.0,1,357.6,357.6,0.0,1,Lost,4,0.757804489640226,17.7
17617,558.0,1,395.33,395.33,0.0,1,Lost,4,0.7567687034211591,17.7
17598,380.0,1,409.98,409.98,0.0,1,Lost,4,0.7563657137187279,17.7
16492,540.0,1,385.56,385.56,0.0,1,Lost,4,0.7570372033779361,17.7
14072,666.0,1,390.85,390.85,0.0,1,Lost,4,0.756891848146509,17.7
16476,431.0,1,350.35,350.35,0.0,1,Lost,4,0.7580031768050712,17.7
15337,410.0,1,373.02,373.02,0.0,1,Lost,4,0.7573815336385985,17.7
13879,645.0,1,395.5,395.5,0.0,1,Lost,4,0.7567640296851357,17.7
14767,473.0,1,382.81,382.81,0.0,1,Lost,4,0.7571127427984464,17.7
13550,382.0,1,349.51,349.51,0.0,1,Lost,4,0.758026189936989,17.7
13896,625.0,1,388.55,388.55,0.0,1,Lost,4,0.756955053325512,17.7
14531,479.0,1,376.34,376.34,0.0,1,Lost,4,0.7572904035316347,17.7
15282,569.0,1,348.59,348.59,0.0,1,Lost,4,0.7580513930862259,17.7
13530,633.0,1,402.98,402.98,0.0,1,Lost,4,0.756558324972936,17.7
14545,673.0,1,349.25,349.25,0.0,1,Lost,4,0.7580333127472962,17.7
13143,584.0,1,405.1,405.1,0.0,1,Lost,4,0.7565000021831173,17.7
13197,609.0,1,373.01,373.01,0.0,1,Lost,4,0.7573818080917403,17.7
16857,442.0,1,352.8,352.8,0.0,1,Lost,4,0.7579360466604876,17.7
13966,434.0,1,390.86,390.86,0.0,1,Lost,4,0.7568915733170235,17.7
15029,619.0,1,365.1,365.1,0.0,1,Lost,4,0.7575988344253813,17.7
16920,410.0,1,355.45,355.45,0.0,1,Lost,4,0.7578634222365467,17.7
14018,644.0,1,367.15,367.15,0.0,1,Lost,4,0.7575426013386736,17.7
12973,413.0,1,385.55,385.55,0.0,1,Lost,4,0.7570374780956364,17.7
13181,380.0,1,359.69,359.69,0.0,1,Lost,4,0.7577471923207502,17.7
12608,404.0,1,415.79,415.79,0.0,1,Lost,4,0.7562057679408529,17.7
15477,649.0,1,368.4,368.4,0.0,1,Lost,4,0.7575083085182701,17.7
17568,632.0,1,382.79,382.79,0.0,1,Lost,4,0.7571132921176187,17.7
14294,406.0,1,375.34,375.34,0.0,1,Lost,4,0.7573178548066266,17.7
14252,380.0,1,350.99,350.99,0.0,1,Lost,4,0.7579856419902586,17.7
14268,470.0,1,354.85,354.85,0.0,1,Lost,4,0.7578798668007777,17.7
16783,436.0,1,391.95,391.95,0.0,1,Lost,4,0.7568616156387902,17.7
14200,616.0,1,379.2,379.2,0.0,1,Lost,4,0.7572118812391276,17.7
14197,410.0,1,390.05,390.05,0.0,1,Lost,4,0.7569138338220269,17.7
13062,190.0,1,346.98,346.98,0.0,1,Lost,4,0.7580954942967125,17.7
14706,618.0,1,390.69,390.69,0.0,1,Lost,4,0.7568962453895937,17.7
17012,724.0,1,384.16,384.16,0.0,1,Lost,4,0.7570756618035868,17.7
17717,420.0,1,376.92,376.92,0.0,1,Lost,4,0.7572744808253774,17.7
16304,694.0,1,381.66,381.66,0.0,1,Lost,4,0.757144327280193,17.7
12796,627.0,1,381.0,381.0,0.0,1,Lost,4,0.7571624527662002,17.7
15765,666.0,1,370.63,370.63,0.0,1,Lost,4,0.757447121937969,17.7
12899,413.0,1,366.4,366.4,0.0,1,Lost,4,0.7575631754480637,17.7
13765,652.0,1,352.821,352.821,0.0,1,Lost,4,0.7579354712044665,17.7
13640,610.0,1,405.0,405.0,0.0,1,Lost,4,0.7565027534710286,17.7
17748,526.0,1,358.15,358.15,0.0,1,Lost,4,0.757789412292275,17.7
12499,559.0,1,393.72,393.72,0.0,1,Lost,4,0.7568129634289613,17.7
12495,640.0,1,357.4,357.4,0.0,1,Lost,4,0.7578099721538779,17.7
16263,422.0,1,351.01,351.01,0.0,1,Lost,4,0.7579850940133599,17.7
13281,438.0,1,350.85,350.85,0.0,1,Lost,4,0.7579894778049013,17.7
13274,408.0,1,360.85,360.85,0.0,1,Lost,4,0.7577153869585262,17.7
17479,632.0,1,389.26,389.26,0.0,1,Lost,4,0.7569355433520216,17.7
16577,666.0,1,380.0,380.0,0.0,1,Lost,4,0.7571899138728051,17.7
15941,636.0,1,405.0,405.0,0.0,1,Lost,4,0.7565027534710286,17.7
14244,660.0,1,366.42,366.42,0.0,1,Lost,4,0.7575626268205534,17.7
15155,382.0,1,383.97,383.97,0.0,1,Lost,4,0.7570808808427312,17.7
12941,723.0,1,377.49,377.49,0.0,1,Lost,4,0.7572588319570295,17.7
17437,529.0,1,373.17,373.17,0.0,1,Lost,4,0.7573774168161507,17.7
15968,387.0,1,418.05,418.05,0.0,1,Lost,4,0.7561435322928346,17.7
14919,538.0,1,359.35,359.35,0.0,1,Lost,4,0.7577565140438053,17.7
12441,366.0,1,347.1,347.1,0.0,1,Lost,4,0.7580922074387535,17.7
17168,498.0,1,400.2,400.2,0.0,1,Lost,4,0.7566347904986098,17.7
14678,578.0,1,403.39,403.39,0.0,1,Lost,4,0.7565470463044836,17.7
16192,735.0,1,351.3,351.3,0.0,1,Lost,4,0.7579771482534171,17.7
17196,427.0,1,352.9,352.9,0.0,1,Lost,4,0.7579333063853804,17.7
13688,634.0,1,375.5,375.5,0.0,1,Lost,4,0.757313462744416,17.7
17116,647.0,1,389.78,389.78,0.0,1,Lost,4,0.7569212536828658,17.7
15966,450.0,1,426.53,426.53,0.0,1,Lost,4,0.7559099149713545,17.8
12443,731.0,1,485.31,485.31,0.0,1,Lost,4,0.7542864100653559,17.8
17106,388.0,1,491.23,491.23,0.0,1,Lost,4,0.7541224966101239,17.8
17104,423.0,1,474.03,474.03,0.0,1,Lost,4,0.7545985276578789,17.8
14328,437.0,1,445.05,445.05,0.0,1,Lost,4,0.7553991769022558,17.8
13738,395.0,1,440.93,440.93,0.0,1,Lost,4,0.7555128592890515,17.8
17103,721.0,1,424.3,424.3,0.0,1,Lost,4,0.755971364397597,17.8
16541,734.0,1,424.03,424.03,0.0,1,Lost,4,0.755978803751621,17.8
15217,562.0,1,426.24,426.24,0.0,1,Lost,4,0.7559179067449681,17.8
12459,604.0,1,454.36,454.36,0.0,1,Lost,4,0.7551421562014692,17.8
15387,491.0,1,468.65,468.65,0.0,1,Lost,4,0.7547472979920259,17.8
13412,619.0,1,487.35,487.35,0.0,1,Lost,4,0.7542299346956371,17.8
16635,406.0,1,473.0,473.0,0.0,1,Lost,4,0.7546270144233501,17.8
14979,734.0,1,439.46,439.46,0.0,1,Lost,4,0.7555534120717583,17.8
12983,597.0,1,490.08,490.08,0.0,1,Lost,4,0.7541543436728413,17.8
14846,426.0,1,437.4,437.4,0.0,1,Lost,4,0.7556102334848173,17.8
14118,428.0,1,458.45,458.45,0.0,1,Lost,4,0.7550291860960646,17.8
14123,732.0,1,436.18,436.18,0.0,1,Lost,4,0.7556438807877354,17.8
16069,417.0,1,457.7,457.7,0.0,1,Lost,4,0.7550499045216396,17.8
12554,448.0,1,468.5,468.5,0.0,1,Lost,4,0.7547514449912739,17.8
15915,401.0,1,429.21,429.21,0.0,1,Lost,4,0.7558360515761054,17.8
13574,410.0,1,421.25,421.25,0.0,1,Lost,4,0.7560553926127397,17.8
17687,420.0,1,432.68,432.68,0.0,1,Lost,4,0.7557403925391931,17.8
15613,609.0,1,433.72,433.72,0.0,1,Lost,4,0.7557117174558244,17.8
17842,601.0,1,430.69,430.69,0.0,1,Lost,4,0.7557952548581918,17.8
13624,387.0,1,462.08,462.08,0.0,1,Lost,4,0.7549288921863214,17.8
17729,595.0,1,438.65,438.65,0.0,1,Lost,4,0.7555757555381404,17.8
16870,468.0,1,450.16,450.16,0.0,1,Lost,4,0.7552581279798473,17.8
14042,724.0,1,431.98,431.98,0.0,1,Lost,4,0.7557596917933644,17.8
16481,681.0,1,453.38,453.38,0.0,1,Lost,4,0.7551692196042562,17.8
17178,730.0,1,436.71,436.71,0.0,1,Lost,4,0.7556292639018768,17.8
14575,487.0,1,460.71,460.71,0.0,1,Lost,4,0.7549667474156028,17.8
16095,455.0,1,447.05,447.05,0.0,1,Lost,4,0.7553439783919963,17.8
16137,679.0,1,422.7,422.7,0.0,1,Lost,4,0.7560154472167813,17.8
13086,382.0,1,439.33,439.33,0.0,1,Lost,4,0.755556998153268,17.8
15859,431.0,1,438.46,438.46,0.0,1,Lost,4,0.7555809963980997,17.8
13096,393.0,1,419.7,419.7,0.0,1,Lost,4,0.7560980879647683,17.8
17269,385.0,1,537.46,537.46,0.0,1,Lost,4,0.7528399434354959,17.9
16819,464.0,2,182.59,91.295,0.0,1,Lost,4,0.7522925508340722,17.9
14008,431.0,1,509.04,509.04,0.0,1,Lost,4,0.7536289276511315,17.9
14429,403.0,1,516.28,516.28,0.0,1,Lost,4,0.7534280948093046,17.9
16111,427.0,1,562.48,562.48,0.0,1,Lost,4,0.7521439452869183,17.9
14319,423.0,1,494.85,494.85,0.0,1,Lost,4,0.7540222294452295,17.9
16375,469.0,2,104.0,52.0,0.0,1,Lost,4,0.753355149471276,17.9
17257,435.0,2,192.73,96.365,0.0,1,Lost,4,0.7521552266412773,17.9
17665,492.0,1,563.1,563.1,0.0,1,Lost,4,0.7521266816563237,17.9
13977,410.0,1,519.81,519.81,0.0,1,Lost,4,0.7533301349984168,17.9
13553,674.0,1,517.8,517.8,0.0,1,Lost,4,0.7533859170228416,17.9
12819,457.0,1,540.52,540.52,0.0,1,Lost,4,0.7527548918614525,17.9
15138,393.0,1,502.52,502.52,0.0,1,Lost,4,0.7538096939190114,17.9
16695,561.0,2,193.15,96.575,0.0,1,Lost,4,0.752149537556188,17.9
12979,728.0,1,517.7,517.7,0.0,1,Lost,4,0.7533886920263472,17.9
17276,401.0,1,508.39,508.39,0.0,1,Lost,4,0.7536469528367369,17.9
15816,541.0,2,144.15,72.075,0.0,1,Lost,4,0.7528126732249129,17.9
17016,576.0,1,552.4,552.4,0.0,1,Lost,4,0.7524245053969224,17.9
16785,409.0,1,533.78,533.78,0.0,1,Lost,4,0.7529422016500339,17.9
15200,494.0,1,549.05,549.05,0.0,1,Lost,4,0.7525176999103049,17.9
15560,397.0,2,153.52,76.76,0.0,1,Lost,4,0.7526859576466117,17.9
12496,619.0,2,54.09,27.045,0.0,1,Lost,4,0.7540283781640386,17.9
17794,686.0,2,147.3,73.65,1.0,1,Lost,4,0.752158245817694,17.9
18137,550.0,2,145.99,72.995,0.0,1,Lost,4,0.752787793350786,17.9
13367,431.0,1,510.2,510.2,0.0,1,Lost,4,0.7535967574219236,17.9
17407,411.0,1,552.9,552.9,0.0,1,Lost,4,0.7524105937487318,17.9
17065,637.0,2,194.7,97.35,0.0,1,Lost,4,0.7521285413653241,17.9
13961,391.0,1,538.4,538.4,0.0,1,Lost,4,0.7528138185727439,17.9
14310,432.0,1,492.1,492.1,0.0,1,Lost,4,0.7540984017675595,17.9
12777,457.0,1,519.45,519.45,0.0,1,Lost,4,0.7533401264325623,17.9
17195,654.0,1,562.98,562.98,0.0,1,Lost,4,0.7521300230670956,17.9
12366,633.0,1,500.24,500.24,0.0,1,Lost,4,0.7538728855816897,17.9
13424,449.0,1,572.77,572.77,0.0,1,Lost,4,0.7518573203816056,18.0
12859,458.0,1,575.1,575.1,0.0,1,Lost,4,0.7517923880957409,18.0
17815,392.0,1,591.96,591.96,0.0,1,Lost,4,0.7513221956739227,18.0
17099,532.0,1,582.17,582.17,0.0,1,Lost,4,0.7515952921507126,18.0
16001,380.0,1,583.39,583.39,0.0,1,Lost,4,0.7515612706534869,18.0
17156,491.0,1,591.87,591.87,0.0,1,Lost,4,0.7513247071791933,18.0
15929,643.0,1,594.0,594.0,0.0,1,Lost,4,0.7512652636696345,18.0
16502,619.0,2,266.5,133.25,0.0,1,Lost,4,0.7511546371633486,18.0
14417,387.0,1,604.2,604.2,0.0,1,Lost,4,0.7509804728924523,18.0
15588,677.0,1,579.6,579.6,0.0,1,Lost,4,0.7516669501799731,18.0
14254,432.0,1,601.03,601.03,0.0,1,Lost,4,0.751069004735764,18.0
18021,509.0,2,227.06,113.53,2.0,1,Lost,4,0.7504616652217213,18.0
15001,393.0,2,230.86,115.43,0.0,1,Lost,4,0.7516383822180622,18.0
13179,618.0,1,572.31,572.31,0.0,1,Lost,4,0.7518701382859238,18.0
16964,732.0,2,207.85,103.925,0.0,1,Lost,4,0.7519503644222865,18.0
16100,462.0,1,582.64,582.64,0.0,1,Lost,4,0.7515821858777043,18.0
14742,434.0,1,579.85,579.85,0.0,1,Lost,4,0.7516599801623567,18.0
16922,572.0,1,611.08,611.08,0.0,1,Lost,4,0.7507882556786398,18.0
15631,641.0,1,596.67,596.67,0.0,1,Lost,4,0.7511907365508768,18.0
18047,380.0,2,342.69,171.345,0.0,1,Lost,4,0.7501183918289169,18.0
13646,399.0,2,326.25,163.125,0.0,1,Lost,4,0.7503422323373449,18.0
17766,380.0,2,299.61,149.805,0.0,1,Lost,4,0.7507046678221422,18.0
15995,413.0,1,696.19,696.19,0.0,1,Lost,4,0.7484022182731705,18.1
13556,428.0,2,200.82,100.41,6.0,1,Lost,4,0.7483522394181912,18.1
13237,387.0,1,643.0,643.0,0.0,1,Lost,4,0.7498951611825964,18.1
13622,695.0,1,658.95,658.95,0.0,1,Lost,4,0.7494480952718586,18.1
12699,417.0,1,638.11,638.11,0.0,1,Lost,4,0.7500321174893628,18.1
16534,641.0,1,635.9,635.9,0.0,1,Lost,4,0.7500939974899433,18.1
16646,448.0,1,678.8,678.8,0.0,1,Lost,4,0.7488909729318269,18.1
13864,386.0,1,662.4,662.4,0.0,1,Lost,4,0.749351324548056,18.1
13840,415.0,1,651.4,651.4,0.0,1,Lost,4,0.7496597821005158,18.1
13286,599.0,1,734.91,734.91,0.0,1,Lost,4,0.7473117070164826,18.2
12485,528.0,1,708.1,708.1,0.0,1,Lost,4,0.7480671176199375,18.2
12537,408.0,1,732.94,732.94,0.0,1,Lost,4,0.7473672656220667,18.2
13264,442.0,1,722.56,722.56,0.0,1,Lost,4,0.7476598723099301,18.2
13604,658.0,1,717.62,717.62,0.0,1,Lost,4,0.7477990494078849,18.2
12786,609.0,1,728.5,728.5,0.0,1,Lost,4,0.7474924543483298,18.2
16269,437.0,1,717.57,717.57,0.0,1,Lost,4,0.7478004578228697,18.2
12730,521.0,1,829.25,829.25,0.0,1,Lost,4,0.7446416445396954,18.3
12903,428.0,1,833.53,833.53,0.0,1,Lost,4,0.7445200710508348,18.3
16958,434.0,1,809.44,809.44,0.0,1,Lost,4,0.745203852659134,18.3
13612,632.0,1,818.29,818.29,0.0,1,Lost,4,0.7449527902170177,18.3
14617,402.0,2,190.47,95.235,13.0,1,Lost,4,0.7441405899355835,18.3
16273,647.0,2,336.04,168.02,7.0,1,Lost,4,0.7458753104178873,18.3
15190,433.0,1,834.44,834.44,0.0,1,Lost,4,0.7444942175814785,18.3
17161,443.0,1,856.01,856.01,0.0,1,Lost,4,0.7438809021969998,18.4
14612,414.0,1,877.7,877.7,0.0,1,Lost,4,0.7432632021807973,18.4
16453,530.0,2,251.71,125.855,17.0,1,Lost,4,0.7407773737100134,18.5
15354,602.0,3,284.4,94.8,0.0,1,Lost,4,0.7390050117800464,18.6
16381,395.0,2,258.7,129.35,22.0,1,Lost,4,0.7375127704780331,18.7
16911,635.0,2,255.25,127.625,25.0,1,Lost,4,0.7356493712830955,18.8
16373,381.0,2,309.49,154.745,29.0,1,Lost,4,0.732314423727553,18.9
14303,406.0,2,277.94,138.97,27.0,1,Lost,4,0.7340480739646092,18.9
15943,649.0,2,271.29,135.645,28.0,1,Lost,4,0.7335007818438848,18.9
12804,465.0,2,327.02,163.51,34.0,1,Lost,4,0.7288308997317537,19.1
15378,462.0,2,246.5,123.25,39.0,1,Lost,4,0.7267361755025477,19.2
13051,578.0,2,155.8,77.9,40.0,1,Lost,4,0.7273921384033125,19.2
14486,511.0,2,175.5,87.75,41.0,1,Lost,4,0.7264559420007031,19.2
14751,683.0,2,126.45,63.225,41.0,1,Lost,4,0.7271636063163412,19.2
13250,460.0,2,256.04,128.02,41.0,1,Lost,4,0.7252914796941906,19.3
14876,520.0,2,256.7,128.35,40.0,1,Lost,4,0.7259359305118047,19.3
12663,624.0,2,239.4,119.7,43.0,1,Lost,4,0.7242221402392246,19.3
14519,683.0,2,206.09,103.045,45.0,1,Lost,4,0.7233926610616107,19.4
13457,688.0,2,148.22,74.11,48.0,1,Lost,4,0.7222607940889275,19.4
14069,514.0,2,230.06,115.03,46.0,1,Lost,4,0.7223857531480777,19.4
17484,575.0,2,209.57,104.785,47.0,1,Lost,4,0.722025436397249,19.5
14363,401.0,2,227.47,113.735,49.0,1,Lost,4,0.7204430853209307,19.5
16437,380.0,2,301.25,150.625,48.0,1,Lost,4,0.7200247491948139,19.6
14464,567.0,2,111.0,55.5,59.0,1,Lost,4,0.7155054954824815,19.8
15086,564.0,2,218.53,109.265,60.0,1,Lost,4,0.7132410105283701,19.9
15779,462.0,2,124.08,62.04,69.0,1,Lost,4,0.70857576027572,20.1
16452,630.0,2,332.17,166.085,63.0,1,Lost,4,0.7095224109103415,20.1
15519,382.0,2,344.61,172.305,63.0,1,Lost,4,0.7093360804261969,20.1
14183,410.0,2,286.29,143.145,69.0,1,Lost,4,0.7061359499471893,20.2
16840,602.0,2,139.85,69.925,71.0,1,Lost,4,0.7069799849125383,20.2
13399,463.0,3,275.4,91.8,54.0,1,Lost,4,0.703463989985056,20.4
13129,451.0,2,233.25,116.625,77.0,1,Lost,4,0.7014612811233402,20.5
15662,660.0,2,283.73,141.865,77.0,1,Lost,4,0.7006925989280939,20.5
16487,576.0,2,209.4,104.7,81.0,1,Lost,4,0.6990671866874467,20.6
15459,416.0,2,202.83,101.415,80.0,1,Lost,4,0.6998580531064218,20.6
13676,538.0,2,243.9,121.95,80.0,1,Lost,4,0.6992308290718419,20.6
17689,387.0,2,317.08,158.54,85.0,1,Lost,4,0.6946387576206254,20.8
14835,528.0,2,297.0,148.5,88.0,1,Lost,4,0.6928550631109135,20.9
15682,598.0,2,318.24,159.12,88.0,1,Lost,4,0.6925265353921738,20.9
13834,576.0,2,324.19,162.095,92.0,1,Lost,4,0.6896291726335624,21.1
13909,422.0,2,286.6,143.3,98.0,1,Lost,4,0.6859836507018571,21.3
17916,628.0,2,43.87,21.935,104.0,1,Lost,4,0.6855372004541678,21.3
16585,593.0,2,341.59,170.795,101.0,1,Lost,4,0.6829925541549402,21.4
13861,428.0,2,273.26,136.63,101.0,1,Lost,4,0.6840665537515703,21.4
13825,621.0,2,255.59,127.795,108.0,1,Lost,4,0.6793560271812665,21.6
17292,471.0,2,271.75,135.875,107.0,1,Lost,4,0.6798156074663267,21.6
15591,582.0,3,217.9,72.63333333333334,91.0,1,Lost,4,0.6780922498360309,21.7
14610,395.0,2,24.35,12.175,118.0,1,Lost,4,0.6758507244933402,21.8
15401,451.0,2,216.95,108.475,116.0,1,Lost,4,0.6742219748866405,21.8
14990,611.0,2,305.42,152.71,118.0,1,Lost,4,0.6713605805731186,22.0
17326,407.0,2,321.95,160.975,121.0,1,Lost,4,0.6689167400284846,22.1
16089,385.0,2,271.44,135.72,122.0,1,Lost,4,0.6690020690184106,22.1
13616,567.0,2,288.1,144.05,122.0,1,Lost,4,0.668733955262295,22.1
14166,504.0,2,256.85,128.425,121.0,1,Lost,4,0.6699634952862934,22.1
17847,515.0,2,129.69,64.845,129.0,1,Lost,4,0.6661851498473549,22.2
13619,544.0,2,231.69,115.845,129.0,1,Lost,4,0.6645349498802955,22.3
14707,435.0,2,139.2,69.6,141.0,1,Lost,4,0.6572070514754424,22.7
14792,63.0,1,6.2,6.2,0.0,0,New / Occasional,5,0.7673065886040509,22.7
16691,417.0,2,178.83,89.415,143.0,1,Lost,4,0.655075135684673,22.8
17831,32.0,1,35.4,35.4,0.0,0,New / Occasional,5,0.7665269890561959,22.8
15744,77.0,1,34.8,34.8,0.0,0,New / Occasional,5,0.7665430264879234,22.8
13366,49.0,1,56.16,56.16,0.0,0,New / Occasional,5,0.7659716221457128,22.8
13938,34.0,1,71.66,71.66,0.0,0,New / Occasional,5,0.7655563717934502,22.8
13095,70.0,1,74.4,74.4,0.0,0,New / Occasional,5,0.7654829131041828,22.8
17628,80.0,1,75.75,75.75,0.0,0,New / Occasional,5,0.7654467140839624,22.8
17956,248.0,1,12.75,12.75,0.0,1,Lost,5,0.7671318705946525,22.8
16878,83.0,1,13.3,13.3,0.0,0,New / Occasional,5,0.767117195459536,22.8
13130,93.0,1,64.0,64.0,0.0,1,New / Occasional,5,0.7657616497014391,22.8
17906,246.0,1,72.9,72.9,0.0,1,Lost,5,0.7655231296926683,22.8
18032,333.0,1,73.5,73.5,0.0,1,Lost,5,0.7655070436314004,22.8
17620,59.0,1,81.44,81.44,0.0,0,New / Occasional,5,0.7652940993314656,22.8
13006,55.0,1,81.57,81.57,0.0,0,New / Occasional,5,0.765290611722617,22.8
16171,58.0,1,73.2,73.2,0.0,0,New / Occasional,5,0.7655150867577228,22.8
16953,29.0,1,20.8,20.8,0.0,0,New / Occasional,5,0.7669170157122769,22.8
15740,48.0,1,154.88,154.88,0.0,0,New / Occasional,5,0.7633181485920036,22.9
14652,76.0,1,114.18,114.18,0.0,0,New / Occasional,5,0.76441462380153,22.9
15937,63.0,1,145.35,145.35,0.0,0,New / Occasional,5,0.7635752061854295,22.9
17836,46.0,1,110.21,110.21,0.0,0,New / Occasional,5,0.7645213889558293,22.9
17939,159.0,1,99.14,99.14,0.0,1,Lost,5,0.7648189174299346,22.9
12756,86.0,1,112.08,112.08,0.0,0,New / Occasional,5,0.764471103243672,22.9
15348,71.0,1,158.04,158.04,0.0,0,New / Occasional,5,0.7632328697280698,22.9
14109,72.0,1,144.2,144.2,0.0,0,New / Occasional,5,0.763606212690981,22.9
14098,36.0,1,147.35,147.35,0.0,0,New / Occasional,5,0.7635212751407128,22.9
13193,60.0,1,117.88,117.88,0.0,0,New / Occasional,5,0.7643150896080902,22.9
14582,40.0,1,114.11,114.11,0.0,0,New / Occasional,5,0.764416506600548,22.9
13866,73.0,1,145.67,145.67,0.0,0,New / Occasional,5,0.7635665777889123,22.9
17899,158.0,1,155.8,155.8,0.0,1,Lost,5,0.7632933227552459,22.9
18086,273.0,1,101.34,101.34,0.0,1,Lost,5,0.7647598087467317,22.9
18076,379.0,1,151.49,151.49,0.0,1,Lost,5,0.7634096108976547,22.9
14974,36.0,1,114.39,114.39,0.0,0,New / Occasional,5,0.7644089753420161,22.9
13244,92.0,1,121.74,121.74,0.0,1,New / Occasional,5,0.7642112202381194,22.9
18113,368.0,1,152.64,152.64,0.0,1,Lost,5,0.7633785865956739,22.9
18120,213.0,1,111.15,111.15,0.0,1,Lost,5,0.7644961125746484,22.9
17148,51.0,1,124.88,124.88,0.0,0,New / Occasional,5,0.7641267021215372,22.9
14174,32.0,1,134.46,134.46,0.0,0,New / Occasional,5,0.7638687117123266,22.9
16516,29.0,1,101.7,101.7,0.0,0,New / Occasional,5,0.7647501354374959,22.9
17881,303.0,1,133.35,133.35,0.0,1,Lost,5,0.7638986141122835,22.9
17030,63.0,1,146.87,146.87,0.0,0,New / Occasional,5,0.7635342193658741,22.9
13697,38.0,1,151.3,151.3,0.0,0,New / Occasional,5,0.7634147363816853,22.9
17791,29.0,1,106.1,106.1,0.0,0,New / Occasional,5,0.7646318838492555,22.9
14642,58.0,1,96.12,96.12,0.0,0,New / Occasional,5,0.7649000407800759,22.9
17887,128.0,1,111.35,111.35,0.0,1,Lost,5,0.764490734378997,22.9
17079,77.0,1,118.8,118.8,0.0,0,New / Occasional,5,0.7642903360507398,22.9
17832,49.0,1,155.37,155.37,0.0,0,New / Occasional,5,0.763304926359069,22.9
17427,71.0,1,100.8,100.8,0.0,0,New / Occasional,5,0.7647743181941864,22.9
18138,294.0,1,152.65,152.65,0.0,1,Lost,5,0.7633783168068239,22.9
14661,26.0,1,107.95,107.95,0.0,0,New / Occasional,5,0.7645821521468487,22.9
17893,224.0,1,112.25,112.25,0.0,1,Lost,5,0.764466531446887,22.9
13279,77.0,1,137.75,137.75,0.0,0,New / Occasional,5,0.7637800667068743,22.9
18129,242.0,1,112.55,112.55,0.0,1,Lost,5,0.7644584634204258,22.9
14345,38.0,1,108.98,108.98,0.0,0,New / Occasional,5,0.7645544605340175,22.9
13364,70.0,1,134.96,134.96,0.0,0,New / Occasional,5,0.7638552413080887,22.9
18027,98.0,1,115.31,115.31,0.0,1,Lost,5,0.7643842286055672,22.9
13522,29.0,1,125.8,125.8,0.0,0,New / Occasional,5,0.7641019348849377,22.9
12602,58.0,1,153.12,153.12,0.0,0,New / Occasional,5,0.763365636491446,22.9
15017,33.0,1,125.58,125.58,0.0,0,New / Occasional,5,0.764107857648537,22.9
16959,86.0,1,117.35,117.35,0.0,0,New / Occasional,5,0.7643293489933474,22.9
13876,63.0,1,122.7,122.7,0.0,0,New / Occasional,5,0.7641853825269883,22.9
14073,31.0,1,151.04,151.04,0.0,0,New / Occasional,5,0.7634217500777626,22.9
13483,65.0,1,140.34,140.34,0.0,0,New / Occasional,5,0.7637102661725224,22.9
13170,26.0,1,116.01,116.01,0.0,0,New / Occasional,5,0.7643653983624142,22.9
13182,44.0,1,121.18,121.18,0.0,0,New / Occasional,5,0.7642262913322598,22.9
14027,60.0,1,104.82,104.82,0.0,0,New / Occasional,5,0.7646662885544048,22.9
18068,288.0,1,101.7,101.7,0.0,1,Lost,5,0.7647501354374959,22.9
14054,64.0,1,92.46,92.46,0.0,0,New / Occasional,5,0.7649983298524017,22.9
12659,29.0,1,91.68,91.68,0.0,0,New / Occasional,5,0.7650192730234175,22.9
16337,36.0,1,151.05,151.05,0.0,0,New / Occasional,5,0.7634214803228745,22.9
15844,45.0,1,130.74,130.74,0.0,0,New / Occasional,5,0.7639689148517609,22.9
17972,241.0,1,136.04,136.04,0.0,1,Lost,5,0.7638261434232041,22.9
15283,389.0,3,148.33,49.443333333333335,127.0,1,Lost,4,0.6524989559458135,22.9
15853,51.0,1,110.8,110.8,0.0,0,New / Occasional,5,0.7645055242125428,22.9
16363,52.0,1,109.36,109.36,0.0,0,New / Occasional,5,0.7645442436416192,22.9
16106,65.0,1,108.38,108.38,0.0,0,New / Occasional,5,0.7645705918447115,22.9
13947,64.0,1,90.6,90.6,0.0,0,New / Occasional,5,0.7650482691252998,22.9
15836,49.0,1,137.37,137.37,0.0,0,New / Occasional,5,0.7637903065137428,22.9
15610,51.0,1,112.46,112.46,0.0,0,New / Occasional,5,0.7644608838484411,22.9
16248,61.0,1,152.94,152.94,0.0,0,New / Occasional,5,0.7633704928378408,22.9
15463,28.0,1,126.14,126.14,0.0,0,New / Occasional,5,0.7640927813208154,22.9
18224,263.0,1,158.95,158.95,0.0,1,Lost,5,0.7632083076439508,23.0
16591,68.0,1,213.5,213.5,0.0,0,New / Occasional,5,0.7617327232722197,23.0
16594,74.0,1,181.09,181.09,0.0,0,New / Occasional,5,0.7626101788034718,23.0
16914,35.0,1,208.46,208.46,0.0,0,New / Occasional,5,0.761869320466977,23.0
14485,38.0,1,165.75,165.75,0.0,0,New / Occasional,5,0.7630247111652623,23.0
18004,361.0,1,169.47,169.47,0.0,1,Lost,5,0.7629242315706819,23.0
15593,70.0,1,199.8,199.8,0.0,0,New / Occasional,5,0.7621039033936349,23.0
15327,52.0,1,208.75,208.75,0.0,0,New / Occasional,5,0.7618614621676181,23.0
13532,33.0,1,210.31,210.31,0.0,0,New / Occasional,5,0.7618191868779425,23.0
17279,57.0,1,187.83,187.83,0.0,0,New / Occasional,5,0.7624278861418492,23.0
18010,256.0,1,174.8,174.8,0.0,1,Lost,5,0.7627802136681451,23.0
15604,51.0,1,216.39,216.39,0.0,0,New / Occasional,5,0.7616543724197546,23.0
17206,52.0,1,204.24,204.24,0.0,0,New / Occasional,5,0.7619836520996984,23.0
15307,95.0,1,205.3,205.3,0.0,1,New / Occasional,5,0.7619549372777566,23.0
17989,378.0,1,228.83,228.83,0.0,1,Lost,5,0.7613169092510593,23.0
14518,63.0,1,174.37,174.37,0.0,0,New / Occasional,5,0.7627918346082786,23.0
17347,85.0,1,228.96,228.96,0.0,0,New / Occasional,5,0.761313380975526,23.0
14830,52.0,1,197.13,197.13,0.0,0,New / Occasional,5,0.7621761965479893,23.0
18099,126.0,1,168.31,168.31,0.0,1,Lost,5,0.7629555670678381,23.0
16213,78.0,1,159.0,159.0,0.0,0,New / Occasional,5,0.7632069580279546,23.0
16286,476.0,2,328.95,164.475,146.0,1,Lost,4,0.650368873464381,23.0
12812,44.0,1,229.64,229.64,0.0,0,New / Occasional,5,0.7612949247969768,23.0
18114,289.0,1,220.1,220.1,0.0,1,Lost,5,0.7615537645837368,23.0
13858,56.0,1,216.17,216.17,0.0,0,New / Occasional,5,0.7616603374669506,23.0
14089,56.0,1,161.0,161.0,0.0,0,New / Occasional,5,0.7631529690375493,23.0
12581,39.0,1,197.71,197.71,0.0,0,New / Occasional,5,0.762160493702149,23.0
16179,60.0,1,215.83,215.83,0.0,0,New / Occasional,5,0.7616695559744995,23.0
15096,42.0,1,219.39,219.39,0.0,0,New / Occasional,5,0.7615730206313325,23.0
15335,53.0,1,173.97,173.97,0.0,0,New / Occasional,5,0.762802644432983,23.0
14789,28.0,1,197.64,197.64,0.0,0,New / Occasional,5,0.7621623889110453,23.0
12995,84.0,1,211.32,211.32,0.0,0,New / Occasional,5,0.7617918135869227,23.0
14801,60.0,1,193.14,193.14,0.0,0,New / Occasional,5,0.7622842019663485,23.0
13419,63.0,1,221.06,221.06,0.0,0,New / Occasional,5,0.7615277265390633,23.0
16753,57.0,1,223.92,223.92,0.0,0,New / Occasional,5,0.7614501432892449,23.0
15175,71.0,1,224.14,224.14,0.0,0,New / Occasional,5,0.7614441746290704,23.0
17891,161.0,1,203.86,203.86,0.0,1,Lost,5,0.7619939455124675,23.0
14357,42.0,1,225.77,225.77,0.0,0,New / Occasional,5,0.7613999490886005,23.0
12893,30.0,1,188.14,188.14,0.0,0,New / Occasional,5,0.762419499443675,23.0
18200,105.0,1,163.8,163.8,0.0,1,Lost,5,0.7630773701901805,23.0
17879,173.0,1,178.52,178.52,0.0,1,Lost,5,0.7626796626482408,23.0
14218,42.0,1,169.48,169.48,0.0,0,New / Occasional,5,0.7629239614246736,23.0
17475,78.0,1,194.37,194.37,0.0,0,New / Occasional,5,0.7622509106621125,23.0
13690,58.0,1,172.25,172.25,0.0,0,New / Occasional,5,0.7628491228112663,23.0
15692,27.0,1,191.04,191.04,0.0,0,New / Occasional,5,0.7623410333641039,23.0
13271,36.0,1,217.38,217.38,0.0,0,New / Occasional,5,0.7616275284380543,23.0
13127,77.0,1,259.17,259.17,0.0,0,New / Occasional,5,0.7604924933655735,23.1
13061,71.0,1,248.61,248.61,0.0,0,New / Occasional,5,0.7607796569081376,23.1
15286,49.0,1,240.55,240.55,0.0,0,New / Occasional,5,0.7609986777678978,23.1
14764,46.0,1,278.3,278.3,0.0,0,New / Occasional,5,0.7599716802604198,23.1
17684,43.0,1,239.41,239.41,0.0,0,New / Occasional,5,0.761029644798622,23.1
12718,70.0,1,238.25,238.25,0.0,0,New / Occasional,5,0.7610611522851806,23.1
15667,39.0,1,301.32,301.32,0.0,0,New / Occasional,5,0.7593439357000517,23.1
16432,63.0,1,287.4,287.4,0.0,0,New / Occasional,5,0.7597236615128279,23.1
16796,88.0,1,305.62,305.62,0.0,0,New / Occasional,5,0.7592265525038295,23.1
17741,406.0,2,101.1,50.55,153.0,1,Lost,4,0.6489035823074858,23.1
15035,89.0,1,252.73,252.73,0.0,0,New / Occasional,5,0.7606676477046809,23.1
17327,409.0,2,152.35,76.175,152.0,1,Lost,4,0.6488035402611654,23.1
16215,80.0,1,242.35,242.35,0.0,0,New / Occasional,5,0.7609497768522105,23.1
14863,28.0,1,266.76,266.76,0.0,0,New / Occasional,5,0.7602859487555458,23.1
17506,75.0,1,302.2,302.2,0.0,0,New / Occasional,5,0.7593199162741509,23.1
18072,185.0,1,247.44,247.44,0.0,1,Lost,5,0.7608114587942787,23.1
16181,72.0,1,305.54,305.54,0.0,0,New / Occasional,5,0.7592287367341416,23.1
13504,63.0,1,295.93,295.93,0.0,0,New / Occasional,5,0.7594910189526695,23.1
16793,56.0,1,243.84,243.84,0.0,0,New / Occasional,5,0.7609092925699633,23.1
13806,63.0,1,256.38,256.38,0.0,0,New / Occasional,5,0.7605683862268383,23.1
17125,49.0,1,259.35,259.35,0.0,0,New / Occasional,5,0.760487596486085,23.1
18165,176.0,1,302.46,302.46,0.0,1,Lost,5,0.759312819312231,23.1
17824,50.0,1,298.4,298.4,0.0,0,New / Occasional,5,0.7594236247910706,23.1
16026,42.0,1,236.09,236.09,0.0,0,New / Occasional,5,0.761119813803502,23.1
13886,70.0,1,243.56,243.56,0.0,0,New / Occasional,5,0.760916900713299,23.1
18213,236.0,1,232.48,232.48,0.0,1,Lost,5,0.7612178325210178,23.1
12430,42.0,1,256.4,256.4,0.0,0,New / Occasional,5,0.7605678422506312,23.1
15320,43.0,1,267.13,267.13,0.0,0,New / Occasional,5,0.760275876929061,23.1
18185,248.0,1,304.25,304.25,0.0,1,Lost,5,0.7592639555796723,23.1
17498,75.0,1,272.22,272.22,0.0,0,New / Occasional,5,0.760137291853806,23.1
17877,169.0,1,237.61,237.61,0.0,1,Lost,5,0.7610785345060435,23.1
13348,63.0,1,233.76,233.76,0.0,0,New / Occasional,5,0.7611830811206892,23.1
15063,212.0,1,370.8,370.8,0.0,1,Lost,5,0.7574424570596412,23.2
12715,105.0,1,353.86,353.86,0.0,1,Lost,5,0.7579069986700985,23.2
16318,34.0,1,328.15,328.15,0.0,0,New / Occasional,5,0.7586108802612365,23.2
14951,78.0,1,311.69,311.69,0.0,0,New / Occasional,5,0.7590607845687599,23.2
18091,592.0,1,360.85,360.85,0.0,1,Lost,5,0.7577153869585262,23.2
16509,296.0,1,363.7,363.7,0.0,1,Lost,5,0.7576372324119018,23.2
12996,375.0,1,355.5,355.5,0.0,1,Lost,5,0.7578620518218868,23.2
16803,64.0,1,332.3,332.3,0.0,0,New / Occasional,5,0.758497357153629,23.2
18090,421.0,1,349.4,349.4,0.0,1,Lost,5,0.7580292034510782,23.2
15120,133.0,1,358.82,358.82,0.0,1,Lost,5,0.7577710444783542,23.2
16826,50.0,1,341.7,341.7,0.0,0,New / Occasional,5,0.7582400859406201,23.2
16123,51.0,1,307.78,307.78,0.0,0,New / Occasional,5,0.7591675731707955,23.2
18208,565.0,1,360.08,360.08,0.0,1,Lost,5,0.7577364994555766,23.2
18269,365.0,1,337.2,337.2,0.0,1,Lost,5,0.7583632709799938,23.2
13887,203.0,1,349.55,349.55,0.0,1,Lost,5,0.7580250941073493,23.2
16305,138.0,1,361.22,361.22,0.0,1,Lost,5,0.7577052415472266,23.2
15472,112.0,1,371.56,371.56,0.0,1,Lost,5,0.7574216015637109,23.2
13347,69.0,1,341.36,341.36,0.0,0,New / Occasional,5,0.7582493947484178,23.2
13343,177.0,1,353.43,353.43,0.0,1,Lost,5,0.7579187825748216,23.2
14886,252.0,1,364.8,364.8,0.0,1,Lost,5,0.7576070629136061,23.2
15185,69.0,1,310.62,310.62,0.0,0,New / Occasional,5,0.759090011260031,23.2
14888,206.0,1,369.2,369.2,0.0,1,Lost,5,0.7574863593826748,23.2
15153,30.0,1,329.25,329.25,0.0,0,New / Occasional,5,0.7585807933431447,23.2
14181,410.0,2,310.55,155.275,151.0,1,Lost,4,0.6469305069840392,23.2
17839,41.0,1,338.8,338.8,0.0,0,New / Occasional,5,0.758319476755189,23.2
12884,87.0,1,309.05,309.05,0.0,0,New / Occasional,5,0.7591328909027656,23.2
13801,66.0,1,324.8,324.8,0.0,0,New / Occasional,5,0.7587024928535429,23.2
17154,74.0,1,329.34,329.34,0.0,0,New / Occasional,5,0.758578331573068,23.2
13845,64.0,1,312.98,312.98,0.0,0,New / Occasional,5,0.7590255454335414,23.2
13774,81.0,1,345.0,345.0,0.0,0,New / Occasional,5,0.7581497230626761,23.2
16627,78.0,1,322.8,322.8,0.0,0,New / Occasional,5,0.7587571756337043,23.2
15010,35.0,1,308.94,308.94,0.0,0,New / Occasional,5,0.7591358950136124,23.2
14149,220.0,1,446.62,446.62,0.0,1,Lost,5,0.7553558467823677,23.3
12833,144.0,1,417.38,417.38,0.0,1,Lost,5,0.7561619838065102,23.3
16752,372.0,1,415.0,415.0,0.0,1,Lost,5,0.7562275203409399,23.3
15961,378.0,1,451.29,451.29,0.0,1,Lost,5,0.7552269297001932,23.3
17701,252.0,1,417.95,417.95,0.0,1,Lost,5,0.7561462863101561,23.3
15090,307.0,1,381.32,381.32,0.0,1,Lost,5,0.7571536647665342,23.3
13345,287.0,1,389.5,389.5,0.0,1,Lost,5,0.7569289481909682,23.3
16355,374.0,1,416.35,416.35,0.0,1,Lost,5,0.7561903477214168,23.3
12690,205.0,1,389.01,389.01,0.0,1,Lost,5,0.7569424131822706,23.3
18285,660.0,1,427.0,427.0,0.0,1,Lost,5,0.7558969624102817,23.3
14288,212.0,1,426.6,426.6,0.0,1,Lost,5,0.7559079858960072,23.3
16319,217.0,1,404.4,404.4,0.0,1,Lost,5,0.756519260755798,23.3
15342,129.0,1,406.09,406.09,0.0,1,Lost,5,0.7564727632953973,23.3
18089,446.0,1,428.45,428.45,0.0,1,Lost,5,0.7558569994490257,23.3
18111,588.0,1,405.85,405.85,0.0,1,Lost,5,0.7564793668518403,23.3
12515,352.0,1,383.7,383.7,0.0,1,Lost,5,0.7570882972410465,23.3
15225,233.0,1,409.4,409.4,0.0,1,Lost,5,0.7563816768614536,23.3
18029,641.0,1,433.77,433.77,0.0,1,Lost,5,0.7557103387886527,23.3
16084,298.0,1,436.18,436.18,0.0,1,Lost,5,0.7556438807877354,23.3
18152,645.0,1,426.69,426.69,0.0,1,Lost,5,0.7559055056411067,23.3
17486,260.0,1,396.87,396.87,0.0,1,Lost,5,0.7567263626468724,23.3
16272,116.0,1,411.7,411.7,0.0,1,Lost,5,0.7563183705746607,23.3
18162,731.0,1,379.16,379.16,0.0,1,Lost,5,0.7572129795720007,23.3
17431,312.0,1,403.3,403.3,0.0,1,Lost,5,0.7565495221401115,23.3
14348,259.0,1,409.57,409.57,0.0,1,Lost,5,0.7563769980827313,23.3
13358,268.0,1,439.03,439.03,0.0,1,Lost,5,0.7555652735901567,23.3
12922,160.0,1,405.38,405.38,0.0,1,Lost,5,0.7564922984648166,23.3
18201,722.0,1,447.53,447.53,0.0,1,Lost,5,0.7553307294964339,23.3
17855,372.0,1,417.94,417.94,0.0,1,Lost,5,0.7561465617107292,23.3
18128,536.0,1,420.04,420.04,0.0,1,Lost,5,0.7560887229661366,23.3
15386,185.0,1,394.14,394.14,0.0,1,Lost,5,0.756801417866948,23.3
15802,142.0,1,451.42,451.42,0.0,1,Lost,5,0.7552233403451747,23.3
17903,393.0,1,381.09,381.09,0.0,1,Lost,5,0.7571599811631285,23.3
14270,331.0,1,492.65,492.65,0.0,1,Lost,5,0.7540831685748983,23.4
14627,378.0,1,462.75,462.75,0.0,1,Lost,5,0.7549103776069074,23.4
15585,176.0,1,455.3,455.3,0.0,1,Lost,5,0.7551161955279787,23.4
13043,272.0,1,516.42,516.42,0.0,1,Lost,5,0.7534242102160909,23.4
13116,137.0,1,501.14,501.14,0.0,1,Lost,5,0.7538479428094046,23.4
18284,431.0,1,461.68,461.68,0.0,1,Lost,5,0.7549399452162505,23.4
12436,99.0,1,509.01,509.01,0.0,1,Lost,5,0.7536297596023148,23.4
14279,520.0,2,191.86,95.93,160.0,1,Lost,4,0.6421332014506096,23.4
15507,171.0,1,492.36,492.36,0.0,1,Lost,5,0.7540912007011913,23.4
18243,413.0,1,515.78,515.78,0.0,1,Lost,5,0.7534419680204097,23.4
17140,246.0,1,465.32,465.32,0.0,1,Lost,5,0.7548393502356615,23.4
18083,397.0,1,470.73,470.73,0.0,1,Lost,5,0.7546897880566433,23.4
18100,549.0,1,451.56,451.56,0.0,1,Lost,5,0.7552194748461393,23.4
17900,189.0,2,112.2,56.1,0.0,1,Lost,5,0.7532444224105627,23.4
17053,130.0,1,498.48,498.48,0.0,1,Lost,5,0.7539216576389779,23.4
12564,260.0,1,456.9,456.9,0.0,1,Lost,5,0.755072002870738,23.4
12729,113.0,1,453.01,453.01,0.0,1,Lost,5,0.7551794368939028,23.4
16498,160.0,2,100.97,50.485,0.0,1,Lost,5,0.7533960560135322,23.4
12447,242.0,1,476.49,476.49,0.0,1,Lost,5,0.7545304822759211,23.4
18098,395.0,1,550.84,550.84,0.0,1,Lost,5,0.7524679063682767,23.5
16142,249.0,1,535.34,535.34,0.0,1,Lost,5,0.7528988565302557,23.5
17184,568.0,2,198.41,99.205,161.0,1,Lost,4,0.6412685307257563,23.5
14697,217.0,2,188.61,94.305,0.0,1,Lost,5,0.7522110292147298,23.5
15825,171.0,1,532.94,532.94,0.0,1,Lost,5,0.7529655392138539,23.5
12988,291.0,1,535.32,535.32,0.0,1,Lost,5,0.7528994122692474,23.5
15655,242.0,1,560.67,560.67,0.0,1,Lost,5,0.7521943393383196,23.5
15891,226.0,1,524.52,524.52,0.0,1,Lost,5,0.7531993886591761,23.5
15897,193.0,2,222.05,111.025,0.0,1,Lost,5,0.7517578640642708,23.5
18207,498.0,1,544.47,544.47,0.0,1,Lost,5,0.7526450740078687,23.5
18013,154.0,2,187.29,93.645,0.0,1,Lost,5,0.7522289059269356,23.5
17291,307.0,1,550.8,550.8,0.0,1,Lost,5,0.7524690191465597,23.5
15914,377.0,2,205.99,102.995,0.0,1,Lost,5,0.7519755718469342,23.5
15415,312.0,1,572.81,572.81,0.0,1,Lost,5,0.7518562057602657,23.5
15741,457.0,2,208.62,104.31,160.0,1,Lost,4,0.6418533044609875,23.5
13385,329.0,1,534.57,534.57,0.0,1,Lost,5,0.7529202518752928,23.5
18140,473.0,1,536.41,536.41,0.0,1,Lost,5,0.7528691232700857,23.5
15442,248.0,1,594.0,594.0,0.0,1,Lost,5,0.7512652636696345,23.5
16536,109.0,1,548.97,548.97,0.0,1,Lost,5,0.7525199251630639,23.5
17443,219.0,1,534.24,534.24,0.0,1,Lost,5,0.7529294209278724,23.5
15451,433.0,2,233.21,116.605,164.0,1,Lost,4,0.6384149464635774,23.6
15147,239.0,1,623.5,623.5,0.0,1,Lost,5,0.7504410080050907,23.6
17882,378.0,2,313.46,156.73,0.0,1,Lost,5,0.7505162833337442,23.6
12521,142.0,1,599.68,599.68,0.0,1,Lost,5,0.7511067011816361,23.6
14603,274.0,1,660.0,660.0,0.0,1,Lost,5,0.7494186459454649,23.6
12513,112.0,1,612.29,612.29,0.0,1,Lost,5,0.7507544397874626,23.6
16022,259.0,1,628.28,628.28,0.0,1,Lost,5,0.7503072791502671,23.6
14036,284.0,1,626.65,626.65,0.0,1,Lost,5,0.7503528866209829,23.6
13369,365.0,1,616.56,616.56,0.0,1,Lost,5,0.7506350815306413,23.6
17267,126.0,2,317.62,158.81,0.0,1,Lost,5,0.7504596814227624,23.6
16116,211.0,1,612.78,612.78,0.0,1,Lost,5,0.7507407448769551,23.6
12707,291.0,1,603.42,603.42,0.0,1,Lost,5,0.7510022587049294,23.6
17501,220.0,2,288.6,144.3,0.0,1,Lost,5,0.7508543554887517,23.6
14736,484.0,2,401.08,200.54,0.0,1,Lost,5,0.7493222955562194,23.6
18264,498.0,1,603.25,603.25,0.0,1,Lost,5,0.7510070067257284,23.6
14663,429.0,2,490.6,245.3,0.0,1,Lost,5,0.7480984958437871,23.7
13355,121.0,1,674.7,674.7,0.0,1,Lost,5,0.7490061135045771,23.7
16405,301.0,2,167.25,83.625,7.0,1,Lost,5,0.7481929680091914,23.7
12453,133.0,1,707.09,707.09,0.0,1,Lost,5,0.7480955465392206,23.7
14996,480.0,2,442.29,221.145,0.0,1,Lost,5,0.7487594184858161,23.7
17294,668.0,2,467.79,233.895,0.0,1,Lost,5,0.7484107000414905,23.7
15880,368.0,1,686.56,686.56,0.0,1,Lost,5,0.7486729522461608,23.7
14010,564.0,2,445.15,222.575,0.0,1,Lost,5,0.7487203233140302,23.7
18163,583.0,1,728.84,728.84,0.0,1,Lost,5,0.7474828692768193,23.7
16274,372.0,1,715.9,715.9,0.0,1,Lost,5,0.74784749588871,23.7
13597,399.0,2,396.71,198.355,2.0,1,Lost,5,0.7481460861424768,23.7
17823,420.0,2,494.25,247.125,0.0,1,Lost,5,0.748048513854643,23.7
14222,176.0,1,683.17,683.17,0.0,1,Lost,5,0.7487682112843626,23.7
12741,528.0,2,406.07,203.035,3.0,1,Lost,5,0.7473982688334104,23.7
18187,631.0,1,724.89,724.89,0.0,1,Lost,5,0.7475942103944186,23.7
16604,562.0,2,432.45,216.225,5.0,1,Lost,5,0.7457927240079216,23.8
17782,382.0,2,679.02,339.51,0.0,1,Lost,5,0.745509746768467,23.8
14809,620.0,2,686.76,343.38,0.0,1,Lost,5,0.7454030311581792,23.8
16262,377.0,1,755.15,755.15,0.0,1,Lost,5,0.7467404234850192,23.8
13341,260.0,1,775.85,775.85,0.0,1,Lost,5,0.7461552740705572,23.8
13776,427.0,2,623.98,311.99,0.0,1,Lost,5,0.7462677632940065,23.8
15922,372.0,1,739.0,739.0,0.0,1,Lost,5,0.7471963336335324,23.8
16494,296.0,1,826.53,826.53,0.0,1,Lost,5,0.7447188864380934,23.9
13470,98.0,2,165.0,82.5,15.0,1,Lost,5,0.7432410940021508,23.9
15213,318.0,2,328.35,164.175,11.0,1,Lost,5,0.7434833785685735,23.9
15832,253.0,1,836.79,836.79,0.0,1,Lost,5,0.7444274451794842,23.9
13339,200.0,1,860.12,860.12,0.0,1,Lost,5,0.7437639301710175,23.9
13893,297.0,1,821.1,821.1,0.0,1,Lost,5,0.7448730403256327,23.9
15794,735.0,2,777.0,388.5,0.0,1,Lost,5,0.7441566701620801,23.9
17170,373.0,2,178.68,89.34,14.0,1,Lost,5,0.7436780118229962,23.9
15501,404.0,2,402.5,201.25,10.0,1,Lost,5,0.7430820929664903,24.0
14969,703.0,1,906.23,906.23,0.0,1,Lost,5,0.742449225254205,24.0
15177,425.0,1,948.93,948.93,0.0,1,Lost,5,0.7412278253717092,24.0
16897,298.0,2,289.78,144.89,14.0,1,Lost,5,0.7421361686248215,24.0
15878,561.0,2,330.77,165.385,171.0,1,Lost,4,0.631442168218144,24.0
17000,395.0,2,406.3,203.15,11.0,1,Lost,5,0.7424016865514549,24.0
14568,434.0,1,919.7,919.7,0.0,1,Lost,5,0.7420643333593612,24.0
17792,466.0,2,370.05,185.025,11.0,1,Lost,5,0.7429050887181372,24.0
15710,416.0,1,898.87,898.87,0.0,1,Lost,5,0.7426593714176899,24.0
12396,673.0,1,931.43,931.43,0.0,1,Lost,5,0.7417288547097487,24.0
12368,627.0,1,917.7,917.7,0.0,1,Lost,5,0.7421215050922855,24.0
13204,730.0,1,966.66,966.66,0.0,1,Lost,5,0.7407195663497326,24.1
17369,455.0,1,979.2,979.2,0.0,1,Lost,5,0.7403596955342509,24.1
12543,447.0,1,980.25,980.25,0.0,1,Lost,5,0.7403295481000831,24.1
15176,667.0,1,988.04,988.04,0.0,1,Lost,5,0.7401058118832209,24.1
17810,668.0,2,374.81,187.405,15.0,1,Lost,5,0.7403210527968156,24.1
16522,435.0,2,433.36,216.68,14.0,1,Lost,5,0.7401346250148675,24.1
12761,457.0,2,782.95,391.475,7.0,1,Lost,5,0.7396712115280335,24.1
12505,408.0,1,955.2,955.2,0.0,1,Lost,5,0.7410481598563989,24.1
14255,545.0,1,1000.63,1000.63,0.0,1,Lost,5,0.7397439507646377,24.1
13768,726.0,2,875.97,437.985,4.0,1,Lost,5,0.7402668243567369,24.1
12634,535.0,2,490.0,245.0,12.0,1,Lost,5,0.7406063521025708,24.1
13420,149.0,2,159.85,79.925,20.0,1,Lost,5,0.7401663109836656,24.1
16590,400.0,2,605.9,302.95,13.0,1,Lost,5,0.7383511576147608,24.2
17474,599.0,1,1047.0,1047.0,0.0,1,Lost,5,0.7384083731673271,24.2
12486,431.0,1,1037.28,1037.28,0.0,1,Lost,5,0.7386887009615586,24.2
13775,590.0,1,1049.66,1049.66,0.0,1,Lost,5,0.7383316241138153,24.2
12801,500.0,1,1071.82,1071.82,0.0,1,Lost,5,0.7376916762480019,24.2
16427,262.0,2,241.06,120.53,21.0,1,Lost,5,0.738395838208582,24.2
15094,462.0,2,83.0,41.5,181.0,1,Lost,4,0.6279807615873604,24.2
16991,420.0,1,1041.21,1041.21,0.0,1,Lost,5,0.7385753819330692,24.2
14169,430.0,2,624.43,312.215,13.0,1,Lost,5,0.738090962533951,24.2
16264,437.0,2,837.53,418.765,7.0,1,Lost,5,0.7389068313393463,24.2
17185,591.0,3,229.46,76.48666666666666,6.0,1,At Risk (was loyal),5,0.7356892085027891,24.3
17946,232.0,2,149.58,74.79,26.0,1,Lost,5,0.7365028498648908,24.3
15559,567.0,1,1109.4,1109.4,0.0,1,Lost,5,0.736604118834526,24.3
15102,530.0,2,554.67,277.335,16.0,1,Lost,5,0.7371647991436802,24.3
17577,644.0,2,348.75,174.375,23.0,1,Lost,5,0.7356057655990804,24.3
12803,392.0,1,1092.81,1092.81,0.0,1,Lost,5,0.7370845869306725,24.3
14369,641.0,2,469.13,234.565,19.0,1,Lost,5,0.736459130390367,24.3
12503,583.0,1,1126.0,1126.0,0.0,1,Lost,5,0.7361227969163011,24.3
13836,398.0,2,620.37,310.185,15.0,1,Lost,5,0.7368761918481072,24.3
15011,395.0,2,416.6,208.3,20.0,1,Lost,5,0.7365623892542957,24.3
16844,562.0,2,614.34,307.17,20.0,1,Lost,5,0.7337649828923745,24.4
16799,431.0,2,495.98,247.99,21.0,1,Lost,5,0.7348020716180785,24.4
14213,404.0,1,1192.2,1192.2,0.0,1,Lost,5,0.7341977048175669,24.4
13996,385.0,2,895.76,447.88,13.0,1,Lost,5,0.7342619217931536,24.4
12742,625.0,1,1201.52,1201.52,0.0,1,Lost,5,0.7339259614165592,24.4
16501,382.0,1,1237.23,1237.23,0.0,1,Lost,5,0.7328831264799446,24.5
15666,471.0,2,632.94,316.47,23.0,1,Lost,5,0.7315701386491688,24.5
13073,410.0,2,418.08,209.04,26.0,1,Lost,5,0.7326992759709212,24.5
17246,546.0,2,38.92,19.46,191.0,1,Lost,4,0.621029176354822,24.5
12666,393.0,1,1248.42,1248.42,0.0,1,Lost,5,0.732555812232634,24.5
14956,420.0,1,1325.0,1325.0,0.0,1,Lost,5,0.7303089779413525,24.6
14823,179.0,3,321.43,107.14333333333333,14.0,1,Lost,5,0.7296943357434944,24.6
15908,490.0,2,764.57,382.285,21.0,1,Lost,5,0.730981628514459,24.6
12419,385.0,2,503.01,251.505,27.0,1,Lost,5,0.7308432544055741,24.6
16465,420.0,2,746.24,373.12,23.0,1,Lost,5,0.7299503977997961,24.6
16606,403.0,2,357.66,178.83,30.0,1,Lost,5,0.7309822865866387,24.6
12376,389.0,2,503.15,251.575,28.0,1,Lost,5,0.7301946024996678,24.6
13386,413.0,2,835.46,417.73,22.0,1,Lost,5,0.7293195297916122,24.6
13374,414.0,2,422.8,211.4,34.0,1,Lost,5,0.7274532627459752,24.7
14899,394.0,1,1384.88,1384.88,0.0,1,Lost,5,0.7285438454666984,24.7
17563,577.0,2,392.38,196.19,33.0,1,Lost,5,0.7285413971457655,24.7
13537,425.0,2,717.85,358.925,26.0,1,Lost,5,0.7284117554324021,24.7
17285,627.0,2,428.34,214.17,34.0,1,Lost,5,0.7273734452383319,24.7
17834,414.0,2,730.47,365.235,30.0,1,Lost,5,0.7256221352890053,24.8
15873,499.0,4,313.92,78.48,1.0,1,At Risk (was loyal),5,0.7251582847163498,24.9
16974,522.0,2,365.5,182.75,41.0,1,Lost,5,0.7237039593455682,24.9
16675,441.0,2,608.86,304.43,36.0,1,Lost,5,0.7234521797598826,24.9
14358,388.0,2,400.06,200.03,38.0,1,Lost,5,0.7251698727811878,24.9
17518,425.0,2,329.42,164.71,195.0,1,Lost,4,0.6129362572884038,24.9
13432,570.0,2,439.1,219.55,40.0,1,Lost,5,0.7232912463276493,24.9
12898,463.0,2,310.96,155.48,195.0,1,Lost,4,0.6132544324007543,24.9
13337,545.0,1,1575.26,1575.26,0.0,1,Lost,5,0.7228839476919161,25.0
16091,154.0,2,315.06,157.53,43.0,1,Lost,5,0.7231227935739337,25.0
13964,386.0,2,438.9,219.45,43.0,1,Lost,5,0.7213175631506163,25.0
16217,234.0,2,304.25,152.125,46.0,1,Lost,5,0.7213033756647105,25.0
15310,478.0,1,1634.64,1634.64,0.0,1,Lost,5,0.7211037970741356,25.1
15702,475.0,2,140.39,70.195,205.0,1,Lost,4,0.6083921446140006,25.1
12911,551.0,1,1680.47,1680.47,0.0,1,Lost,5,0.7197250768568995,25.1
13718,245.0,2,306.55,153.275,49.0,1,Lost,5,0.719284338930726,25.1
14151,672.0,2,679.45,339.725,43.0,1,Lost,5,0.7177904761198056,25.2
12943,557.0,2,496.5,248.25,47.0,1,Lost,5,0.7178217021519517,25.2
13997,518.0,3,382.31,127.43666666666667,31.0,1,Lost,5,0.7179597075544336,25.2
13747,373.0,2,249.4,124.7,51.0,1,Lost,5,0.7187960498135192,25.2
12632,520.0,2,804.88,402.44,44.0,1,Lost,5,0.7152721374906194,25.3
15684,546.0,3,173.95,57.98333333333333,188.0,1,Lost,4,0.6055064291191873,25.3
16489,379.0,2,303.7,151.85,55.0,1,Lost,5,0.7153298735878543,25.3
15564,462.0,2,70.74,35.37,212.0,1,Lost,4,0.6041114370019385,25.3
17473,408.0,2,607.0,303.5,47.0,1,Lost,5,0.7161925453219509,25.3
14172,604.0,3,402.72,134.24,37.0,1,Lost,5,0.71375536712024,25.4
16802,678.0,2,582.61,291.305,51.0,1,Lost,5,0.7138764125191158,25.4
13234,672.0,2,356.95,178.475,59.0,1,Lost,5,0.7118537503183282,25.5
17039,603.0,1,1954.99,1954.99,0.0,1,Lost,5,0.7113801288074755,25.5
13123,472.0,2,506.75,253.375,56.0,1,Lost,5,0.7116423833952418,25.5
15183,547.0,3,639.93,213.30999999999997,36.0,1,Lost,5,0.7121413318125117,25.5
17662,661.0,2,412.92,206.46,60.0,1,Lost,5,0.7103434492742361,25.6
13970,385.0,2,846.55,423.275,51.0,1,Lost,5,0.7099431210322864,25.6
15481,400.0,1,1993.34,1993.34,0.0,1,Lost,5,0.7102026635740901,25.6
16704,617.0,2,695.66,347.83,53.0,1,Lost,5,0.7108471652294899,25.6
14065,388.0,3,891.02,297.00666666666666,42.0,1,Lost,5,0.7056339914362789,25.8
17305,648.0,1,2135.46,2135.46,0.0,1,Lost,5,0.7058144531610256,25.8
16075,502.0,2,736.93,368.465,61.0,1,Lost,5,0.7047924957588945,25.9
17808,548.0,4,262.64,65.66,32.0,1,At Risk (was loyal),5,0.7047717649959242,25.9
14058,462.0,2,469.19,234.595,67.0,1,Lost,5,0.7047395406259841,25.9
17497,389.0,2,287.25,143.625,220.0,1,Lost,4,0.5940215741510143,25.9
15627,456.0,2,566.9,283.45,65.0,1,Lost,5,0.7046292201956088,25.9
13033,356.0,2,220.55,110.275,72.0,1,Lost,5,0.7050811932806417,25.9
18244,430.0,2,568.64,284.32,72.0,1,Lost,5,0.699794659694362,26.1
12575,456.0,2,622.82,311.41,69.0,1,Lost,5,0.7010363747166457,26.1
16077,625.0,1,2300.4,2300.4,0.0,1,Lost,5,0.7006733869454543,26.1
13582,389.0,2,241.68,120.84,227.0,1,Lost,4,0.5892663101163372,26.1
18146,140.0,2,160.35,80.175,79.0,1,Lost,5,0.7011947126573701,26.1
17393,410.0,2,381.15,190.575,77.0,1,Lost,5,0.6992059402788947,26.2
15080,427.0,2,546.25,273.125,74.0,1,Lost,5,0.6987552582804418,26.2
16972,382.0,2,786.25,393.125,73.0,1,Lost,5,0.695767562172405,26.3
16436,667.0,3,329.34,109.77999999999999,64.0,1,At Risk (was loyal),5,0.6960291376254171,26.3
16815,453.0,2,410.97,205.485,82.0,1,Lost,5,0.6952815651764797,26.3
17745,477.0,2,600.34,300.17,78.0,1,Lost,5,0.6951500569711113,26.4
17638,646.0,2,842.4,421.2,74.0,1,Lost,5,0.6942063889715837,26.4
12696,434.0,2,851.91,425.955,74.0,1,Lost,5,0.6940596794322802,26.4
17699,476.0,2,442.0,221.0,84.0,1,Lost,5,0.6934087926961514,26.4
16757,318.0,2,270.48,135.24,90.0,1,Lost,5,0.6918661957218043,26.5
15403,491.0,2,170.88,85.44,238.0,1,Lost,4,0.5817459358548961,26.5
13698,596.0,2,465.53,232.765,85.0,1,Lost,5,0.6923459679645435,26.5
15936,378.0,2,282.79,141.395,88.0,1,Lost,5,0.693074745821642,26.5
18063,390.0,2,186.6,93.3,242.0,1,Lost,4,0.5782670068855578,26.6
15824,452.0,2,890.94,445.47,78.0,1,Lost,5,0.6906570207433627,26.6
17781,158.0,2,188.02,94.01,93.0,1,Lost,5,0.6910420933297027,26.6
13442,666.0,3,419.87,139.95666666666668,70.0,1,Lost,5,0.6909335409185873,26.6
14563,509.0,2,679.44,339.72,82.0,1,Lost,5,0.6911329656984316,26.6
14043,490.0,2,304.25,152.125,238.0,1,Lost,4,0.5793861368700571,26.6
17300,390.0,2,393.64,196.82,90.0,1,Lost,5,0.689955123436937,26.6
14242,234.0,2,280.55,140.275,91.0,1,Lost,5,0.6910092693137461,26.6
16132,543.0,2,664.2,332.1,83.0,1,Lost,5,0.6906679569528055,26.6
13144,332.0,2,135.35,67.675,98.0,1,Lost,5,0.6883461561884808,26.7
15139,239.0,2,178.96,89.48,96.0,1,Lost,5,0.6890752582744861,26.7
13472,463.0,2,592.24,296.12,91.0,1,Lost,5,0.6861528194546068,26.8
16632,485.0,2,406.4,203.2,95.0,1,Lost,5,0.6862312322411048,26.8
13945,394.0,2,854.15,427.075,85.0,1,Lost,5,0.6862988322213831,26.8
18134,597.0,2,445.0,222.5,96.0,1,Lost,5,0.6849185638216853,26.9
16524,445.0,2,308.14,154.07,245.0,1,Lost,4,0.5737035165259711,26.9
13164,568.0,2,372.2,186.1,98.0,1,Lost,5,0.6846422960577907,26.9
14558,653.0,3,655.5,218.5,77.0,1,Lost,5,0.6836066784079148,26.9
13275,383.0,2,241.66,120.83,248.0,1,Lost,4,0.5724743821182455,26.9
17482,486.0,2,778.19,389.095,91.0,1,Lost,5,0.6832358968876281,26.9
13581,308.0,2,280.53,140.265,104.0,1,Lost,5,0.6818183834123155,27.0
13837,211.0,2,271.24,135.62,105.0,1,Lost,5,0.6812519438921313,27.0
13020,562.0,2,618.96,309.48,97.0,1,Lost,5,0.6814718019597333,27.0
13533,182.0,3,270.79,90.26333333333334,84.0,1,Lost,5,0.6825512146651688,27.0
12907,395.0,2,508.91,254.455,98.0,1,Lost,5,0.6824936557345964,27.0
14260,470.0,3,824.28,274.76,77.0,1,Lost,5,0.6818849465858332,27.0
16234,475.0,3,333.18,111.06,85.0,1,At Risk (was loyal),5,0.6812012976962205,27.1
16576,419.0,2,540.87,270.435,101.0,1,Lost,5,0.6798491778270684,27.1
17843,302.0,2,326.23,163.115,108.0,1,Lost,5,0.6782369171247431,27.2
15650,521.0,2,553.88,276.94,106.0,1,Lost,5,0.6760569168584547,27.3
14826,581.0,2,385.2,192.6,113.0,1,Lost,5,0.6737010128962627,27.4
12677,554.0,2,395.1,197.55,111.0,1,Lost,5,0.6749857541629178,27.4
14162,173.0,2,289.36,144.68,118.0,1,Lost,5,0.671617997263711,27.5
13679,493.0,3,281.26,93.75333333333333,241.0,1,Lost,4,0.5620076451357806,27.5
13024,470.0,2,555.87,277.935,111.0,1,Lost,5,0.6724177939649553,27.5
13773,396.0,2,301.54,150.77,263.0,1,Lost,4,0.5593022570411712,27.6
13226,272.0,2,312.46,156.23,120.0,1,Lost,5,0.6697963378624521,27.6
13677,404.0,2,556.19,278.095,115.0,1,Lost,5,0.6695119181720459,27.6
14556,595.0,3,835.34,278.44666666666666,92.0,1,Lost,5,0.6709875325421975,27.6
15323,562.0,3,434.6,144.86666666666667,99.0,1,Lost,5,0.6700772180585284,27.6
14599,389.0,2,474.54,237.27,118.0,1,Lost,5,0.668643621955669,27.7
16890,476.0,3,285.41,95.13666666666667,105.0,1,At Risk (was loyal),5,0.6672673951320061,27.7
14771,620.0,2,594.62,297.31,115.0,1,Lost,5,0.6688937702849386,27.7
14922,393.0,2,843.74,421.87,114.0,1,Lost,5,0.665604103314019,27.8
13057,529.0,3,722.09,240.6966666666667,101.0,1,Lost,5,0.66561652403456,27.8
13003,105.0,3,149.05,49.68333333333334,109.0,1,Lost,5,0.6657743430079717,27.8
12825,520.0,2,518.63,259.315,120.0,1,Lost,5,0.6664747125982364,27.8
17005,470.0,2,742.36,371.18,118.0,1,Lost,5,0.6643179909129583,27.9
17446,176.0,2,120.9,60.45,133.0,1,Lost,5,0.6633995028920163,27.9
13287,602.0,3,781.59,260.53000000000003,101.0,1,Lost,5,0.664992550603226,27.9
18271,609.0,2,680.85,340.425,121.0,1,Lost,5,0.6631160736862238,28.0
14011,479.0,2,457.82,228.91,127.0,1,Lost,5,0.6623330389783121,28.0
15711,556.0,2,420.25,210.125,128.0,1,Lost,5,0.6622089207941116,28.0
14253,492.0,2,363.4,181.7,129.0,1,Lost,5,0.6623981321171502,28.0
15331,499.0,3,767.91,255.97,109.0,1,Lost,5,0.6592578986621432,28.1
15212,240.0,2,208.28,104.14,135.0,1,Lost,5,0.6605086783176516,28.1
14228,437.0,3,745.5,248.5,108.0,1,Lost,5,0.6602321954049071,28.1
14501,183.0,2,251.21,125.605,136.0,1,Lost,5,0.6590711589490038,28.2
14398,400.0,2,707.79,353.895,126.0,1,Lost,5,0.658997538794732,28.2
15617,395.0,3,828.55,276.18333333333334,111.0,1,Lost,5,0.657137422186858,28.3
18019,51.0,1,38.45,38.45,0.0,0,New / Occasional,6,0.7664454535994988,28.3
17986,55.0,1,20.8,20.8,0.0,0,New / Occasional,6,0.7669170157122769,28.3
15657,22.0,1,30.0,30.0,0.0,0,New / Occasional,6,0.7666712983602442,28.3
13256,13.0,1,0.0,0.0,0.0,0,New / Occasional,6,0.7674718863732402,28.3
15842,392.0,2,548.8,274.4,134.0,1,Lost,5,0.655680605495237,28.3
18033,64.0,1,97.97,97.97,0.0,0,New / Occasional,6,0.7648503483126735,28.4
13188,10.0,1,114.6,114.6,0.0,0,New / Occasional,6,0.7644033267888132,28.4
12938,25.0,1,114.14,114.14,0.0,0,New / Occasional,6,0.764415699687958,28.4
17538,25.0,1,98.42,98.42,0.0,0,New / Occasional,6,0.7648382598559073,28.4
17957,65.0,1,111.68,111.68,0.0,0,New / Occasional,6,0.764481860170375,28.4
14946,13.0,1,100.9,100.9,0.0,0,New / Occasional,6,0.764771631306225,28.4
18105,37.0,1,113.48,113.48,0.0,0,New / Occasional,6,0.7644334513232607,28.4
13160,21.0,1,91.8,91.8,0.0,0,New / Occasional,6,0.7650160510812788,28.4
17895,43.0,1,98.0,98.0,0.0,0,New / Occasional,6,0.7648495424289449,28.4
15168,25.0,1,106.56,106.56,0.0,0,New / Occasional,6,0.7646195188079653,28.4
12984,18.0,1,97.5,97.5,0.0,0,New / Occasional,6,0.7648629735747051,28.4
14641,21.0,1,110.46,110.46,0.0,0,New / Occasional,6,0.7645146666972771,28.4
16597,3.0,1,90.04,90.04,0.0,0,New / Occasional,6,0.7650633031650175,28.4
16789,7.0,1,80.8,80.8,0.0,0,New / Occasional,6,0.7653112685742491,28.4
14300,18.0,1,43.2,43.2,0.0,0,New / Occasional,6,0.7663184327301831,28.4
14168,420.0,2,370.45,185.225,143.0,1,Lost,5,0.651922377197233,28.5
14860,18.0,1,170.32,170.32,0.0,0,New / Occasional,6,0.7629012684025201,28.5
17600,17.0,1,161.67,161.67,0.0,0,New / Occasional,6,0.7631348808275803,28.5
18088,60.0,1,167.67,167.67,0.0,0,New / Occasional,6,0.7629728543958513,28.5
15904,7.0,1,164.68,164.68,0.0,0,New / Occasional,6,0.7630536071164183,28.5
14471,590.0,2,400.95,200.475,141.0,1,Lost,5,0.6529096031350639,28.5
18209,28.0,1,139.1,139.1,0.0,0,New / Occasional,6,0.7637436859661372,28.5
12367,3.0,1,168.9,168.9,0.0,0,New / Occasional,6,0.7629396295424365,28.5
17253,17.0,1,178.26,178.26,0.0,0,New / Occasional,6,0.7626866913618686,28.5
12966,9.0,1,160.18,160.18,0.0,0,New / Occasional,6,0.7631751055503379,28.5
13560,6.0,1,174.37,174.37,0.0,0,New / Occasional,6,0.7627918346082786,28.5
18014,27.0,1,166.42,166.42,0.0,0,New / Occasional,6,0.7630066162019696,28.5
17650,20.0,1,166.08,166.08,0.0,0,New / Occasional,6,0.763015798839694,28.5
14362,21.0,1,161.2,161.2,0.0,0,New / Occasional,6,0.7631475696716276,28.5
17297,16.0,1,131.78,131.78,0.0,0,New / Occasional,6,0.7639409040302831,28.5
14578,2.0,1,168.63,168.63,0.0,0,New / Occasional,6,0.7629469230779248,28.5
18045,44.0,1,189.4,189.4,0.0,0,New / Occasional,6,0.7623854094760536,28.5
15435,21.0,1,149.29,149.29,0.0,0,New / Occasional,6,0.7634689539142405,28.5
12618,21.0,1,177.31,177.31,0.0,0,New / Occasional,6,0.7627123719809171,28.5
12587,7.0,1,144.0,144.0,0.0,0,New / Occasional,6,0.7636116048401256,28.5
18274,29.0,1,175.92,175.92,0.0,0,New / Occasional,6,0.7627499433315059,28.5
12442,2.0,1,172.06,172.06,0.0,0,New / Occasional,6,0.7628542566657717,28.5
14349,9.0,1,133.5,133.5,0.0,0,New / Occasional,6,0.7638945734003181,28.5
13638,15.0,1,122.64,122.64,0.0,0,New / Occasional,6,0.7641869974412842,28.5
15419,24.0,1,135.86,135.86,0.0,0,New / Occasional,6,0.7638309932426828,28.5
15567,18.0,1,186.01,186.01,0.0,0,New / Occasional,6,0.7624771200655501,28.5
17947,36.0,1,176.68,176.68,0.0,0,New / Occasional,6,0.762729401230403,28.5
16382,407.0,2,353.1,176.55,142.0,1,Lost,5,0.6529531207791774,28.5
13603,25.0,1,164.34,164.34,0.0,0,New / Occasional,6,0.763062788498807,28.5
17153,23.0,1,213.78,213.78,0.0,0,New / Occasional,6,0.7617251329605788,28.6
12660,10.0,1,245.1,245.1,0.0,0,New / Occasional,6,0.7608750538703285,28.6
14881,19.0,1,255.4,255.4,0.0,0,New / Occasional,6,0.7605950400236157,28.6
12702,19.0,1,219.0,219.0,0.0,0,New / Occasional,6,0.7615835974423696,28.6
13436,1.0,1,196.89,196.89,0.0,0,New / Occasional,6,0.7621826940686676,28.6
15790,9.0,1,220.85,220.85,0.0,0,New / Occasional,6,0.7615334225282084,28.6
13926,22.0,1,223.85,223.85,0.0,0,New / Occasional,6,0.7614520423868851,28.6
13017,6.0,1,204.0,204.0,0.0,0,New / Occasional,6,0.7619901532381146,28.6
13146,25.0,1,228.91,228.91,0.0,0,New / Occasional,6,0.7613147380088144,28.6
12810,534.0,2,534.99,267.495,142.0,1,Lost,5,0.6499522037002675,28.6
16528,3.0,1,244.41,244.41,0.0,0,New / Occasional,6,0.7608938040508632,28.6
17010,17.0,1,195.36,195.36,0.0,0,New / Occasional,6,0.7622241128919752,28.6
13322,16.0,1,199.48,199.48,0.0,0,New / Occasional,6,0.762112568538915,28.6
15783,10.0,1,246.3,246.3,0.0,0,New / Occasional,6,0.7608424424592642,28.6
18169,60.0,1,202.65,202.65,0.0,0,New / Occasional,6,0.7620267198664831,28.6
17385,14.0,1,261.11,261.11,0.0,0,New / Occasional,6,0.7604397122727499,28.6
13349,10.0,1,247.32,247.32,0.0,0,New / Occasional,6,0.7608147203622937,28.6
18126,60.0,1,206.83,206.83,0.0,0,New / Occasional,6,0.76191348621198,28.6
16482,15.0,1,220.62,220.62,0.0,0,New / Occasional,6,0.7615396608852885,28.6
14601,10.0,1,213.96,213.96,0.0,0,New / Occasional,6,0.761720253386781,28.6
15758,24.0,1,205.25,205.25,0.0,0,New / Occasional,6,0.7619562918040164,28.6
14666,23.0,1,195.25,195.25,0.0,0,New / Occasional,6,0.7622270905246176,28.6
13828,21.0,1,209.49,209.49,0.0,0,New / Occasional,6,0.7618414091476602,28.6
17793,24.0,1,323.04,323.04,0.0,0,New / Occasional,6,0.7587506141463818,28.7
13142,18.0,1,307.09,307.09,0.0,0,New / Occasional,6,0.7591864148632581,28.7
15318,3.0,1,312.62,312.62,0.0,0,New / Occasional,6,0.7590353799646639,28.7
17636,18.0,1,285.56,285.56,0.0,0,New / Occasional,6,0.7597738244882786,28.7
12650,2.0,1,314.44,314.44,0.0,0,New / Occasional,6,0.7589856581378739,28.7
14703,14.0,1,318.17,318.17,0.0,0,New / Occasional,6,0.7588837338347304,28.7
12558,7.0,1,269.96,269.96,0.0,0,New / Occasional,6,0.7601988314839877,28.7
13449,23.0,1,291.88,291.88,0.0,0,New / Occasional,6,0.7596014956277324,28.7
14424,17.0,1,322.08,322.08,0.0,0,New / Occasional,6,0.7587768593653484,28.7
15699,17.0,1,309.65,309.65,0.0,0,New / Occasional,6,0.7591165043933187,28.7
17247,14.0,1,282.19,282.19,0.0,0,New / Occasional,6,0.7598656804973997,28.7
13986,16.0,1,320.46,320.46,0.0,0,New / Occasional,6,0.7588211437560856,28.7
15148,10.0,1,301.29,301.29,0.0,0,New / Occasional,6,0.7593447545152542,28.7
15556,23.0,1,279.77,279.77,0.0,0,New / Occasional,6,0.7599316275579017,28.7
16956,17.0,1,308.74,308.74,0.0,0,New / Occasional,6,0.7591413569677993,28.7
17973,51.0,1,337.04,337.04,0.0,0,New / Occasional,6,0.7583676501050631,28.7
15619,10.0,1,336.4,336.4,0.0,0,New / Occasional,6,0.7583851660645803,28.7
18003,375.0,1,358.61,358.61,0.0,1,Lost,6,0.7577768016563214,28.8
13923,53.0,1,351.13,351.13,0.0,0,New / Occasional,6,0.7579818061342308,28.8
16052,53.0,1,362.06,362.06,0.0,0,New / Occasional,6,0.7576822076488445,28.8
16909,71.0,1,379.14,379.14,0.0,0,New / Occasional,6,0.7572135287371714,28.8
12544,35.0,1,372.7,372.7,0.0,0,New / Occasional,6,0.7573903160344733,28.8
17948,146.0,1,358.56,358.56,0.0,1,Lost,6,0.7577781723992587,28.8
13228,80.0,1,358.0,358.0,0.0,0,New / Occasional,6,0.7577935243595932,28.8
14528,36.0,1,364.22,364.22,0.0,0,New / Occasional,6,0.7576229707855406,28.8
13372,89.0,1,378.64,378.64,0.0,0,New / Occasional,6,0.7572272575921727,28.8
17614,56.0,1,390.07,390.07,0.0,0,New / Occasional,6,0.7569132841965893,28.8
15975,83.0,1,371.01,371.01,0.0,0,New / Occasional,6,0.7574366944786842,28.8
13351,65.0,1,373.94,373.94,0.0,0,New / Occasional,6,0.7573562830468576,28.8
16758,64.0,1,369.34,369.34,0.0,0,New / Occasional,6,0.7574825181450836,28.8
12617,28.0,1,355.53,355.53,0.0,0,New / Occasional,6,0.7578612295705573,28.8
13352,59.0,1,397.98,397.98,0.0,0,New / Occasional,6,0.7566958411953394,28.8
12824,59.0,1,397.12,397.12,0.0,0,New / Occasional,6,0.756719488672748,28.8
18119,367.0,1,362.24,362.24,0.0,1,Lost,6,0.7576772716197046,28.8
12532,29.0,1,349.83,349.83,0.0,0,New / Occasional,6,0.7580174232052727,28.8
15099,83.0,1,410.48,410.48,0.0,0,New / Occasional,6,0.7563519518196979,28.8
16971,37.0,1,357.21,357.21,0.0,0,New / Occasional,6,0.7578151804636317,28.8
16423,24.0,1,346.12,346.12,0.0,0,New / Occasional,6,0.7581190492221973,28.8
16982,60.0,1,384.06,384.06,0.0,0,New / Occasional,6,0.7570784086757868,28.8
13998,446.0,3,566.7,188.9,129.0,1,Lost,5,0.6465181068599887,28.8
14752,43.0,1,389.64,389.64,0.0,0,New / Occasional,6,0.7569251009575859,28.8
15126,536.0,2,449.49,224.745,150.0,1,Lost,5,0.6453733028455401,28.8
15343,86.0,1,364.5,364.5,0.0,0,New / Occasional,6,0.7576152912118744,28.8
12566,85.0,1,351.65,351.65,0.0,0,New / Occasional,6,0.7579675583066577,28.8
13670,74.0,1,349.7,349.7,0.0,0,New / Occasional,6,0.7580209847161102,28.8
13210,93.0,1,353.48,353.48,0.0,1,New / Occasional,6,0.7579174123733996,28.8
15592,46.0,1,388.58,388.58,0.0,0,New / Occasional,6,0.7569542289819479,28.8
15196,432.0,2,316.25,158.125,293.0,1,Lost,4,0.5346239635412772,28.8
15345,45.0,1,393.54,393.54,0.0,0,New / Occasional,6,0.7568179114130922,28.8
18250,309.0,1,349.27,349.27,0.0,1,Lost,6,0.7580327648438789,28.8
15520,1.0,1,343.5,343.5,0.0,0,New / Occasional,6,0.7581907999492332,28.8
14638,50.0,1,443.6,443.6,0.0,0,New / Occasional,6,0.7554391905559847,28.9
15739,65.0,1,449.12,449.12,0.0,0,New / Occasional,6,0.7552868390653744,28.9
16025,29.0,1,439.66,439.66,0.0,0,New / Occasional,6,0.75554789495379,28.9
16021,394.0,2,532.25,266.125,149.0,1,Lost,5,0.6447485612272337,28.9
13541,426.0,2,785.25,392.625,143.0,1,Lost,5,0.6450521130451067,28.9
15557,28.0,1,473.65,473.65,0.0,0,New / Occasional,6,0.7546090375981279,28.9
18031,378.0,1,462.1,462.1,0.0,1,Lost,6,0.7549283395259869,28.9
14757,74.0,1,420.5,420.5,0.0,0,New / Occasional,6,0.7560760522861645,28.9
16881,66.0,1,432.0,432.0,0.0,0,New / Occasional,6,0.7557591404004252,28.9
13545,390.0,2,374.64,187.32,153.0,1,Lost,5,0.6443620452910008,28.9
15450,29.0,1,429.84,429.84,0.0,0,New / Occasional,6,0.7558186859696439,28.9
15553,59.0,1,437.23,437.23,0.0,0,New / Occasional,6,0.7556149222313797,28.9
17182,422.0,2,321.3,160.65,295.0,1,Lost,4,0.5328977355674241,28.9
16404,69.0,1,443.05,443.05,0.0,0,New / Occasional,6,0.7554543669907424,28.9
13595,516.0,3,818.22,272.74,129.0,1,Lost,5,0.64380636326546,28.9
12740,63.0,1,427.6,427.6,0.0,0,New / Occasional,6,0.7558804265497026,28.9
15207,415.0,3,683.92,227.97333333333333,130.0,1,Lost,5,0.6445032166583974,28.9
14124,83.0,1,419.58,419.58,0.0,0,New / Occasional,6,0.7561013932002466,28.9
14184,66.0,1,452.89,452.89,0.0,0,New / Occasional,6,0.7551827505475796,28.9
12491,38.0,1,460.4,460.4,0.0,0,New / Occasional,6,0.7549753126494344,28.9
18176,357.0,1,476.35,476.35,0.0,1,Lost,6,0.7545343551189209,28.9
12448,43.0,1,449.45,449.45,0.0,0,New / Occasional,6,0.7552777290636993,28.9
16236,77.0,1,432.2,432.2,0.0,0,New / Occasional,6,0.7557536264246942,28.9
15360,39.0,1,427.93,427.93,0.0,0,New / Occasional,6,0.7558713315031252,28.9
12579,77.0,1,440.42,440.42,0.0,0,New / Occasional,6,0.755526929137318,28.9
15475,76.0,1,454.11,454.11,0.0,0,New / Occasional,6,0.7551490603228187,28.9
17052,27.0,1,413.75,413.75,0.0,0,New / Occasional,6,0.7562619360085256,28.9
14296,420.0,2,456.4,228.2,152.0,1,Lost,5,0.6437531695315142,28.9
15930,66.0,1,426.63,426.63,0.0,0,New / Occasional,6,0.7559071591462697,28.9
14333,67.0,1,415.2,415.2,0.0,0,New / Occasional,6,0.756222013528546,28.9
18233,325.0,1,440.0,440.0,0.0,1,Lost,6,0.7555385156599314,28.9
14317,64.0,1,508.58,508.58,0.0,0,New / Occasional,6,0.7536416840281459,29.0
14158,39.0,1,507.66,507.66,0.0,0,New / Occasional,6,0.7536671954484031,29.0
17520,53.0,1,546.81,546.81,0.0,0,New / Occasional,6,0.7525800019115084,29.0
15008,479.0,2,360.0,180.0,157.0,1,Lost,5,0.6415900414979839,29.0
17333,85.0,1,494.25,494.25,0.0,0,New / Occasional,6,0.7540388502168777,29.0
15000,47.0,1,490.52,490.52,0.0,0,New / Occasional,6,0.7541421590380997,29.0
13176,45.0,1,492.84,492.84,0.0,0,New / Occasional,6,0.7540779060514667,29.0
16820,95.0,1,497.61,497.61,0.0,1,New / Occasional,6,0.7539457641491331,29.0
12512,65.0,2,138.03,69.015,0.0,0,New / Occasional,6,0.752895413749543,29.0
15193,60.0,1,499.32,499.32,0.0,0,New / Occasional,6,0.7538983808782889,29.0
18049,436.0,2,556.52,278.26,153.0,1,Lost,5,0.6413278147494587,29.0
13390,74.0,1,544.08,544.08,0.0,0,New / Occasional,6,0.7526559182401451,29.0
15526,32.0,2,148.44,74.22,0.0,0,New / Occasional,6,0.7527546626470082,29.0
17415,79.0,1,507.84,507.84,0.0,0,New / Occasional,6,0.7536622042235048,29.0
18159,300.0,1,530.15,530.15,0.0,1,Lost,6,0.7530430426341135,29.0
17925,372.0,1,488.16,488.16,0.0,1,Lost,6,0.7542075082248619,29.0
13732,27.0,1,491.86,491.86,0.0,0,New / Occasional,6,0.7541050487796115,29.0
17712,44.0,1,522.91,522.91,0.0,0,New / Occasional,6,0.7532440863853586,29.0
12390,79.0,1,549.84,549.84,0.0,0,New / Occasional,6,0.752495724818277,29.0
15300,63.0,1,496.44,496.44,0.0,0,New / Occasional,6,0.7539781807406418,29.0
15417,84.0,1,508.8,508.8,0.0,0,New / Occasional,6,0.7536355832076507,29.0
12420,63.0,1,600.39,600.39,0.0,0,New / Occasional,6,0.751086876119276,29.1
14611,443.0,2,604.33,302.165,154.0,1,Lost,5,0.639771646579722,29.1
13260,60.0,1,557.62,557.62,0.0,0,New / Occasional,6,0.7522792419466664,29.1
14985,197.0,2,296.75,148.375,159.0,1,Lost,5,0.6411360386665536,29.1
16685,60.0,2,324.24,162.12,0.0,0,New / Occasional,6,0.7503695905175971,29.1
12667,57.0,1,620.13,620.13,0.0,0,New / Occasional,6,0.7505352609088547,29.1
16613,69.0,1,618.59,618.59,0.0,0,New / Occasional,6,0.750578324056463,29.1
12542,483.0,2,481.88,240.94,156.0,1,Lost,5,0.6403079362153937,29.1
15830,37.0,1,576.0,576.0,0.0,0,New / Occasional,6,0.7517673039083121,29.1
15275,37.0,1,615.14,615.14,0.0,0,New / Occasional,6,0.7506747786761416,29.1
17970,210.0,1,582.59,582.59,0.0,1,Lost,6,0.7515835801840719,29.1
18275,577.0,2,741.85,370.925,152.0,1,Lost,5,0.6389824464938378,29.2
16708,45.0,1,656.63,656.63,0.0,0,New / Occasional,6,0.749513156090041,29.2
16056,44.0,1,664.85,664.85,0.0,0,New / Occasional,6,0.7492825882070201,29.2
15884,431.0,2,249.7,124.85,303.0,1,Lost,4,0.5276481303127759,29.2
14026,470.0,2,713.11,356.555,154.0,1,Lost,5,0.6379480352278944,29.2
13518,85.0,1,659.44,659.44,0.0,0,New / Occasional,6,0.7494343525395928,29.2
15037,375.0,2,402.51,201.255,0.0,1,Lost,6,0.7493027776059765,29.2
18024,152.0,2,389.78,194.89,0.0,1,Lost,6,0.7494764927398887,29.2
13325,81.0,1,675.3,675.3,0.0,0,New / Occasional,6,0.7489892658575245,29.2
14923,50.0,1,749.1,749.1,0.0,0,New / Occasional,6,0.746911276982097,29.3
17391,163.0,2,508.8,254.4,0.0,1,Lost,6,0.7478492052257861,29.3
12612,73.0,1,704.04,704.04,0.0,0,New / Occasional,6,0.7481813833305333,29.3
16864,433.0,2,409.25,204.625,164.0,1,Lost,5,0.6354569946124408,29.3
16480,75.0,1,769.29,769.29,0.0,0,New / Occasional,6,0.7463408092377432,29.3
13175,581.0,2,831.45,415.725,153.0,1,Lost,5,0.6367197789717002,29.3
14097,480.0,2,422.86,211.43,164.0,1,Lost,5,0.6352278794881334,29.3
13356,79.0,1,768.24,768.24,0.0,0,New / Occasional,6,0.7463704978652436,29.3
17761,32.0,1,712.78,712.78,0.0,0,New / Occasional,6,0.747935359807117,29.3
12743,133.0,2,546.43,273.215,0.0,1,Lost,6,0.7473332579875065,29.3
15418,424.0,2,452.32,226.16,161.0,1,Lost,5,0.6370134010302019,29.3
17976,371.0,1,706.38,706.38,0.0,1,Lost,6,0.7481155299513842,29.3
15230,238.0,2,429.6,214.8,1.0,1,Lost,6,0.7483146831414104,29.3
13354,70.0,1,743.53,743.53,0.0,0,New / Occasional,6,0.7470685077695659,29.3
15935,238.0,2,416.86,208.43,2.0,1,Lost,6,0.7478701106894303,29.3
13150,483.0,3,449.97,149.99,146.0,1,Lost,5,0.6349297943844711,29.4
14372,442.0,2,860.08,430.04,156.0,1,Lost,5,0.633954712596544,29.4
15075,77.0,1,773.03,773.03,0.0,0,New / Occasional,6,0.746235042537125,29.4
12965,88.0,1,771.91,771.91,0.0,0,New / Occasional,6,0.746266719040144,29.4
16505,31.0,1,777.6,777.6,0.0,0,New / Occasional,6,0.7461057640444299,29.4
12522,38.0,2,192.72,96.36,12.0,0,New / Occasional,6,0.7447344208073179,29.4
12365,290.0,2,641.38,320.69,0.0,1,Lost,6,0.7460282898740627,29.4
13336,76.0,1,795.12,795.12,0.0,0,New / Occasional,6,0.7456097469151546,29.4
17186,46.0,2,144.0,72.0,13.0,0,New / Occasional,6,0.7447829423147925,29.4
14557,84.0,1,788.38,788.38,0.0,0,New / Occasional,6,0.7458006418242895,29.4
15700,171.0,2,696.68,348.34,1.0,1,Lost,6,0.7446421117565353,29.4
18121,148.0,2,673.1,336.55,5.0,1,Lost,6,0.7424634157497693,29.5
12772,59.0,1,892.47,892.47,0.0,0,New / Occasional,6,0.7428420161060639,29.5
15137,520.0,2,823.4,411.7,159.0,1,Lost,5,0.6322848149503318,29.5
15066,52.0,1,893.59,893.59,0.0,0,New / Occasional,6,0.7428100594046327,29.5
15543,287.0,2,242.84,121.42,171.0,1,Lost,5,0.6329278055730884,29.5
17413,404.0,2,560.14,280.07,165.0,1,Lost,5,0.6321499478067462,29.5
16893,366.0,2,401.77,200.885,9.0,1,Lost,6,0.743718807427005,29.5
14660,86.0,2,285.74,142.87,14.0,0,New / Occasional,6,0.7421923415547971,29.6
15516,44.0,3,62.43,20.81,1.0,0,New / Occasional,6,0.7403853680598435,29.6
12767,375.0,1,949.82,949.82,0.0,1,Lost,6,0.7412023275529055,29.6
13885,188.0,2,506.8,253.4,11.0,1,Lost,6,0.7410026853568634,29.6
13934,263.0,1,922.1,922.1,0.0,1,Lost,6,0.7419957163653319,29.6
14331,123.0,2,462.66,231.33,10.0,1,Lost,6,0.7422466773665609,29.6
15461,460.0,2,429.7,214.85,170.0,1,Lost,5,0.6305332526809593,29.6
13075,129.0,1,919.61,919.61,0.0,1,Lost,6,0.7420669062650205,29.6
16216,266.0,1,914.93,914.93,0.0,1,Lost,6,0.7422006742844092,29.6
15165,372.0,1,975.5,975.5,0.0,1,Lost,6,0.7404659112344142,29.6
16828,92.0,2,128.5,64.25,19.0,1,New / Occasional,6,0.7412347060887996,29.6
12559,310.0,2,561.71,280.855,8.0,1,Lost,6,0.74212661050033,29.6
17556,205.0,2,300.67,150.335,173.0,1,Lost,5,0.630421673003194,29.6
16472,433.0,2,789.6,394.8,163.0,1,Lost,5,0.6297974574041305,29.6
14115,501.0,2,622.67,311.335,165.0,1,Lost,5,0.6310927846887627,29.6
17622,597.0,2,1130.21,565.105,0.0,1,Lost,6,0.7392398992588382,29.7
15546,606.0,2,1079.1,539.55,0.0,1,Lost,6,0.7399551343114747,29.7
15350,372.0,2,663.25,331.625,9.0,1,Lost,6,0.7400807538739046,29.7
13460,28.0,2,183.44,91.72,20.0,0,New / Occasional,6,0.7398365236415712,29.7
13235,211.0,1,1031.07,1031.07,0.0,1,Lost,6,0.7388676976044337,29.7
15464,337.0,1,1048.85,1048.85,0.0,1,Lost,6,0.7383549966055093,29.7
14917,596.0,2,1123.75,561.875,0.0,1,Lost,6,0.7393303709766766,29.7
14872,483.0,3,816.6,272.2,149.0,1,Lost,5,0.6286206068525415,29.7
14308,548.0,2,1147.02,573.51,0.0,1,Lost,6,0.7390043814893584,29.7
13493,274.0,2,618.63,309.315,11.0,1,Lost,6,0.7394401680087351,29.7
16484,173.0,2,404.3,202.15,17.0,1,Lost,6,0.7386426301129461,29.7
16808,98.0,2,288.42,144.21,175.0,1,Lost,5,0.6290974266882988,29.7
15333,207.0,1,1028.56,1028.56,0.0,1,Lost,6,0.7389400231825963,29.7
13526,737.0,2,1182.0,591.0,0.0,1,Lost,6,0.7385138507150948,29.7
16006,210.0,2,347.17,173.585,176.0,1,Lost,5,0.6273331929181727,29.7
15565,49.0,2,173.16,86.58,20.0,0,New / Occasional,6,0.7399802710248298,29.7
15355,28.0,2,277.05,138.525,23.0,0,New / Occasional,6,0.736617776245706,29.8
15828,374.0,1,1108.82,1108.82,0.0,1,Lost,6,0.7366209259050619,29.8
17945,696.0,3,360.35,120.11666666666667,0.0,1,At Risk (was loyal),6,0.7383145220580976,29.8
15069,178.0,1,1109.53,1109.53,0.0,1,Lost,6,0.736600351637988,29.8
15612,35.0,2,195.15,97.575,25.0,0,New / Occasional,6,0.7364977326142644,29.8
14411,310.0,1,1063.0,1063.0,0.0,1,Lost,6,0.7379465055241538,29.8
12354,231.0,1,1079.4,1079.4,0.0,1,Lost,6,0.7374725457593642,29.8
12534,130.0,1,1089.18,1089.18,0.0,1,Lost,6,0.7371896412658403,29.8
16270,352.0,1,1141.24,1141.24,0.0,1,Lost,6,0.7356804121027541,29.9
15956,550.0,2,617.6,308.8,175.0,1,Lost,5,0.6234993855578695,29.9
13270,365.0,1,1180.0,1180.0,0.0,1,Lost,6,0.734553152734297,29.9
15959,681.0,3,579.49,193.16333333333333,0.0,1,At Risk (was loyal),6,0.7363156397873004,29.9
14271,225.0,2,219.13,109.565,183.0,1,Lost,5,0.62412710224754,29.9
17918,500.0,3,396.39,132.13,4.0,1,At Risk (was loyal),6,0.73543789444154,29.9
17773,513.0,2,585.27,292.635,175.0,1,Lost,5,0.6240506802367959,29.9
12769,238.0,1,1143.6,1143.6,0.0,1,Lost,6,0.735611863843839,29.9
15004,146.0,1,1246.32,1246.32,0.0,1,Lost,6,0.7326172579056047,30.0
17067,724.0,3,454.54,151.51333333333335,6.0,1,At Risk (was loyal),6,0.733622841730011,30.0
14802,437.0,2,1502.98,751.49,0.0,1,Lost,6,0.7339849718189254,30.0
14002,133.0,2,529.73,264.865,22.0,1,Lost,6,0.7336825860381258,30.0
14082,364.0,2,413.36,206.68,27.0,1,Lost,6,0.7321227189485289,30.1
15390,395.0,2,1216.66,608.33,12.0,1,Lost,6,0.7303349192942193,30.1
13328,315.0,1,1308.48,1308.48,0.0,1,Lost,6,0.7307946756290133,30.1
12958,399.0,2,539.49,269.745,182.0,1,Lost,5,0.6194253980062201,30.1
15171,330.0,1,1289.5,1289.5,0.0,1,Lost,6,0.7313520162486378,30.1
13987,379.0,2,682.54,341.27,21.0,1,Lost,6,0.7321521109019267,30.1
12735,314.0,2,779.57,389.785,21.0,1,Lost,6,0.7307672449339839,30.1
13730,135.0,2,752.6,376.3,25.0,1,Lost,6,0.7285620442081954,30.2
13731,218.0,2,610.59,305.295,27.0,1,Lost,6,0.7293028109103606,30.2
16230,189.0,2,542.03,271.015,30.0,1,Lost,6,0.7283397562969985,30.2
15232,112.0,2,612.06,306.03,27.0,1,Lost,6,0.7292817235529294,30.2
13605,386.0,2,522.67,261.335,184.0,1,Lost,5,0.6181640021085438,30.2
13572,205.0,1,1384.25,1384.25,0.0,1,Lost,6,0.7285624541825538,30.2
12493,165.0,2,433.74,216.87,31.0,1,Lost,6,0.7292457375331778,30.2
15349,157.0,2,473.81,236.905,29.0,1,Lost,6,0.72996740438268,30.2
15736,434.0,2,1815.72,907.86,0.0,1,Lost,6,0.7295245505080679,30.2
15566,392.0,2,227.87,113.935,331.0,1,Lost,4,0.5050791187337649,30.3
15334,156.0,3,351.67,117.22333333333334,16.0,1,Lost,6,0.7281147483296342,30.3
12386,337.0,2,660.8,330.4,29.0,1,Lost,6,0.7272808663609321,30.3
14671,548.0,2,1127.45,563.725,18.0,1,Lost,6,0.7277220519891471,30.3
16866,140.0,3,207.74,69.24666666666667,20.0,1,At Risk (was loyal),6,0.7268537231091303,30.3
17780,666.0,3,352.91,117.63666666666667,17.0,1,At Risk (was loyal),6,0.7274524115626099,30.3
18050,358.0,2,412.06,206.03,33.0,1,Lost,6,0.728258500777304,30.3
17366,431.0,2,1096.24,548.12,23.0,1,Lost,6,0.724908069242935,30.4
16088,575.0,2,1437.43,718.715,15.0,1,Lost,6,0.7252045310883631,30.4
12675,553.0,2,958.5,479.25,24.0,1,Lost,6,0.726246825830493,30.4
13370,371.0,1,1509.74,1509.74,0.0,1,Lost,6,0.7248400171867363,30.4
16228,384.0,3,890.81,296.93666666666667,14.0,1,At Risk (was loyal),6,0.7243728330722702,30.4
12878,235.0,2,854.99,427.495,29.0,1,Lost,6,0.7244732681470405,30.4
12687,480.0,2,2138.91,1069.455,0.0,1,Lost,6,0.7248659512910852,30.4
16674,54.0,2,319.61,159.805,43.0,0,New / Occasional,6,0.7230565955172674,30.5
14490,405.0,2,1273.47,636.735,22.0,1,Lost,6,0.7229909581946551,30.5
18026,500.0,2,2074.07,1037.035,4.0,1,Lost,6,0.7231819575275782,30.5
12818,261.0,1,1542.08,1542.08,0.0,1,Lost,6,0.7238755924763783,30.5
14170,374.0,3,597.33,199.11,19.0,1,Lost,6,0.7238529347698636,30.5
12888,213.0,2,354.12,177.06,41.0,1,Lost,6,0.723869269706752,30.5
16644,177.0,2,833.78,416.89,34.0,1,Lost,6,0.7214925698723101,30.6
17776,386.0,2,338.56,169.28,336.0,1,Lost,4,0.49896257492591367,30.6
17229,95.0,2,318.76,159.38,46.0,1,New / Occasional,6,0.7210913829469128,30.6
17265,138.0,2,562.9,281.45,41.0,1,Lost,6,0.7208267359291162,30.6
17967,371.0,2,357.29,178.645,44.0,1,Lost,6,0.721848961460782,30.6
13559,512.0,2,990.0,495.0,30.0,1,Lost,6,0.7218517256412217,30.6
12880,381.0,2,640.13,320.065,192.0,1,Lost,5,0.6099136827921272,30.6
18141,401.0,2,882.47,441.235,187.0,1,Lost,5,0.6096317828534233,30.6
13713,407.0,3,743.26,247.75333333333333,174.0,1,Lost,5,0.6100774205151646,30.6
16957,238.0,2,416.64,208.32,42.0,1,Lost,6,0.7223019344286127,30.6
13933,108.0,2,608.79,304.395,39.0,1,Lost,6,0.7214773043108175,30.6
17890,322.0,2,602.09,301.045,38.0,1,Lost,6,0.7222345720976302,30.6
13850,128.0,1,1595.48,1595.48,0.0,1,Lost,6,0.7222785603683712,30.6
12764,316.0,1,1693.88,1693.88,0.0,1,Lost,6,0.7193208729683078,30.7
15829,98.0,2,636.14,318.07,41.0,1,Lost,6,0.7197545619895006,30.7
13133,273.0,3,200.45,66.81666666666666,185.0,1,Lost,5,0.6075603430900577,30.7
12405,148.0,1,1710.39,1710.39,0.0,1,Lost,6,0.7188227410365122,30.7
16902,115.0,1,1706.88,1706.88,0.0,1,Lost,6,0.7189286881424212,30.7
15934,417.0,2,2190.66,1095.33,11.0,1,Lost,6,0.7168389274499883,30.8
18261,42.0,2,324.24,162.12,52.0,0,New / Occasional,6,0.7170295718200796,30.8
17477,612.0,2,1144.3,572.15,34.0,1,Lost,6,0.7169362092981282,30.8
16990,218.0,2,344.0,172.0,203.0,1,Lost,5,0.6064308053313416,30.8
15729,212.0,3,192.55,64.18333333333334,190.0,1,Lost,5,0.6037265253672467,30.9
17507,261.0,2,605.58,302.79,47.0,1,Lost,6,0.7162135170784256,30.9
16039,423.0,2,456.4,228.2,204.0,1,Lost,5,0.6036942413679907,30.9
18183,226.0,2,632.07,316.035,47.0,1,Lost,6,0.7158221364068933,30.9
15258,168.0,2,623.16,311.58,48.0,1,Lost,6,0.7152853309362568,30.9
16152,268.0,1,1829.04,1829.04,0.0,1,Lost,6,0.7152271065166791,30.9
13406,426.0,2,568.92,284.46,204.0,1,Lost,5,0.6017365437225807,31.0
18147,45.0,2,179.34,89.67,62.0,0,New / Occasional,6,0.7124791499555359,31.0
14746,405.0,4,593.5,148.375,17.0,1,At Risk (was loyal),6,0.7125998724427653,31.0
15433,213.0,2,533.3,266.65,53.0,1,Lost,6,0.713265972865248,31.0
13272,30.0,2,276.56,138.28,58.0,0,New / Occasional,6,0.7137220394014516,31.0
17132,451.0,2,1272.8,636.4,36.0,1,Lost,6,0.7136970420800655,31.0
16935,381.0,3,535.1,178.36666666666667,39.0,1,At Risk (was loyal),6,0.7111322352964041,31.1
13190,543.0,3,570.66,190.22,188.0,1,Lost,5,0.6010349107214202,31.1
12439,682.0,2,1158.18,579.09,43.0,1,Lost,6,0.7106910848065399,31.1
13540,466.0,3,632.39,210.79666666666665,188.0,1,Lost,5,0.600337582784588,31.1
12385,378.0,1,1938.4,1938.4,0.0,1,Lost,6,0.7118886119036386,31.1
12629,385.0,2,1558.22,779.11,37.0,1,Lost,6,0.7087630883452453,31.2
12734,352.0,3,639.65,213.21666666666667,39.0,1,Lost,6,0.7101197161607979,31.2
14779,280.0,3,386.15,128.71666666666667,43.0,1,Lost,6,0.7098725283841192,31.2
13346,462.0,6,299.4,49.9,133.0,1,At Risk (was loyal),5,0.5989357828756801,31.2
17845,554.0,4,598.19,149.5475,21.0,1,At Risk (was loyal),6,0.7098683039262607,31.2
15876,408.0,2,1449.14,724.57,39.0,1,Lost,6,0.7090429693514466,31.2
17630,169.0,2,503.6,251.8,62.0,1,Lost,6,0.7076285340000499,31.3
14926,381.0,2,359.4,179.7,216.0,1,Lost,5,0.5959245201352796,31.3
13248,124.0,2,465.68,232.84,64.0,1,Lost,6,0.7068387690946027,31.3
15724,200.0,3,310.85,103.61666666666667,199.0,1,Lost,5,0.5952910176318601,31.3
15784,467.0,2,848.33,424.165,204.0,1,Lost,5,0.5968612099578063,31.3
17252,116.0,2,353.86,176.93,69.0,1,Lost,6,0.7051161144109128,31.4
12797,365.0,2,806.11,403.055,58.0,1,Lost,6,0.7057959542888659,31.4
12501,336.0,1,2169.39,2169.39,0.0,1,Lost,6,0.7047610907217287,31.4
15728,379.0,2,544.6,272.3,64.0,1,Lost,6,0.7056490874505728,31.4
12999,195.0,3,455.88,151.96,49.0,1,Lost,6,0.7051143330870095,31.4
15648,203.0,2,657.35,328.675,62.0,1,Lost,6,0.705311875526174,31.4
16246,459.0,2,827.25,413.625,209.0,1,Lost,5,0.5932727425549177,31.4
13785,428.0,4,542.49,135.6225,31.0,1,At Risk (was loyal),6,0.7034555791265311,31.5
18248,122.0,2,804.02,402.01,63.0,1,Lost,6,0.702405796487566,31.5
14377,190.0,2,617.05,308.525,70.0,1,Lost,6,0.7004354550090185,31.6
13459,624.0,2,1160.41,580.205,57.0,1,Lost,6,0.7011109175826051,31.6
15430,467.0,2,954.75,477.375,60.0,1,Lost,6,0.7021762671246222,31.6
16538,540.0,3,399.62,133.20666666666668,54.0,1,At Risk (was loyal),6,0.702242174113646,31.6
15589,255.0,3,478.53,159.51,54.0,1,Lost,6,0.7014645189004888,31.6
13543,633.0,2,1439.61,719.805,52.0,1,Lost,6,0.7003007817183318,31.7
13930,57.0,2,337.34,168.67,78.0,0,New / Occasional,6,0.6991845894507039,31.7
12624,105.0,2,641.13,320.565,71.0,1,Lost,6,0.6993780264222038,31.7
14877,417.0,2,437.0,218.5,224.0,1,Lost,5,0.5882160260485557,31.7
16310,413.0,2,460.08,230.04,227.0,1,Lost,5,0.5854200942783011,31.8
12800,469.0,3,584.25,194.75,206.0,1,Lost,5,0.5866206422929661,31.8
13811,183.0,3,814.5,271.5,55.0,1,Lost,6,0.6974478468110773,31.8
14620,205.0,2,412.78,206.39,78.0,1,Lost,6,0.6980304201607617,31.8
12862,425.0,2,1008.32,504.16,69.0,1,Lost,6,0.6951328715587134,31.9
13252,393.0,2,399.3,199.65,231.0,1,Lost,5,0.5833014607700999,31.9
13585,530.0,3,684.54,228.17999999999998,207.0,1,Lost,5,0.5846773886915724,31.9
17704,168.0,2,885.19,442.595,71.0,1,Lost,6,0.6956364148140646,31.9
12711,611.0,2,1339.05,669.525,65.0,1,Lost,6,0.6928197049318824,32.0
17795,179.0,2,350.39,175.195,85.0,1,Lost,6,0.6941251227012332,32.0
16765,293.0,2,454.75,227.375,88.0,1,Lost,6,0.6904104281929525,32.1
16449,197.0,2,707.69,353.845,82.0,1,Lost,6,0.6906946122343989,32.1
15174,322.0,2,481.46,240.73,87.0,1,Lost,6,0.6906976310704204,32.1
12671,605.0,1,2622.481,2622.481,0.0,1,Lost,6,0.6904878450411421,32.1
13898,325.0,2,686.4,343.2,85.0,1,Lost,6,0.6889170396119653,32.2
14831,679.0,3,1676.57,558.8566666666667,57.0,1,Lost,6,0.6874027820327592,32.3
13703,317.0,2,425.56,212.78,96.0,1,Lost,6,0.6852233161779394,32.4
14600,305.0,2,865.17,432.585,87.0,1,Lost,6,0.6847098788078924,32.4
13205,442.0,1,2803.2,2803.2,0.0,1,Lost,6,0.6846898263682193,32.4
14048,304.0,3,748.69,249.56333333333336,77.0,1,Lost,6,0.6826566617108675,32.5
13967,145.0,2,166.3,83.15,250.0,1,Lost,5,0.5722066422112791,32.5
15191,462.0,3,588.05,196.01666666666665,225.0,1,Lost,5,0.57136498292602,32.5
12788,462.0,4,444.9,111.225,65.0,1,At Risk (was loyal),6,0.680370064833345,32.6
14455,431.0,4,628.21,157.0525,63.0,1,At Risk (was loyal),6,0.6804309018711208,32.6
17094,321.0,2,402.2,201.1,101.0,1,Lost,6,0.6820382612245791,32.6
14972,127.0,2,145.07,72.535,252.0,1,Lost,5,0.5709756558898472,32.6
16428,413.0,3,660.28,220.09333333333333,84.0,1,At Risk (was loyal),6,0.6785634581675418,32.7
17529,609.0,2,1240.25,620.125,87.0,1,Lost,6,0.6787968747175295,32.7
16677,410.0,2,880.62,440.31,240.0,1,Lost,5,0.5675358768264315,32.7
17209,648.0,3,611.6,203.86666666666667,87.0,1,At Risk (was loyal),6,0.676911893099478,32.8
14517,32.0,2,330.45,165.225,108.0,0,New / Occasional,6,0.6781699970561147,32.8
16402,264.0,2,511.4,255.7,104.0,1,Lost,6,0.6781680689474352,32.8
12511,428.0,1,3084.02,3084.02,0.0,1,Lost,6,0.6755654567926543,32.9
15454,361.0,2,307.69,153.845,256.0,1,Lost,5,0.564851997690651,32.9
17143,416.0,2,924.11,462.055,98.0,1,Lost,6,0.6759204764210038,32.9
16060,400.0,3,541.95,180.65,93.0,1,At Risk (was loyal),6,0.6733085269573996,33.0
15670,296.0,2,325.2,162.6,259.0,1,Lost,5,0.56211517135357,33.0
15643,191.0,3,664.0,221.33333333333334,90.0,1,Lost,6,0.6742111458818134,33.0
15045,151.0,2,735.66,367.83,105.0,1,Lost,6,0.6738798343152371,33.0
13957,417.0,3,458.25,152.75,240.0,1,Lost,5,0.5607640225229751,33.1
17020,541.0,2,935.62,467.81,104.0,1,Lost,6,0.6714038560429163,33.1
15894,252.0,2,420.29,210.145,115.0,1,Lost,6,0.6716931722559459,33.1
18280,277.0,2,488.15,244.075,116.0,1,Lost,6,0.6698789091862078,33.2
15346,332.0,3,596.12,198.70666666666668,98.0,1,Lost,6,0.6691210240074484,33.2
12905,576.0,2,1018.42,509.21,105.0,1,Lost,6,0.6693485679050066,33.2
14807,390.0,2,519.29,259.645,259.0,1,Lost,5,0.5586408952931913,33.2
12440,461.0,2,859.2,429.6,255.0,1,Lost,5,0.5557889781324702,33.3
17380,433.0,3,645.0,215.0,100.0,1,At Risk (was loyal),6,0.6671539236213155,33.3
16166,427.0,2,435.83,217.915,263.0,1,Lost,5,0.5568957809190194,33.3
17270,468.0,2,604.4,302.2,262.0,1,Lost,5,0.5546827598122053,33.4
13480,416.0,2,627.82,313.91,262.0,1,Lost,5,0.5542623779862551,33.4
13529,78.0,2,307.76,153.88,125.0,0,New / Occasional,6,0.6662297205043166,33.4
15151,422.0,2,2085.61,1042.805,86.0,1,Lost,6,0.6659909846404439,33.4
14202,380.0,3,847.76,282.58666666666664,243.0,1,Lost,5,0.5538070409705839,33.4
14430,511.0,3,1220.9,406.9666666666667,95.0,1,Lost,6,0.6647740405181614,33.4
15715,555.0,5,658.02,131.60399999999998,63.0,1,At Risk (was loyal),6,0.6659291299408318,33.4
15055,474.0,3,560.07,186.69000000000003,248.0,1,Lost,5,0.5530964748087888,33.5
17258,396.0,2,417.3,208.65,268.0,1,Lost,5,0.5531720652084932,33.5
13407,578.0,3,2244.7,748.2333333333332,83.0,1,Lost,6,0.6628104227621836,33.5
13413,639.0,6,429.44,71.57333333333334,47.0,1,At Risk (was loyal),6,0.6639007391811688,33.5
14323,114.0,2,605.06,302.53,123.0,1,Lost,6,0.6628786521821993,33.5
13972,70.0,2,190.25,95.125,131.0,0,New / Occasional,6,0.6637411902712531,33.5
13729,435.0,3,724.73,241.57666666666668,248.0,1,Lost,5,0.5511788732315428,33.6
13221,239.0,2,847.41,423.705,119.0,1,Lost,6,0.6618789608464227,33.6
13010,373.0,2,330.12,165.06,274.0,1,Lost,5,0.5498640217431159,33.6
15014,42.0,2,260.17,130.085,133.0,0,New / Occasional,6,0.6611360835441542,33.6
15041,169.0,2,294.02,147.01,274.0,1,Lost,5,0.5505131817220223,33.6
12593,108.0,3,418.1,139.36666666666667,110.0,1,Lost,6,0.6622145288720607,33.6
12533,627.0,2,1367.89,683.945,110.0,1,Lost,6,0.6600289625078682,33.7
16552,242.0,2,475.02,237.51,130.0,1,Lost,6,0.6598451525022498,33.7
13626,252.0,2,707.04,353.52,126.0,1,Lost,6,0.6590097849951005,33.7
13675,150.0,2,486.82,243.41,133.0,1,Lost,6,0.6574367913149095,33.8
13002,317.0,3,414.13,138.04333333333332,116.0,1,Lost,6,0.6578340238714357,33.8
12363,109.0,2,552.0,276.0,132.0,1,Lost,6,0.6571098743485415,33.8
15257,282.0,2,685.9,342.95,130.0,1,Lost,6,0.656397582164529,33.8
13444,373.0,2,631.68,315.84,131.0,1,Lost,6,0.6565452702832846,33.8
17643,372.0,2,541.25,270.625,132.0,1,Lost,6,0.6572858492276625,33.8
13917,49.0,2,272.04,136.02,141.0,0,New / Occasional,6,0.6550292331759365,33.9
18184,14.0,1,49.8,49.8,0.0,0,New / Occasional,7,0.7661418608803507,33.9
14230,435.0,3,979.8,326.59999999999997,112.0,1,Lost,6,0.6547886005854209,33.9
15586,592.0,3,1139.1,379.7,108.0,1,Lost,6,0.6560616552097485,33.9
13166,282.0,2,884.18,442.09,131.0,1,Lost,6,0.6523963504570985,34.0
18249,16.0,1,95.34,95.34,0.0,0,New / Occasional,7,0.7649209900188181,34.0
17942,7.0,1,77.5,77.5,0.0,0,New / Occasional,7,0.7653997836605635,34.0
16148,295.0,2,386.62,193.31,140.0,1,Lost,6,0.6538893142992708,34.0
18015,3.0,1,120.03,120.03,0.0,0,New / Occasional,7,0.7642572388120147,34.0
17601,238.0,2,421.48,210.74,141.0,1,Lost,6,0.6525714712296792,34.0
13951,175.0,3,674.45,224.8166666666667,118.0,1,Lost,6,0.6535832158607057,34.0
16309,105.0,2,706.57,353.285,134.0,1,Lost,6,0.6530879082257574,34.0
13922,351.0,3,865.2,288.40000000000003,115.0,1,Lost,6,0.6537803833681367,34.0
13820,417.0,3,660.65,220.21666666666667,262.0,1,Lost,5,0.540527297224103,34.1
17904,20.0,1,191.67,191.67,0.0,0,New / Occasional,7,0.7623239849267002,34.1
15278,561.0,4,496.16,124.04,103.0,1,At Risk (was loyal),6,0.6522381014178397,34.1
17885,11.0,1,190.19,190.19,0.0,0,New / Occasional,7,0.7623640338902312,34.1
16993,463.0,2,1950.95,975.475,112.0,1,Lost,6,0.6489638589032887,34.2
14283,462.0,4,628.44,157.11,106.0,1,At Risk (was loyal),6,0.6489662549565889,34.2
17896,22.0,1,256.32,256.32,0.0,0,New / Occasional,7,0.7605700181503782,34.2
13332,13.0,1,350.9,350.9,0.0,0,New / Occasional,7,0.7579881078758511,34.3
17914,3.0,1,336.43,336.43,0.0,0,New / Occasional,7,0.758384345023306,34.3
18117,25.0,1,320.72,320.72,0.0,0,New / Occasional,7,0.7588140367583633,34.3
14804,8.0,1,353.27,353.27,0.0,0,New / Occasional,7,0.7579231671839012,34.3
14324,409.0,2,701.61,350.805,283.0,1,Lost,5,0.5358297739568391,34.3
15359,662.0,8,181.35,22.66875,30.0,1,At Risk (was loyal),6,0.6463823310979296,34.3
13844,10.0,1,361.62,361.62,0.0,0,New / Occasional,7,0.7576942732099399,34.3
13790,3.0,1,348.8,348.8,0.0,0,New / Occasional,7,0.7580456403508855,34.3
13298,0.0,1,360.0,360.0,0.0,0,New / Occasional,7,0.7577386928899928,34.3
18067,39.0,1,396.33,396.33,0.0,0,New / Occasional,7,0.7567412099812159,34.4
14950,18.0,1,371.2,371.2,0.0,0,New / Occasional,7,0.7574314806347721,34.4
18222,92.0,1,443.0,443.0,0.0,1,New / Occasional,7,0.755455746635046,34.4
16567,193.0,2,865.6,432.8,142.0,1,Lost,6,0.6444672419730033,34.4
18240,45.0,1,422.58,422.58,0.0,0,New / Occasional,7,0.756018753210789,34.4
17379,10.0,1,404.66,404.66,0.0,0,New / Occasional,7,0.7565121076922424,34.4
18164,36.0,1,399.65,399.65,0.0,0,New / Occasional,7,0.7566499166395261,34.4
16207,24.0,1,394.38,394.38,0.0,0,New / Occasional,7,0.7567948202359251,34.4
15725,14.0,1,415.25,415.25,0.0,0,New / Occasional,7,0.7562206368122761,34.4
13465,445.0,2,931.12,465.56,139.0,1,Lost,6,0.6456334842591807,34.4
14093,11.0,1,442.85,442.85,0.0,0,New / Occasional,7,0.7554598855363731,34.4
15268,478.0,3,961.9,320.6333333333333,126.0,1,Lost,6,0.6445141266434911,34.4
14365,394.0,2,634.68,317.34,287.0,1,Lost,5,0.5337708007556595,34.4
12795,18.0,1,430.48,430.48,0.0,0,New / Occasional,7,0.7558010438625727,34.4
18216,30.0,1,481.75,481.75,0.0,0,New / Occasional,7,0.7543849441622097,34.5
14803,161.0,3,845.55,281.84999999999997,130.0,1,Lost,6,0.6427572436490476,34.5
16504,24.0,1,484.38,484.38,0.0,0,New / Occasional,7,0.754312153285882,34.5
13665,385.0,3,1711.66,570.5533333333334,117.0,1,Lost,6,0.6431962942551646,34.5
15362,448.0,2,613.08,306.54,290.0,1,Lost,5,0.5317084528798025,34.5
13153,5.0,1,486.22,486.22,0.0,0,New / Occasional,7,0.7542612187020911,34.5
15721,11.0,1,507.08,507.08,0.0,0,New / Occasional,7,0.753683277821093,34.5
17105,158.0,2,665.78,332.89,147.0,1,Lost,6,0.6440306648494815,34.5
12479,10.0,1,527.2,527.2,0.0,0,New / Occasional,7,0.7531249729191363,34.6
15539,6.0,1,538.46,538.46,0.0,0,New / Occasional,7,0.7528121509653438,34.6
17806,10.0,1,546.04,546.04,0.0,0,New / Occasional,7,0.752601415792801,34.6
17681,596.0,5,731.2,146.24,96.0,1,At Risk (was loyal),6,0.6409481815135085,34.6
17078,35.0,2,378.2,189.1,0.0,0,New / Occasional,7,0.7496344452138034,34.7
12889,380.0,4,385.46,96.365,121.0,1,At Risk (was loyal),6,0.6395850484882275,34.7
14785,9.0,2,77.4,38.7,4.0,0,New / Occasional,7,0.7512669642213459,34.7
16479,9.0,2,300.83,150.415,0.0,0,New / Occasional,7,0.7506880774816276,34.7
12658,18.0,1,686.05,686.05,0.0,0,New / Occasional,7,0.7486872847851265,34.8
12478,3.0,1,680.99,680.99,0.0,0,New / Occasional,7,0.7488294566329532,34.8
17310,386.0,2,1025.1,512.55,147.0,1,Lost,6,0.6380228777396875,34.8
15248,410.0,3,1893.93,631.3100000000001,122.0,1,Lost,6,0.6374367398569293,34.8
17166,38.0,2,206.34,103.17,165.0,0,New / Occasional,6,0.6381073177437812,34.8
17335,383.0,2,508.0,254.0,300.0,1,Lost,5,0.5254259163067598,34.8
12552,38.0,2,437.82,218.91,0.0,0,New / Occasional,7,0.7488205136834886,34.8
16390,536.0,3,467.5,155.83333333333334,142.0,1,At Risk (was loyal),6,0.6377792482052425,34.8
15709,283.0,2,327.85,163.925,305.0,1,Lost,5,0.5245944777129454,34.9
16268,70.0,2,667.65,333.825,0.0,0,New / Occasional,7,0.7456664577371859,34.9
18104,36.0,1,754.64,754.64,0.0,0,New / Occasional,7,0.7467548289526191,34.9
14765,28.0,3,254.11,84.70333333333333,147.0,0,New / Occasional,6,0.6363053844781797,34.9
12603,21.0,1,739.2,739.2,0.0,0,New / Occasional,7,0.7471906910095368,34.9
14965,95.0,2,599.0,299.5,0.0,1,New / Occasional,7,0.7466112983925225,34.9
13361,471.0,2,1450.5,725.25,145.0,1,Lost,6,0.6323827844491802,35.0
17825,598.0,4,731.96,182.99,126.0,1,At Risk (was loyal),6,0.633032918277028,35.0
16689,75.0,2,422.6,211.3,6.0,0,New / Occasional,7,0.7453053532595832,35.0
14356,79.0,2,701.23,350.615,1.0,0,New / Occasional,7,0.7445792413966859,35.0
12713,0.0,1,848.55,848.55,0.0,0,New / Occasional,7,0.7440931269155378,35.0
13042,597.0,3,1556.54,518.8466666666667,133.0,1,Lost,6,0.632745397165532,35.0
15309,610.0,4,797.96,199.49,124.0,1,At Risk (was loyal),6,0.6340323997137534,35.0
16118,652.0,1,4376.25,4376.25,0.0,1,Lost,6,0.6319196002778131,35.1
14015,52.0,1,917.34,917.34,0.0,0,New / Occasional,7,0.7421317951260255,35.1
18133,211.0,1,931.5,931.5,0.0,1,Lost,7,0.7417268518524439,35.1
13371,504.0,2,2297.66,1148.83,127.0,1,Lost,6,0.6318178712653891,35.1
15576,37.0,1,940.67,940.67,0.0,0,New / Occasional,7,0.7414643900293685,35.1
18060,407.0,2,1185.46,592.73,156.0,1,Lost,6,0.6284511517239705,35.2
12446,57.0,1,1002.31,1002.31,0.0,0,New / Occasional,7,0.7396956396041552,35.2
16506,19.0,2,90.3,45.15,20.0,0,New / Occasional,7,0.7411370371916124,35.2
12550,78.0,1,964.83,964.83,0.0,0,New / Occasional,7,0.7407720562664027,35.2
13321,71.0,2,567.36,283.68,14.0,0,New / Occasional,7,0.7382575584952279,35.3
16766,272.0,2,1145.6,572.8,0.0,1,Lost,7,0.7390242818258005,35.3
12817,280.0,3,690.98,230.32666666666668,153.0,1,Lost,6,0.6269327694994639,35.3
17197,29.0,1,1013.01,1013.01,0.0,0,New / Occasional,7,0.7393878071598722,35.3
14354,5.0,2,163.62,81.81,24.0,0,New / Occasional,7,0.737578395657901,35.3
12525,497.0,3,973.73,324.57666666666665,149.0,1,Lost,6,0.626891363877958,35.3
15762,64.0,2,583.75,291.875,12.0,0,New / Occasional,7,0.7392955675518388,35.3
16855,23.0,2,328.4,164.2,19.0,0,New / Occasional,7,0.7384389848331611,35.3
16260,50.0,1,1035.45,1035.45,0.0,0,New / Occasional,7,0.7387414570038987,35.3
16603,74.0,2,482.47,241.235,16.0,0,New / Occasional,7,0.7381799880464053,35.3
14488,67.0,1,1064.28,1064.28,0.0,0,New / Occasional,7,0.7379095334028416,35.3
14179,40.0,2,719.78,359.89,11.0,0,New / Occasional,7,0.7380216268675351,35.3
14981,245.0,2,372.92,186.46,177.0,1,Lost,6,0.6261270419472249,35.4
15821,43.0,2,570.96,285.48,17.0,0,New / Occasional,7,0.736298106497352,35.4
15135,238.0,2,305.68,152.84,317.0,1,Lost,5,0.5151580136366559,35.4
16243,33.0,2,409.1,204.55,21.0,0,New / Occasional,7,0.7360304104040306,35.4
17459,42.0,2,657.3,328.65,16.0,0,New / Occasional,7,0.7357173885278045,35.4
17549,23.0,2,148.86,74.43,27.0,0,New / Occasional,7,0.7358750534718561,35.4
13853,56.0,1,1090.14,1090.14,0.0,0,New / Occasional,7,0.7371618609285637,35.4
13809,304.0,3,679.7,226.5666666666667,155.0,1,Lost,6,0.6255193881926739,35.4
14780,54.0,2,447.68,223.84,24.0,0,New / Occasional,7,0.7335638187277452,35.5
12604,78.0,2,254.18,127.09,182.0,0,New / Occasional,6,0.624300222048552,35.5
13041,450.0,4,799.13,199.7825,139.0,1,At Risk (was loyal),6,0.6225164516906945,35.5
14940,417.0,2,531.49,265.745,315.0,1,Lost,5,0.5127004223249959,35.5
12611,51.0,1,1193.32,1193.32,0.0,0,New / Occasional,7,0.7341650583201053,35.5
12874,384.0,2,948.42,474.21,169.0,1,Lost,6,0.6224826285547359,35.5
16939,488.0,3,449.0,149.66666666666666,160.0,1,At Risk (was loyal),6,0.6242162932904802,35.5
16193,236.0,2,630.43,315.215,174.0,1,Lost,6,0.6240514832411077,35.5
16629,73.0,2,417.73,208.865,22.0,0,New / Occasional,7,0.7352696734180689,35.5
17098,381.0,3,591.07,197.02333333333334,159.0,1,At Risk (was loyal),6,0.623416998232444,35.5
16544,519.0,4,376.7,94.175,142.0,1,At Risk (was loyal),6,0.6236062416637677,35.5
14838,422.0,2,773.67,386.835,313.0,1,Lost,5,0.5099449720431004,35.6
15054,11.0,2,302.1,151.05,28.0,0,New / Occasional,7,0.7330629395882139,35.6
17544,389.0,3,960.69,320.23,0.0,1,At Risk (was loyal),7,0.732815262032761,35.6
15262,323.0,3,418.82,139.60666666666665,164.0,1,Lost,6,0.6214636539759761,35.6
14314,106.0,2,229.8,114.9,324.0,1,Lost,5,0.5107909627601688,35.6
14570,280.0,3,613.75,204.58333333333334,162.0,1,Lost,6,0.6208492987846811,35.6
17278,240.0,2,271.24,135.62,323.0,1,Lost,5,0.5108593612734899,35.6
14148,233.0,2,466.29,233.145,180.0,1,Lost,6,0.6222239353874794,35.6
13978,14.0,2,196.79,98.395,30.0,0,New / Occasional,7,0.7332746814151907,35.6
17037,87.0,1,1267.32,1267.32,0.0,0,New / Occasional,7,0.7320023978980607,35.6
13261,268.0,2,944.1,472.05,17.0,1,Lost,7,0.7310001807646136,35.7
18228,56.0,2,779.9,389.95,22.0,0,New / Occasional,7,0.7301157571475032,35.7
14425,434.0,3,661.39,220.46333333333334,302.0,1,Lost,5,0.5077590418175297,35.7
14385,8.0,3,202.11,67.37,14.0,0,New / Occasional,7,0.7308012830213604,35.7
12998,492.0,3,920.08,306.6933333333333,160.0,1,Lost,6,0.618998014714351,35.7
16435,511.0,3,1011.57,337.19,2.0,1,At Risk (was loyal),7,0.7310561204606622,35.7
15445,263.0,2,284.5,142.25,326.0,1,Lost,5,0.5081558720767874,35.7
17363,394.0,3,940.86,313.62,6.0,1,At Risk (was loyal),7,0.7291231595865523,35.8
14778,126.0,2,730.86,365.43,181.0,1,Lost,6,0.6169186216035736,35.8
15653,92.0,2,877.44,438.72,23.0,1,New / Occasional,7,0.7280670823505009,35.8
13161,312.0,2,478.88,239.44,187.0,1,Lost,6,0.6165877891899844,35.8
17447,39.0,2,541.53,270.765,31.0,0,New / Occasional,7,0.7276965340128234,35.8
14067,63.0,2,374.7,187.35,32.0,0,New / Occasional,7,0.7294441480756635,35.8
14836,9.0,3,102.45,34.15,20.0,0,New / Occasional,7,0.7278370981849407,35.8
16322,0.0,2,326.75,163.375,35.0,0,New / Occasional,7,0.728185098528008,35.8
18030,3.0,2,230.65,115.325,38.0,0,New / Occasional,7,0.7276163328732242,35.8
14932,365.0,2,1029.66,514.83,20.0,1,Lost,7,0.7278282303705077,35.8
13733,410.0,2,487.03,243.515,324.0,1,Lost,5,0.5061196730292244,35.8
14302,430.0,3,742.9,247.63333333333333,306.0,1,Lost,5,0.503515116953849,35.9
14339,242.0,2,620.27,310.135,186.0,1,Lost,6,0.614934253779858,35.9
16223,374.0,2,1102.35,551.175,20.0,1,Lost,7,0.7267806892003439,35.9
17332,527.0,5,838.27,167.654,128.0,1,At Risk (was loyal),6,0.6157424082086761,35.9
17668,0.0,2,347.75,173.875,36.0,0,New / Occasional,7,0.7272318670797612,35.9
15330,31.0,2,714.96,357.48,28.0,0,New / Occasional,7,0.7271518193288418,35.9
18143,116.0,2,1000.16,500.08,25.0,1,Lost,7,0.724990157986545,36.0
18005,3.0,2,249.72,124.86,43.0,0,New / Occasional,7,0.7240723489866185,36.0
16747,37.0,2,836.06,418.03,30.0,0,New / Occasional,7,0.7240919809529106,36.0
14182,443.0,4,678.77,169.6925,152.0,1,At Risk (was loyal),6,0.6134103900398071,36.0
16424,190.0,2,443.06,221.53,191.0,1,Lost,6,0.6140938466817975,36.0
17683,385.0,3,819.01,273.00333333333333,168.0,1,At Risk (was loyal),6,0.6139102755194702,36.0
14815,36.0,2,778.5,389.25,31.0,0,New / Occasional,7,0.724271265143043,36.0
18205,35.0,2,517.36,258.68,38.0,0,New / Occasional,7,0.7234679638976387,36.0
16862,546.0,4,662.33,165.5825,154.0,1,At Risk (was loyal),6,0.6119852894858862,36.1
14938,561.0,2,2322.43,1161.215,0.0,1,Lost,7,0.722198566043245,36.1
17756,375.0,3,733.7,244.5666666666667,18.0,1,At Risk (was loyal),7,0.7232253193163308,36.1
12895,41.0,2,372.8,186.4,44.0,0,New / Occasional,7,0.7216226273958865,36.1
16778,73.0,2,245.94,122.97,199.0,0,New / Occasional,6,0.6112567784869837,36.1
16313,2.0,2,274.15,137.075,46.0,0,New / Occasional,7,0.7217428245800208,36.1
13759,32.0,2,659.41,329.705,37.0,0,New / Occasional,7,0.7220579716091865,36.1
17312,138.0,3,644.3,214.76666666666665,20.0,1,At Risk (was loyal),7,0.7227528141534684,36.1
12607,59.0,1,1579.51,1579.51,0.0,0,New / Occasional,7,0.722756770146937,36.1
12398,45.0,1,1635.66,1635.66,0.0,0,New / Occasional,7,0.7210731573400069,36.2
18011,372.0,2,527.03,263.515,194.0,1,Lost,6,0.6103057917663075,36.2
16798,553.0,3,848.71,282.90333333333336,174.0,1,At Risk (was loyal),6,0.6088953988853836,36.2
17737,8.0,2,168.24,84.12,49.0,0,New / Occasional,7,0.7213090530391205,36.2
13960,20.0,2,230.22,115.11,50.0,0,New / Occasional,7,0.7197407270115985,36.2
14491,174.0,2,468.13,234.065,197.0,1,Lost,6,0.6089791427296669,36.2
14592,34.0,3,570.46,190.15333333333334,28.0,0,New / Occasional,7,0.718160820899951,36.3
15205,84.0,2,653.24,326.62,42.0,0,New / Occasional,7,0.7188404599970764,36.3
14119,375.0,2,183.37,91.685,342.0,1,Lost,5,0.4968544841585648,36.3
15947,82.0,1,1708.24,1708.24,0.0,0,New / Occasional,7,0.718887640297226,36.3
15429,26.0,2,397.35,198.675,48.0,0,New / Occasional,7,0.7186149443638253,36.3
14933,443.0,4,1770.0,442.5,0.0,1,At Risk (was loyal),7,0.7157582900364303,36.4
12353,203.0,2,406.76,203.38,204.0,1,Lost,6,0.6045568600719098,36.4
14473,73.0,2,234.34,117.17,208.0,0,New / Occasional,6,0.6044107884451065,36.4
16751,30.0,1,1764.72,1764.72,0.0,0,New / Occasional,7,0.7171797281263316,36.4
16380,60.0,1,1780.59,1780.59,0.0,0,New / Occasional,7,0.7166987019632124,36.4
15813,207.0,2,1303.91,651.955,31.0,1,Lost,7,0.7165823440008698,36.4
15492,27.0,2,659.46,329.73,46.0,0,New / Occasional,7,0.7160854138633521,36.4
12794,52.0,2,860.41,430.205,45.0,0,New / Occasional,7,0.7137790810636749,36.5
14887,78.0,1,1862.0,1862.0,0.0,0,New / Occasional,7,0.7142233713512554,36.5
17476,395.0,2,489.86,244.93,341.0,1,Lost,5,0.49210881589676375,36.5
13859,325.0,2,515.86,257.93,203.0,1,Lost,6,0.60344644230444,36.5
13551,318.0,2,244.2,122.1,346.0,1,Lost,5,0.4924652155253211,36.5
15522,32.0,2,398.84,199.42,54.0,0,New / Occasional,7,0.714590478588261,36.5
15315,63.0,2,570.5,285.25,51.0,0,New / Occasional,7,0.7140561098552917,36.5
16315,330.0,2,402.71,201.355,205.0,1,Lost,6,0.6038416986739507,36.5
12845,266.0,4,354.09,88.5225,22.0,1,At Risk (was loyal),7,0.7109156796190866,36.7
14122,405.0,3,362.42,120.80666666666667,331.0,1,Lost,5,0.48746750419385715,36.7
16698,226.0,2,1998.0,999.0,26.0,1,Lost,7,0.7096247260876625,36.7
16259,409.0,3,361.94,120.64666666666666,194.0,1,At Risk (was loyal),6,0.5986636458513432,36.7
15169,381.0,2,569.22,284.61,344.0,1,Lost,5,0.48820514921062164,36.7
16997,287.0,3,702.0,234.0,37.0,1,At Risk (was loyal),7,0.7108670387442994,36.7
15143,225.0,2,563.63,281.815,206.0,1,Lost,6,0.6002533274548181,36.7
16894,501.0,3,1324.06,441.3533333333333,33.0,1,At Risk (was loyal),7,0.7075349317002152,36.8
17846,84.0,1,2033.1,2033.1,0.0,0,New / Occasional,7,0.7089789097687007,36.8
13563,83.0,2,777.53,388.765,55.0,0,New / Occasional,7,0.7082673188030495,36.8
15103,30.0,2,703.36,351.68,55.0,0,New / Occasional,7,0.7093796263560944,36.8
16189,15.0,2,215.48,107.74,69.0,0,New / Occasional,7,0.7072024738816022,36.9
13791,127.0,2,1516.0,758.0,40.0,1,Lost,7,0.7073602193093376,36.9
16545,164.0,2,689.82,344.91,210.0,1,Lost,6,0.5948886854017148,36.9
16868,393.0,3,393.39,131.13,199.0,1,At Risk (was loyal),6,0.5943541550183034,36.9
12815,147.0,2,1063.46,531.73,50.0,1,Lost,7,0.7073672727446744,36.9
12832,31.0,2,383.03,191.515,65.0,0,New / Occasional,7,0.707402217666059,36.9
16324,127.0,3,428.68,142.89333333333335,48.0,1,At Risk (was loyal),7,0.7060628010524607,36.9
18191,261.0,2,529.4,264.7,215.0,1,Lost,6,0.5937391696181998,37.0
12855,372.0,4,650.94,162.735,29.0,1,At Risk (was loyal),7,0.7040494287818699,37.0
16155,381.0,5,796.9,159.38,158.0,1,At Risk (was loyal),6,0.5924429624749443,37.0
12461,93.0,2,826.88,413.44,60.0,1,New / Occasional,7,0.7041156274742928,37.0
12879,44.0,3,573.22,191.07333333333335,47.0,0,New / Occasional,7,0.7053312440634186,37.0
17003,401.0,4,830.16,207.54,176.0,1,At Risk (was loyal),6,0.5933039333143688,37.0
12831,261.0,3,451.11,150.37,200.0,1,Lost,6,0.5929059955034998,37.0
14237,372.0,2,632.14,316.07,217.0,1,Lost,6,0.5903493859229099,37.1
18142,156.0,2,1019.52,509.76,58.0,1,Lost,7,0.7025657905876431,37.1
12469,522.0,2,3070.54,1535.27,14.0,1,Lost,7,0.7016249455638985,37.1
13016,72.0,3,789.89,263.2966666666667,49.0,0,New / Occasional,7,0.7018330316115892,37.1
12737,498.0,2,3710.5,1855.25,0.0,1,Lost,7,0.7015175336715542,37.1
12745,486.0,3,925.41,308.46999999999997,195.0,1,Lost,6,0.59147791685947,37.1
14529,59.0,3,620.04,206.67999999999998,50.0,0,New / Occasional,7,0.7028186349225461,37.1
14245,219.0,2,1693.45,846.725,43.0,1,Lost,7,0.7026292029515262,37.1
12790,191.0,2,591.85,295.925,218.0,1,Lost,6,0.590262978953882,37.2
12665,324.0,3,313.6,104.53333333333335,344.0,1,Lost,5,0.47737952253161364,37.2
15503,362.0,2,267.15,133.575,363.0,1,Lost,5,0.47810135937617193,37.2
13872,526.0,3,919.57,306.52333333333337,198.0,1,Lost,6,0.5891612241738141,37.2
18214,530.0,4,1780.34,445.085,23.0,1,At Risk (was loyal),7,0.700066030536493,37.2
17814,374.0,2,1617.32,808.66,47.0,1,Lost,7,0.701037232217151,37.2
15377,382.0,4,1211.75,302.9375,32.0,1,At Risk (was loyal),7,0.6979508377017642,37.3
16568,427.0,2,1020.9,510.45,213.0,1,Lost,6,0.5866906530662657,37.3
13108,372.0,2,1098.52,549.26,62.0,1,Lost,7,0.6986055803385327,37.3
14050,31.0,2,746.36,373.18,74.0,0,New / Occasional,7,0.695685775917169,37.4
15424,253.0,3,597.78,199.26,208.0,1,Lost,6,0.5848719303085936,37.4
14029,62.0,2,467.66,233.83,80.0,0,New / Occasional,7,0.6958004796598597,37.4
16608,453.0,2,1288.72,644.36,209.0,1,Lost,6,0.5851570930841485,37.4
17786,84.0,2,278.74,139.37,231.0,0,New / Occasional,6,0.5854291160296222,37.4
13891,377.0,3,863.56,287.8533333333333,203.0,1,Lost,6,0.5858202177748243,37.4
16378,246.0,3,362.95,120.98333333333333,63.0,1,At Risk (was loyal),7,0.6963890979898527,37.4
12813,501.0,3,1687.8,562.6,191.0,1,Lost,6,0.5859657131513187,37.4
13302,154.0,2,159.2,79.6,371.0,1,Lost,5,0.4735035253134808,37.4
13812,41.0,3,539.0,179.66666666666666,63.0,0,New / Occasional,7,0.6946332394907249,37.5
16112,142.0,4,195.74,48.935,195.0,1,At Risk (was loyal),6,0.5834611165598765,37.5
15792,399.0,2,933.84,466.92,218.0,1,Lost,6,0.5842398865797165,37.5
12816,95.0,2,572.2,286.1,80.0,1,New / Occasional,7,0.6941903063814396,37.5
12829,336.0,3,385.3,128.43333333333334,213.0,1,Lost,6,0.5833130181692738,37.5
12864,137.0,2,299.57,149.785,369.0,1,Lost,5,0.4725986998228779,37.5
12571,39.0,2,519.61,259.805,81.0,0,New / Occasional,7,0.6943041775541456,37.5
17637,30.0,2,547.06,273.53,83.0,0,New / Occasional,7,0.692483452295654,37.6
14353,214.0,3,376.5,125.5,216.0,1,Lost,6,0.5810167608259824,37.6
14510,375.0,3,1007.28,335.76,60.0,1,Lost,7,0.6920393913895244,37.6
16829,156.0,2,513.32,256.66,231.0,1,Lost,6,0.5812863636876906,37.6
17223,309.0,3,873.53,291.1766666666667,64.0,1,At Risk (was loyal),7,0.6905796915940435,37.7
13433,500.0,4,658.32,164.58,195.0,1,At Risk (was loyal),6,0.5795985663169108,37.7
13452,258.0,3,729.8,243.26666666666665,213.0,1,Lost,6,0.5793642863577895,37.7
17167,379.0,3,867.11,289.0366666666667,65.0,1,At Risk (was loyal),7,0.6899420416364215,37.7
13686,182.0,3,409.04,136.34666666666666,218.0,1,Lost,6,0.5790431332829534,37.7
14995,38.0,2,233.23,116.615,241.0,0,New / Occasional,6,0.5782417927004871,37.8
13189,18.0,2,260.68,130.34,96.0,0,New / Occasional,7,0.6878016395590407,37.8
12763,137.0,2,814.16,407.08,230.0,1,Lost,6,0.5767587407901916,37.8
16810,191.0,2,842.04,421.02,228.0,1,Lost,6,0.5778675331162206,37.8
13797,436.0,3,1179.45,393.15000000000003,210.0,1,Lost,6,0.5766026334281908,37.8
12930,77.0,2,415.8,207.9,93.0,0,New / Occasional,7,0.6874973288710771,37.8
15690,3.0,2,239.76,119.88,96.0,0,New / Occasional,7,0.688127952287481,37.8
12793,334.0,3,1017.33,339.11,66.0,1,Lost,7,0.6877215713039841,37.8
12851,96.0,2,284.13,142.065,380.0,1,Lost,5,0.46388150595312483,37.9
18247,414.0,3,839.73,279.91,216.0,1,At Risk (was loyal),6,0.5756967571930506,37.9
17524,360.0,3,539.14,179.71333333333334,76.0,1,At Risk (was loyal),7,0.6854993528302138,37.9
12384,28.0,2,585.27,292.635,92.0,0,New / Occasional,7,0.6855541997116923,37.9
13955,153.0,3,545.17,181.72333333333333,220.0,1,Lost,6,0.5758758521215209,37.9
18265,71.0,2,801.51,400.755,85.0,0,New / Occasional,7,0.6871217149472388,37.9
17478,407.0,2,1272.8,636.4,225.0,1,Lost,6,0.5726277308619774,38.0
15104,196.0,2,1027.44,513.72,85.0,1,Lost,7,0.6835816444355249,38.0
15775,244.0,2,150.5,75.25,386.0,1,Lost,5,0.4613956940673621,38.0
16050,173.0,3,300.7,100.23333333333333,227.0,1,At Risk (was loyal),6,0.5730694832621553,38.0
15960,373.0,4,410.95,102.7375,61.0,1,At Risk (was loyal),7,0.68347267629695,38.0
13937,168.0,2,880.13,440.065,233.0,1,Lost,6,0.5731791172506174,38.0
15202,419.0,3,6001.49,2000.4966666666667,0.0,1,Lost,7,0.683857087451945,38.0
17026,184.0,3,208.98,69.66,231.0,1,At Risk (was loyal),6,0.5709102911982114,38.1
12535,91.0,2,716.35,358.175,94.0,1,New / Occasional,7,0.6820744980917671,38.1
17217,233.0,2,218.0,109.0,385.0,1,Lost,5,0.4609931762276732,38.1
16854,416.0,2,1408.96,704.48,223.0,1,Lost,6,0.5718140823051056,38.1
12556,49.0,2,603.71,301.855,100.0,0,New / Occasional,7,0.679570248999456,38.2
14695,518.0,3,1620.07,540.0233333333333,213.0,1,Lost,6,0.5691138526347964,38.2
14768,16.0,2,192.6,96.3,109.0,0,New / Occasional,7,0.6796374276634779,38.2
12981,29.0,2,372.22,186.11,103.0,0,New / Occasional,7,0.6810852113967619,38.2
13827,57.0,3,412.05,137.35,85.0,0,New / Occasional,7,0.6803941097414479,38.2
15160,356.0,4,589.27,147.3175,63.0,1,At Risk (was loyal),7,0.6807213664997103,38.2
12962,6.0,2,266.39,133.195,106.0,0,New / Occasional,7,0.6806148426725142,38.2
16431,212.0,3,642.81,214.26999999999998,84.0,1,At Risk (was loyal),7,0.6787428876121718,38.3
13833,158.0,2,701.36,350.68,244.0,1,Lost,6,0.5675079055945402,38.3
15542,511.0,3,918.45,306.15000000000003,225.0,1,Lost,6,0.567549987807971,38.3
17456,364.0,2,1225.42,612.71,90.0,1,Lost,7,0.6768802498065102,38.4
16827,392.0,5,392.13,78.426,195.0,1,At Risk (was loyal),6,0.5654523058138496,38.4
13965,476.0,3,996.61,332.2033333333333,226.0,1,Lost,6,0.5658395291377568,38.4
14957,252.0,2,333.29,166.645,391.0,1,Lost,5,0.45402252373374025,38.4
14658,4.0,2,247.15,123.575,111.0,0,New / Occasional,7,0.677339687469534,38.4
15314,198.0,3,820.45,273.48333333333335,228.0,1,Lost,6,0.5662636779616254,38.4
13492,135.0,3,1269.84,423.28,78.0,1,Lost,7,0.676597563391248,38.4
16975,422.0,3,926.12,308.70666666666665,82.0,1,At Risk (was loyal),7,0.6772642425670025,38.4
17277,227.0,2,1065.35,532.675,95.0,1,Lost,7,0.6758310397474745,38.4
18281,180.0,2,201.14,100.57,397.0,1,Lost,5,0.4515184140815984,38.5
16421,375.0,3,526.27,175.42333333333332,93.0,1,At Risk (was loyal),7,0.6734709401452588,38.5
15881,311.0,5,501.39,100.27799999999999,52.0,1,At Risk (was loyal),7,0.674835114457568,38.5
15840,58.0,2,355.56,177.78,113.0,0,New / Occasional,7,0.6741742742858179,38.5
14061,506.0,3,917.43,305.81,230.0,1,Lost,6,0.5635263567158393,38.5
16557,23.0,2,281.85,140.925,113.0,0,New / Occasional,7,0.6753496603365219,38.5
13904,36.0,2,332.64,166.32,257.0,0,New / Occasional,6,0.5635986010223564,38.5
18282,7.0,2,178.05,89.025,118.0,0,New / Occasional,7,0.673399283240521,38.6
13482,231.0,2,336.09,168.045,395.0,1,Lost,5,0.4507171406814175,38.6
18081,35.0,3,343.45,114.48333333333333,97.0,0,Loyal,7,0.6724741476950878,38.6
17963,470.0,4,651.51,162.8775,217.0,1,At Risk (was loyal),6,0.5619534178131191,38.6
17892,55.0,3,244.1,81.36666666666666,99.0,0,Loyal,7,0.6720575863786482,38.6
14909,436.0,3,1404.68,468.2266666666667,226.0,1,Lost,6,0.5611124417235089,38.6
12652,330.0,2,1017.03,508.515,102.0,1,Lost,7,0.6715481824303932,38.6
15042,198.0,2,315.45,157.725,396.0,1,Lost,5,0.45027524644562045,38.6
12821,213.0,2,220.8,110.4,397.0,1,Lost,5,0.451164666535695,38.6
15771,603.0,3,1006.54,335.5133333333333,89.0,1,At Risk (was loyal),7,0.6713829455155034,38.7
13508,243.0,2,287.05,143.525,399.0,1,Lost,5,0.448347558901738,38.7
13398,191.0,2,670.34,335.17,256.0,1,Lost,6,0.558364465534817,38.7
13453,165.0,3,781.69,260.56333333333333,236.0,1,Lost,6,0.5602483509151884,38.7
16314,389.0,3,1491.4,497.1333333333334,83.0,1,At Risk (was loyal),7,0.6706929193172081,38.7
14500,87.0,3,356.85,118.95,101.0,0,New / Occasional,7,0.669434032594132,38.8
17801,450.0,3,798.33,266.11,240.0,1,At Risk (was loyal),6,0.5568153453494245,38.8
12672,329.0,2,437.05,218.525,265.0,1,Lost,6,0.5552521550986257,38.9
12591,316.0,3,1352.15,450.7166666666667,91.0,1,Lost,7,0.6663228304462891,38.9
18286,476.0,2,1296.43,648.215,247.0,1,Lost,6,0.5544328479708425,38.9
15552,216.0,2,252.52,126.26,405.0,1,Lost,5,0.44409737247670317,38.9
12369,412.0,3,1791.15,597.0500000000001,228.0,1,Lost,6,0.5550033722030635,38.9
18227,217.0,2,388.75,194.375,266.0,1,Lost,6,0.5553076517082104,38.9
17024,44.0,3,95.85,31.95,112.0,0,Loyal,7,0.6641370802958119,39.0
15890,394.0,5,535.65,107.13,210.0,1,At Risk (was loyal),6,0.5523634019391529,39.0
15036,71.0,3,465.55,155.18333333333334,107.0,0,New / Occasional,7,0.6639168464652835,39.0
16624,80.0,2,810.57,405.285,116.0,0,New / Occasional,7,0.6646776795711854,39.0
17334,301.0,3,635.15,211.71666666666667,104.0,1,At Risk (was loyal),7,0.6643333093269024,39.0
14322,428.0,4,474.1,118.525,230.0,1,At Risk (was loyal),6,0.5529207141595094,39.0
16178,137.0,2,612.6,306.3,263.0,1,Lost,6,0.5537240053659146,39.0
17995,281.0,3,495.48,165.16,105.0,1,At Risk (was loyal),7,0.6650672367356006,39.0
14022,224.0,2,792.15,396.075,261.0,1,Lost,6,0.5521229690831548,39.1
16448,197.0,2,367.87,183.935,272.0,1,Lost,6,0.5508109863934004,39.1
15092,214.0,3,776.46,258.82,247.0,1,Lost,6,0.551388780245467,39.1
16398,153.0,2,1705.8,852.9,99.0,1,Lost,7,0.6626225452845708,39.1
14840,267.0,2,362.71,181.355,271.0,1,Lost,6,0.5517163020403738,39.1
15256,148.0,2,170.4,85.2,413.0,1,Lost,5,0.4390888367576562,39.2
14267,162.0,3,1516.24,505.41333333333336,97.0,1,Lost,7,0.6601950645394447,39.2
13333,410.0,3,1015.74,338.58,247.0,1,Lost,6,0.5485997042591039,39.2
16129,406.0,3,1396.05,465.34999999999997,100.0,1,At Risk (was loyal),7,0.6592535604718328,39.3
16977,394.0,4,496.0,124.0,236.0,1,At Risk (was loyal),6,0.5478576447491428,39.3
12710,96.0,3,1149.02,383.00666666666666,104.0,1,Lost,7,0.6589153490496579,39.3
17753,463.0,4,390.56,97.64,238.0,1,At Risk (was loyal),6,0.5471263805413155,39.3
13440,422.0,7,1295.25,185.03571428571428,28.0,1,At Risk (was loyal),7,0.6590987840465904,39.3
15363,372.0,2,1004.11,502.055,120.0,1,Lost,7,0.6585879466899042,39.3
13377,396.0,2,1552.88,776.44,249.0,1,Lost,6,0.5481984092178965,39.3
15644,165.0,4,813.0,203.25,94.0,1,At Risk (was loyal),7,0.6564656498751072,39.4
16707,399.0,4,551.11,137.7775,239.0,1,At Risk (was loyal),6,0.5449465997209063,39.4
15629,449.0,4,2240.9,560.225,82.0,1,At Risk (was loyal),7,0.6543025688503651,39.5
13474,235.0,3,663.79,221.26333333333332,258.0,1,Lost,6,0.5437520487440602,39.5
16342,74.0,4,322.41,80.6025,104.0,0,Loyal,7,0.6528450618816033,39.6
16296,625.0,4,1313.67,328.4175,95.0,1,At Risk (was loyal),7,0.6518359595649478,39.6
13058,24.0,3,271.4,90.46666666666665,127.0,0,New / Occasional,7,0.651183580068673,39.7
13106,132.0,2,603.46,301.73,280.0,1,Lost,6,0.5400518225251691,39.7
13696,421.0,3,2020.4,673.4666666666667,244.0,1,Lost,6,0.5393072264854146,39.7
12389,402.0,3,1433.33,477.77666666666664,253.0,1,Lost,6,0.538831424939291,39.7
17912,309.0,6,375.5,62.583333333333336,65.0,1,At Risk (was loyal),7,0.6508462301131485,39.7
12792,256.0,2,827.01,413.505,278.0,1,Lost,6,0.5376479766092014,39.8
15146,164.0,2,1327.16,663.58,126.0,1,Lost,7,0.6488130556304044,39.8
13194,135.0,2,472.78,236.39,285.0,1,Lost,6,0.5383303045943292,39.8
17308,392.0,2,4511.76,2255.88,59.0,1,Lost,7,0.6462305384573558,39.9
14024,121.0,3,645.74,215.24666666666667,269.0,1,Lost,6,0.5349862777287947,39.9
17936,4.0,1,389.84,389.84,0.0,0,New / Occasional,8,0.7569196048381884,39.9
17874,184.0,6,683.46,113.91000000000001,70.0,1,At Risk (was loyal),7,0.6455891975928647,39.9
13795,387.0,4,836.3,209.075,249.0,1,At Risk (was loyal),6,0.5343556308905633,39.9
14973,106.0,3,1314.45,438.15000000000003,118.0,1,Lost,7,0.6467276901318173,39.9
14727,273.0,3,467.93,155.97666666666666,272.0,1,Lost,6,0.5346179792671683,39.9
16250,260.0,3,791.38,263.79333333333335,125.0,1,At Risk (was loyal),7,0.6471024289325767,39.9
14949,468.0,4,515.0,128.75,252.0,1,At Risk (was loyal),6,0.5346467933347591,39.9
17911,8.0,1,366.23,366.23,0.0,0,New / Occasional,8,0.7575678387478165,39.9
12585,233.0,2,2040.1,1020.05,117.0,1,Lost,7,0.643728984594572,40.0
17489,58.0,2,376.64,188.32,153.0,0,New / Occasional,7,0.6443287425702391,40.0
16696,134.0,4,657.9,164.475,112.0,1,At Risk (was loyal),7,0.6442316841483081,40.0
18074,373.0,2,1509.04,754.52,131.0,1,Lost,7,0.6420301057912997,40.1
17539,617.0,4,1226.57,306.6425,108.0,1,At Risk (was loyal),7,0.6427695979217215,40.1
16032,455.0,6,1970.45,328.40833333333336,67.0,1,At Risk (was loyal),7,0.6414935760438483,40.1
13935,596.0,3,6116.92,2038.9733333333334,55.0,1,Lost,7,0.6423214573678485,40.1
17547,375.0,2,727.85,363.925,289.0,1,Lost,6,0.5304497049432212,40.1
13641,640.0,5,1016.47,203.294,93.0,1,At Risk (was loyal),7,0.6414667383720137,40.1
13415,472.0,4,800.67,200.1675,255.0,1,At Risk (was loyal),6,0.5297530939734886,40.2
13567,427.0,4,1083.69,270.9225,113.0,1,At Risk (was loyal),7,0.640119753652079,40.2
16031,91.0,2,548.94,274.47,154.0,1,New / Occasional,7,0.6406986727118632,40.2
14960,7.0,2,221.27,110.635,162.0,0,New / Occasional,7,0.6401299812802562,40.2
13606,28.0,3,280.54,93.51333333333334,282.0,0,New / Occasional,6,0.5286363794467145,40.2
17070,113.0,2,445.32,222.66,296.0,1,Lost,6,0.5298357822276327,40.2
16290,464.0,4,2069.3,517.325,101.0,1,At Risk (was loyal),7,0.6414085187355082,40.2
16852,9.0,2,144.91,72.455,165.0,0,New / Occasional,7,0.6391374387330511,40.3
12452,16.0,2,430.57,215.285,0.0,0,New / Occasional,8,0.7489195844515449,40.3
14028,549.0,3,10396.5,3465.5,0.0,1,Lost,7,0.6375092051356048,40.3
17187,226.0,2,467.71,233.855,299.0,1,Lost,6,0.5269747310787651,40.3
17985,21.0,1,634.95,634.95,0.0,0,New / Occasional,8,0.7501205943507027,40.3
17357,23.0,2,388.14,194.07,0.0,0,New / Occasional,8,0.7494988665521766,40.3
14634,437.0,4,2124.46,531.115,104.0,1,At Risk (was loyal),7,0.6387021812267136,40.3
17398,114.0,3,653.38,217.79333333333332,140.0,1,At Risk (was loyal),7,0.637274440852305,40.4
12508,25.0,2,398.27,199.135,2.0,0,New / Occasional,8,0.7481247274589469,40.4
18082,25.0,1,703.37,703.37,0.0,0,New / Occasional,8,0.7482002366816847,40.4
17200,386.0,4,356.71,89.1775,264.0,1,At Risk (was loyal),6,0.5261818646527934,40.4
16583,373.0,2,531.4,265.7,299.0,1,Lost,6,0.5258210085364984,40.4
13376,98.0,3,1019.76,339.92,135.0,1,Lost,7,0.6370823707187706,40.4
13754,151.0,3,447.05,149.01666666666668,285.0,1,Lost,6,0.5242247031225286,40.5
17023,416.0,3,800.18,266.72666666666663,280.0,1,At Risk (was loyal),6,0.5241731234981905,40.5
17392,306.0,3,626.56,208.85333333333332,143.0,1,At Risk (was loyal),7,0.63528617828674,40.5
14246,110.0,3,1474.06,491.3533333333333,135.0,1,Lost,7,0.6321211982841675,40.6
17141,417.0,4,754.33,188.5825,266.0,1,At Risk (was loyal),6,0.5211399816141083,40.6
13741,71.0,3,668.43,222.80999999999997,145.0,0,New / Occasional,7,0.6333048573999864,40.6
14686,413.0,5,885.83,177.166,245.0,1,At Risk (was loyal),6,0.5214684306861335,40.6
12651,334.0,4,377.75,94.4375,130.0,1,At Risk (was loyal),7,0.6328039883215553,40.6
13066,23.0,2,470.8,235.4,7.0,0,New / Occasional,8,0.7440148517539754,40.6
13673,18.0,2,396.92,198.46,13.0,0,New / Occasional,8,0.7412740426803139,40.7
14986,375.0,2,566.9,283.45,307.0,1,Lost,6,0.5186209104405818,40.7
14839,417.0,3,915.28,305.0933333333333,285.0,1,Lost,6,0.5187220520551517,40.7
17232,2.0,2,421.52,210.76,11.0,0,New / Occasional,8,0.742190135315992,40.7
18192,71.0,1,957.97,957.97,0.0,0,New / Occasional,8,0.7409687602555531,40.7
15440,54.0,3,383.68,127.89333333333333,154.0,0,New / Occasional,7,0.629545684502799,40.7
15163,17.0,2,304.47,152.235,173.0,0,New / Occasional,7,0.6303573391715201,40.7
13596,5.0,2,697.04,348.52,7.0,0,New / Occasional,8,0.7408714195190901,40.7
14734,425.0,4,1056.42,264.105,125.0,1,At Risk (was loyal),7,0.6312078550973033,40.7
16811,4.0,2,547.07,273.535,12.0,0,New / Occasional,8,0.7398089266327728,40.8
14664,19.0,2,637.89,318.945,13.0,0,New / Occasional,8,0.7379018548862223,40.9
15946,502.0,3,2304.18,768.06,131.0,1,At Risk (was loyal),7,0.6260649363620694,40.9
17727,14.0,1,1060.25,1060.25,0.0,0,New / Occasional,8,0.7380259264397045,40.9
17028,580.0,3,1593.83,531.2766666666666,140.0,1,At Risk (was loyal),7,0.6269754080942467,40.9
16307,428.0,3,1194.92,398.3066666666667,147.0,1,At Risk (was loyal),7,0.625991015388177,40.9
14436,98.0,2,271.7,135.85,454.0,1,Lost,5,0.40446420332616034,40.9
16806,102.0,4,801.49,200.3725,135.0,1,At Risk (was loyal),7,0.6255800571133282,40.9
14483,281.0,2,257.1,128.55,455.0,1,Lost,5,0.40392862828870457,40.9
15887,406.0,3,1027.15,342.3833333333334,148.0,1,At Risk (was loyal),7,0.6270712058323472,40.9
15877,1.0,2,493.28,246.64,16.0,0,New / Occasional,8,0.738028152104322,40.9
16070,21.0,2,852.15,426.075,9.0,0,New / Occasional,8,0.7374317737214661,40.9
17387,19.0,2,784.11,392.055,13.0,0,New / Occasional,8,0.735841856418434,41.0
15274,3.0,2,716.57,358.285,14.0,0,New / Occasional,8,0.7361571606504845,41.0
16352,17.0,2,494.44,247.22,20.0,0,New / Occasional,8,0.7354634517158323,41.0
15624,116.0,4,588.13,147.0325,139.0,1,At Risk (was loyal),7,0.6242162508875161,41.0
14416,21.0,2,490.22,245.11,20.0,0,New / Occasional,8,0.7355231044597528,41.0
15963,19.0,2,470.76,235.38,25.0,0,New / Occasional,8,0.7325929174709379,41.1
13720,116.0,4,799.9,199.975,138.0,1,At Risk (was loyal),7,0.6232818316763568,41.1
16800,10.0,1,1201.49,1201.49,0.0,0,New / Occasional,8,0.7339268364111334,41.1
17595,11.0,2,388.79,194.395,24.0,0,New / Occasional,8,0.7343993077010382,41.1
17968,373.0,4,888.04,222.01,138.0,1,At Risk (was loyal),7,0.6225714545745623,41.1
13920,431.0,4,1774.68,443.67,130.0,1,At Risk (was loyal),7,0.6215971071303099,41.1
16888,400.0,3,437.15,145.71666666666667,300.0,1,At Risk (was loyal),6,0.5120399087739281,41.1
12547,197.0,3,383.58,127.86,302.0,1,Lost,6,0.5110287720575055,41.1
14350,273.0,3,972.03,324.01,155.0,1,Lost,7,0.6222889109353801,41.1
13039,583.0,4,1010.73,252.6825,138.0,1,At Risk (was loyal),7,0.6215817401979817,41.1
13914,11.0,2,626.45,313.225,24.0,0,New / Occasional,8,0.7310173298357723,41.2
13028,22.0,2,661.32,330.66,22.0,0,New / Occasional,8,0.7318101743023937,41.2
12822,70.0,2,948.88,474.44,16.0,0,New / Occasional,8,0.7315774119181834,41.2
14731,46.0,3,380.02,126.67333333333333,165.0,0,New / Occasional,7,0.6211207216484803,41.2
13600,311.0,2,518.42,259.21,321.0,1,Lost,6,0.5080126856631687,41.3
17996,379.0,3,482.33,160.77666666666667,166.0,1,At Risk (was loyal),7,0.6192119492197937,41.3
15883,1.0,2,396.48,198.24,31.0,0,New / Occasional,8,0.729779963360787,41.3
13156,384.0,3,1586.54,528.8466666666667,290.0,1,Lost,6,0.5067210790648347,41.3
16643,245.0,2,923.11,461.555,176.0,1,Lost,7,0.6174986206640406,41.3
13040,8.0,2,676.99,338.495,24.0,0,New / Occasional,8,0.7302946301380778,41.3
14647,200.0,2,519.97,259.985,322.0,1,Lost,6,0.5071635246733304,41.3
13201,501.0,4,1240.61,310.1525,140.0,1,At Risk (was loyal),7,0.6181751777143631,41.3
14539,15.0,2,537.48,268.74,28.0,0,New / Occasional,8,0.7297028859417337,41.3
17807,394.0,3,437.87,145.95666666666668,309.0,1,At Risk (was loyal),6,0.504642820607272,41.4
14311,242.0,2,516.45,258.225,324.0,1,Lost,6,0.5055853231878529,41.4
16311,17.0,2,616.26,308.13,31.0,0,New / Occasional,8,0.7266192325942491,41.4
16160,64.0,2,1025.44,512.72,20.0,0,New / Occasional,8,0.7278889678320962,41.4
16135,262.0,2,819.45,409.725,321.0,1,Lost,6,0.5025450495927887,41.5
15060,7.0,4,303.09,75.7725,0.0,0,Champions,8,0.725886420175908,41.5
12688,113.0,1,4873.81,4873.81,0.0,1,Lost,7,0.614471158581138,41.5
14164,70.0,2,1631.77,815.885,10.0,0,New / Occasional,8,0.7256632484668446,41.5
17503,2.0,2,558.96,279.48,35.0,0,New / Occasional,8,0.7248326394987955,41.5
14971,34.0,3,1116.57,372.19,8.0,0,New / Occasional,8,0.7261813321091751,41.5
13706,302.0,2,631.17,315.585,324.0,1,Lost,6,0.5035015751169456,41.5
14206,238.0,3,1185.01,395.00333333333333,163.0,1,Lost,7,0.6137175754638042,41.5
13393,583.0,4,1131.45,282.8625,148.0,1,At Risk (was loyal),7,0.6128426688043991,41.6
12596,50.0,2,618.27,309.135,190.0,0,New / Occasional,7,0.6118528711855283,41.6
13822,5.0,2,632.0,316.0,34.0,0,New / Occasional,8,0.7244290935750693,41.6
15780,183.0,3,475.28,158.42666666666665,174.0,1,At Risk (was loyal),7,0.6130754503850271,41.6
14261,50.0,2,1163.45,581.725,27.0,0,New / Occasional,8,0.7212995047786035,41.7
12940,54.0,2,913.54,456.77,33.0,0,New / Occasional,8,0.720987795856019,41.7
18056,287.0,2,554.6,277.3,330.0,1,Lost,6,0.49996534573774665,41.7
17635,423.0,3,1265.58,421.85999999999996,166.0,1,At Risk (was loyal),7,0.6104768771336472,41.7
18258,463.0,6,2059.67,343.27833333333336,108.0,1,At Risk (was loyal),7,0.6095104327625968,41.7
13816,23.0,2,571.67,285.835,40.0,0,New / Occasional,8,0.721359208250878,41.7
13637,51.0,3,810.5,270.1666666666667,174.0,0,New / Occasional,7,0.6093238550134288,41.8
15427,32.0,3,1483.14,494.38000000000005,13.0,0,New / Occasional,8,0.719431995837245,41.8
17453,17.0,2,486.72,243.36,46.0,0,New / Occasional,8,0.7186302863084741,41.8
17374,218.0,3,727.11,242.37,176.0,1,At Risk (was loyal),7,0.6086946749186676,41.8
12546,46.0,2,1161.5,580.75,31.0,0,New / Occasional,8,0.7186791582559647,41.8
17425,18.0,2,759.17,379.585,41.0,0,New / Occasional,8,0.7179478552355851,41.9
14287,7.0,3,176.63,58.876666666666665,190.0,0,New / Occasional,7,0.6039058844796478,42.0
17548,233.0,4,731.26,182.815,162.0,1,At Risk (was loyal),7,0.6051621843488759,42.0
16999,22.0,2,484.82,242.41,50.0,0,New / Occasional,8,0.715993986322074,42.0
14856,35.0,3,1311.38,437.1266666666667,20.0,0,New / Occasional,8,0.7164137123845383,42.0
17952,377.0,4,819.61,204.9025,163.0,1,At Risk (was loyal),7,0.6036519594204641,42.0
15246,237.0,3,780.4,260.1333333333333,317.0,1,Lost,6,0.49404073063926923,42.0
15949,16.0,2,364.72,182.36,54.0,0,New / Occasional,8,0.7150958446212884,42.0
16679,365.0,3,793.06,264.3533333333333,180.0,1,At Risk (was loyal),7,0.6048185561849903,42.0
16561,5.0,2,511.12,255.56,54.0,0,New / Occasional,8,0.7129236566032069,42.1
17678,263.0,2,599.76,299.88,339.0,1,Lost,6,0.4917549428620141,42.1
12549,575.0,6,1575.68,262.61333333333334,121.0,1,At Risk (was loyal),7,0.6018004232325697,42.1
16391,400.0,4,1103.61,275.9025,161.0,1,At Risk (was loyal),7,0.602892031780529,42.1
17295,28.0,3,556.95,185.65,35.0,0,Loyal,8,0.7136135710419802,42.1
12498,20.0,3,403.7,134.56666666666666,36.0,0,New / Occasional,8,0.7144165927455784,42.1
13404,0.0,2,252.49,126.245,211.0,0,New / Occasional,7,0.6017362000811819,42.1
16542,53.0,2,257.32,128.66,347.0,0,New / Occasional,6,0.49140596221554106,42.1
12827,5.0,3,430.15,143.38333333333333,38.0,0,New / Occasional,8,0.7128194079580019,42.1
13318,0.0,3,640.76,213.58666666666667,36.0,0,New / Occasional,8,0.7121333186100787,42.2
16478,24.0,3,331.0,110.33333333333333,40.0,0,Champions,8,0.7124302870212476,42.2
13307,119.0,3,273.34,91.11333333333333,472.0,1,Lost,5,0.3754039763453432,42.3
17713,381.0,4,1198.09,299.5225,166.0,1,At Risk (was loyal),7,0.598174369881874,42.3
13810,28.0,3,1499.01,499.67,27.0,0,New / Occasional,8,0.7099026379039461,42.3
15972,455.0,5,1810.27,362.054,143.0,1,At Risk (was loyal),7,0.5978095967422175,42.3
13770,421.0,4,785.37,196.3425,308.0,1,At Risk (was loyal),6,0.48639925689002134,42.3
17822,419.0,5,2188.5,437.7,140.0,1,At Risk (was loyal),7,0.597756047246524,42.3
17119,2.0,2,606.91,303.455,56.0,0,New / Occasional,8,0.7101466381399129,42.3
16573,84.0,2,663.61,331.805,205.0,0,New / Occasional,7,0.5992979820324228,42.3
15600,427.0,4,1199.31,299.8275,165.0,1,At Risk (was loyal),7,0.5989536002430964,42.3
18018,107.0,4,297.99,74.4975,312.0,1,At Risk (was loyal),6,0.487294649324794,42.3
18059,22.0,3,306.46,102.15333333333332,44.0,0,Champions,8,0.7099689532873713,42.3
15763,31.0,2,1086.92,543.46,45.0,0,New / Occasional,8,0.7104048405520581,42.3
12719,4.0,2,644.95,322.475,59.0,0,New / Occasional,8,0.7075424077842958,42.4
16851,3.0,3,342.45,114.14999999999999,47.0,0,Champions,8,0.7075850324043144,42.4
13212,19.0,3,788.08,262.6933333333333,41.0,0,New / Occasional,8,0.707320465100055,42.4
15259,512.0,4,1182.38,295.595,169.0,1,At Risk (was loyal),7,0.5959332806971683,42.4
14615,393.0,5,951.76,190.352,153.0,1,At Risk (was loyal),7,0.5954089824784251,42.5
18212,325.0,2,546.72,273.36,351.0,1,Lost,6,0.48286998250890617,42.5
15374,128.0,2,307.32,153.66,495.0,1,Lost,5,0.371879218991362,42.5
17788,73.0,2,1117.9,558.95,55.0,0,New / Occasional,8,0.7031309451284483,42.6
12410,308.0,3,1013.71,337.90333333333336,193.0,1,Lost,7,0.5920603809398922,42.6
16749,590.0,2,4387.08,2193.54,132.0,1,Lost,7,0.5918889395728011,42.6
13954,1.0,2,439.92,219.96,69.0,0,New / Occasional,8,0.7038142326000585,42.6
15852,186.0,3,257.26,85.75333333333333,340.0,1,At Risk (was loyal),6,0.4813209095491327,42.6
16667,67.0,2,570.13,285.065,216.0,0,New / Occasional,7,0.5922320879185621,42.6
15683,116.0,2,524.54,262.27,356.0,1,Lost,6,0.47917223821574023,42.7
14722,146.0,3,513.37,171.12333333333333,339.0,1,Lost,6,0.4791301419939075,42.7
15361,361.0,4,689.07,172.2675,181.0,1,At Risk (was loyal),7,0.5905060639446503,42.7
15798,492.0,3,1535.37,511.78999999999996,188.0,1,At Risk (was loyal),7,0.5900919860751086,42.7
13430,18.0,2,679.45,339.725,67.0,0,New / Occasional,8,0.701550608652121,42.7
13262,262.0,3,573.45,191.15,337.0,1,Lost,6,0.4800636123600518,42.7
13651,34.0,3,226.85,75.61666666666666,346.0,0,New / Occasional,6,0.4767598100262419,42.8
15239,9.0,2,780.59,390.295,68.0,0,New / Occasional,8,0.6993193799478222,42.8
14806,74.0,2,303.43,151.715,363.0,0,New / Occasional,6,0.4774436248262709,42.8
17313,30.0,1,2328.84,2328.84,0.0,0,New / Occasional,8,0.6997817458919977,42.8
16661,539.0,4,986.63,246.6575,181.0,1,At Risk (was loyal),7,0.5880349238512683,42.8
14248,317.0,3,1032.95,344.31666666666666,197.0,1,Lost,7,0.588663749104368,42.8
15297,9.0,3,641.94,213.98000000000002,53.0,0,New / Occasional,8,0.7005399687350448,42.8
17466,9.0,2,763.28,381.64,68.0,0,New / Occasional,8,0.6995837861897538,42.8
16462,73.0,3,136.0,45.333333333333336,210.0,0,Loyal,7,0.5885523193898855,42.8
15989,375.0,2,372.51,186.255,361.0,1,Lost,6,0.4778303918739808,42.8
13726,38.0,2,1079.66,539.83,61.0,0,New / Occasional,8,0.6995848510996886,42.8
16460,27.0,3,814.72,271.5733333333333,53.0,0,Loyal,8,0.6988301461827842,42.8
13921,401.0,4,730.7,182.675,319.0,1,At Risk (was loyal),6,0.4778461756714798,42.8
13301,103.0,4,618.09,154.5225,188.0,1,At Risk (was loyal),7,0.5855258439598894,42.9
13489,104.0,4,449.52,112.38,189.0,1,At Risk (was loyal),7,0.58613224959974,42.9
13519,77.0,2,343.21,171.605,364.0,0,New / Occasional,6,0.475903169990834,42.9
17248,119.0,2,546.16,273.08,361.0,1,Lost,6,0.4746831112001027,42.9
18255,88.0,2,303.15,151.575,366.0,0,New / Occasional,6,0.47499067666191874,42.9
14762,263.0,2,417.57,208.785,362.0,1,Lost,6,0.47619413032000846,42.9
18158,8.0,2,453.4,226.7,79.0,0,New / Occasional,8,0.6967142870102991,42.9
15441,395.0,3,1254.21,418.07,334.0,1,Lost,6,0.4745235465872822,42.9
17573,28.0,3,380.6,126.86666666666667,64.0,0,Loyal,8,0.6955181360299714,43.0
17021,441.0,6,1182.22,197.03666666666666,146.0,1,At Risk (was loyal),7,0.5840261963044276,43.0
17580,252.0,5,545.27,109.054,169.0,1,At Risk (was loyal),7,0.5853184114009569,43.0
17733,38.0,2,692.19,346.095,222.0,0,New / Occasional,7,0.5853129661368669,43.0
14335,15.0,2,468.26,234.13,80.0,0,New / Occasional,8,0.6957912518048781,43.0
16734,51.0,3,650.51,216.83666666666667,61.0,0,Loyal,8,0.6949127373655273,43.0
12781,63.0,2,826.74,413.37,221.0,0,New / Occasional,7,0.5837364070805677,43.0
17462,59.0,2,675.69,337.845,223.0,0,New / Occasional,7,0.5848065848055761,43.0
15869,276.0,3,323.66,107.88666666666667,349.0,1,At Risk (was loyal),6,0.4731654318902236,43.0
17408,162.0,3,316.09,105.36333333333333,350.0,1,At Risk (was loyal),6,0.4724355259419516,43.0
13925,92.0,4,678.25,169.5625,42.0,1,Loyal,8,0.6948763064130595,43.0
17691,357.0,4,780.05,195.0125,188.0,1,At Risk (was loyal),7,0.5841765397009542,43.0
12974,197.0,2,408.95,204.475,367.0,1,Lost,6,0.47225522829176,43.1
16565,363.0,4,773.05,193.2625,191.0,1,At Risk (was loyal),7,0.5818392347120122,43.1
15446,376.0,3,406.95,135.65,349.0,1,Lost,6,0.47218771575581997,43.1
12628,3.0,3,786.46,262.15333333333336,60.0,0,New / Occasional,8,0.6942513292391552,43.1
16739,176.0,2,786.43,393.215,359.0,1,Lost,6,0.47196869004255626,43.1
14942,401.0,4,746.56,186.64,328.0,1,At Risk (was loyal),6,0.47033967120984105,43.1
13805,51.0,2,924.6,462.3,76.0,0,New / Occasional,8,0.691537382953108,43.2
15448,312.0,2,788.81,394.405,361.0,1,Lost,6,0.4702886772962466,43.2
13783,487.0,4,1542.09,385.5225,185.0,1,At Risk (was loyal),7,0.5802133540598489,43.2
14241,183.0,2,333.7,166.85,512.0,1,Lost,5,0.3584905083460367,43.2
14497,308.0,2,697.06,348.53,364.0,1,Lost,6,0.4694946316208542,43.2
12375,10.0,2,457.5,228.75,87.0,0,New / Occasional,8,0.6910694369991284,43.2
14880,76.0,3,706.19,235.39666666666668,211.0,0,New / Occasional,7,0.5812351351256064,43.2
13154,398.0,3,1624.84,541.6133333333333,336.0,1,Lost,6,0.46853694433722226,43.2
17171,288.0,2,384.59,192.295,372.0,1,Lost,6,0.4686045617982829,43.2
15973,366.0,3,988.44,329.48,62.0,1,At Risk (was loyal),8,0.690827049304976,43.2
16588,385.0,4,1361.28,340.32,188.0,1,At Risk (was loyal),7,0.5793239938178509,43.3
13712,246.0,2,766.42,383.21,364.0,1,Lost,6,0.4682395719623419,43.3
13236,24.0,2,744.85,372.425,82.0,0,New / Occasional,8,0.6901174801457911,43.3
14636,35.0,2,609.85,304.925,232.0,0,New / Occasional,7,0.5787776376766309,43.3
12885,62.0,3,1175.22,391.74,60.0,0,New / Occasional,8,0.6903512184864612,43.3
13422,63.0,1,2626.3,2626.3,0.0,0,New / Occasional,8,0.6903659291289354,43.3
16130,421.0,4,987.48,246.87,195.0,1,At Risk (was loyal),7,0.5768440979612903,43.4
15344,0.0,3,563.94,187.98000000000002,73.0,0,New / Occasional,8,0.6873690379423002,43.4
15070,372.0,3,843.25,281.0833333333333,351.0,1,Lost,6,0.4654348614261516,43.4
15533,18.0,3,807.57,269.19,69.0,0,New / Occasional,8,0.6877267971759672,43.4
15121,49.0,2,457.72,228.86,238.0,0,New / Occasional,7,0.5766662060440688,43.4
15568,2.0,3,758.29,252.76333333333332,70.0,0,New / Occasional,8,0.6875197455262688,43.4
16706,36.0,3,531.35,177.11666666666667,76.0,0,Loyal,8,0.6855784417068429,43.5
13314,1.0,3,775.94,258.6466666666667,72.0,0,New / Occasional,8,0.6859275738769003,43.5
17789,280.0,2,397.15,198.575,379.0,1,Lost,6,0.46265631290194714,43.5
15437,261.0,2,393.45,196.725,378.0,1,Lost,6,0.46353988569317034,43.5
12967,357.0,3,4306.92,1435.64,25.0,1,Lost,8,0.6833566976175832,43.6
16323,195.0,2,353.66,176.83,381.0,1,Lost,6,0.461808784126667,43.6
14679,381.0,3,1289.44,429.81333333333333,349.0,1,Lost,6,0.46184299589222993,43.6
15420,433.0,6,743.0,123.83333333333333,300.0,1,At Risk (was loyal),6,0.4608106104371449,43.6
17219,31.0,2,259.13,129.565,384.0,0,New / Occasional,6,0.4610667881600869,43.6
14567,56.0,2,1530.36,765.18,73.0,0,New / Occasional,8,0.6842031416464693,43.6
17525,359.0,3,1161.9,387.3,69.0,1,At Risk (was loyal),8,0.684131870576633,43.6
16860,452.0,3,1610.62,536.8733333333333,209.0,1,At Risk (was loyal),7,0.5724418540494612,43.6
17991,224.0,3,320.55,106.85000000000001,366.0,1,At Risk (was loyal),6,0.45930604018558646,43.7
14091,653.0,2,9530.08,4765.04,44.0,1,Lost,7,0.5712972198957518,43.7
15180,366.0,3,904.43,301.47666666666663,221.0,1,Lost,7,0.5709336848526811,43.7
14305,70.0,3,1858.96,619.6533333333333,64.0,0,New / Occasional,8,0.68057630726654,43.7
16473,164.0,4,470.83,117.7075,209.0,1,At Risk (was loyal),7,0.5699315092827271,43.7
15399,0.0,3,815.77,271.92333333333335,77.0,0,New / Occasional,8,0.681971877077715,43.7
16078,283.0,2,362.99,181.495,385.0,1,Lost,6,0.45837651851450617,43.7
13486,77.0,3,1122.41,374.1366666666667,76.0,0,New / Occasional,8,0.6795472787602577,43.8
12866,282.0,3,1227.35,409.1166666666666,219.0,1,Lost,7,0.5688162515263732,43.8
16968,3.0,2,439.43,219.715,103.0,0,New / Occasional,8,0.6800235257912427,43.8
15649,335.0,4,2170.35,542.5875,50.0,1,At Risk (was loyal),8,0.678206199350419,43.9
13584,306.0,3,392.45,130.81666666666666,369.0,1,Lost,6,0.45601964285651114,43.9
17542,269.0,3,341.7,113.89999999999999,371.0,1,At Risk (was loyal),6,0.4549830414911357,43.9
17740,388.0,6,426.9,71.14999999999999,308.0,1,At Risk (was loyal),6,0.4559761384375021,43.9
13807,366.0,3,534.8,178.26666666666665,368.0,1,Lost,6,0.45517157635117844,43.9
14937,56.0,3,1621.88,540.6266666666667,73.0,0,New / Occasional,8,0.6765635438016211,43.9
16176,420.0,4,2052.69,513.1725,198.0,1,At Risk (was loyal),7,0.5654785029361945,43.9
13745,161.0,2,777.36,388.68,383.0,1,Lost,6,0.4525385357075174,44.0
18002,375.0,4,249.92,62.48,355.0,1,At Risk (was loyal),6,0.45253598623640134,44.0
12765,471.0,6,1404.58,234.09666666666666,169.0,1,At Risk (was loyal),7,0.5643869513280061,44.0
13916,463.0,4,1275.81,318.9525,211.0,1,At Risk (was loyal),7,0.5615318154323166,44.1
17715,200.0,2,489.6,244.8,392.0,1,Lost,6,0.45039536500101424,44.1
15405,188.0,2,659.84,329.92,386.0,1,Lost,6,0.45221270303914146,44.1
17212,252.0,3,794.41,264.80333333333334,233.0,1,At Risk (was loyal),7,0.5625273064706428,44.1
14387,32.0,3,1770.56,590.1866666666666,76.0,0,New / Occasional,8,0.6728639789077573,44.1
13642,215.0,4,514.72,128.68,217.0,1,At Risk (was loyal),7,0.563108468783407,44.1
13936,179.0,3,939.66,313.21999999999997,234.0,1,Lost,7,0.5600339821932894,44.2
12942,130.0,3,942.65,314.21666666666664,234.0,1,Lost,7,0.5599992855637342,44.2
13074,510.0,4,1378.74,344.685,212.0,1,At Risk (was loyal),7,0.5598527776147177,44.2
13857,392.0,6,1001.01,166.835,177.0,1,At Risk (was loyal),7,0.5600576608879188,44.2
15562,351.0,3,673.38,224.46,374.0,1,Lost,6,0.4486734881709571,44.2
17610,539.0,5,1529.49,305.898,193.0,1,At Risk (was loyal),7,0.5596119542696919,44.2
15347,365.0,4,1363.6,340.9,71.0,1,At Risk (was loyal),8,0.6691274327441296,44.3
15476,379.0,4,2209.98,552.495,62.0,1,At Risk (was loyal),8,0.6692429355081898,44.3
17022,30.0,2,260.0,130.0,401.0,0,New / Occasional,6,0.4472090854807186,44.3
16521,414.0,3,1148.01,382.67,232.0,1,At Risk (was loyal),7,0.5592348315266087,44.3
16927,115.0,3,543.05,181.01666666666665,245.0,1,At Risk (was loyal),7,0.5557289117142346,44.4
13592,35.0,4,247.96,61.99,228.0,0,Loyal,7,0.5564601020719679,44.4
13395,184.0,3,1180.23,393.41,236.0,1,Lost,7,0.5556190275064786,44.4
13699,154.0,2,764.15,382.075,395.0,1,Lost,6,0.4430292506469375,44.5
13186,39.0,3,1575.89,525.2966666666667,89.0,0,New / Occasional,8,0.6654401214479096,44.5
14019,46.0,3,1421.61,473.86999999999995,91.0,0,New / Occasional,8,0.6655951162430142,44.5
12837,172.0,2,688.41,344.205,396.0,1,Lost,6,0.4435767581128557,44.5
12605,375.0,4,1232.95,308.2375,81.0,1,At Risk (was loyal),8,0.6628176716540711,44.6
13613,452.0,5,1039.85,207.96999999999997,207.0,1,At Risk (was loyal),7,0.551478321356971,44.6
16226,202.0,5,672.17,134.434,210.0,1,At Risk (was loyal),7,0.5514638844715881,44.6
12754,235.0,3,3010.74,1003.5799999999999,72.0,1,Lost,8,0.6628229004342957,44.6
13224,59.0,2,2155.95,1077.975,91.0,0,New / Occasional,8,0.6611835896852093,44.7
17375,198.0,4,660.55,165.1375,232.0,1,At Risk (was loyal),7,0.549713077953877,44.7
13379,25.0,3,572.56,190.85333333333332,110.0,0,New / Occasional,8,0.6605854373884723,44.7
15508,188.0,6,1000.27,166.71166666666667,46.0,1,At Risk (was loyal),8,0.6618884397147231,44.7
14316,421.0,5,1370.34,274.068,208.0,1,At Risk (was loyal),7,0.5484860351461383,44.8
13045,98.0,3,808.92,269.64,387.0,1,Lost,6,0.43656430230203985,44.8
15108,141.0,4,1300.25,325.0625,85.0,1,At Risk (was loyal),8,0.6593564551839042,44.8
16364,11.0,2,707.04,353.52,125.0,0,New / Occasional,8,0.6597475462779238,44.8
14862,25.0,2,841.2,420.6,122.0,0,New / Occasional,8,0.6597713814348168,44.8
14729,373.0,3,907.38,302.46,251.0,1,Lost,7,0.546608931073567,44.9
13855,500.0,4,1310.34,327.585,230.0,1,At Risk (was loyal),7,0.5458173884771464,44.9
16300,429.0,3,1392.43,464.1433333333334,245.0,1,At Risk (was loyal),7,0.545831920323594,44.9
16488,32.0,3,498.8,166.26666666666668,115.0,0,Loyal,8,0.657675821159295,44.9
17370,72.0,4,446.18,111.545,96.0,0,Loyal,8,0.6578212990530496,44.9
17718,231.0,2,439.18,219.59,412.0,1,Lost,6,0.43509188304958235,44.9
17040,137.0,2,463.25,231.625,412.0,1,Lost,6,0.4346620616524572,44.9
14561,75.0,3,1080.76,360.25333333333333,108.0,0,New / Occasional,8,0.6566813589828104,44.9
15084,379.0,2,965.2,482.6,266.0,1,Lost,7,0.5449418922233492,45.0
15077,494.0,2,2428.08,1214.04,235.0,1,Lost,7,0.5438342568277926,45.0
17708,187.0,4,887.93,221.9825,235.0,1,At Risk (was loyal),7,0.5453388881144674,45.0
17194,273.0,3,812.5,270.8333333333333,256.0,1,At Risk (was loyal),7,0.5436443876543243,45.0
13478,468.0,5,2215.78,443.15600000000006,207.0,1,At Risk (was loyal),7,0.5437169337322587,45.0
16004,474.0,5,2146.39,429.27799999999996,208.0,1,At Risk (was loyal),7,0.543360642120123,45.1
15280,171.0,3,406.22,135.40666666666667,399.0,1,Lost,6,0.43154022434903544,45.1
17923,281.0,3,497.0,165.66666666666666,262.0,1,At Risk (was loyal),7,0.5424408237730597,45.1
16526,171.0,2,717.21,358.605,412.0,1,Lost,6,0.43013316798109075,45.2
13008,322.0,3,612.13,204.04333333333332,399.0,1,Lost,6,0.4291629147119167,45.2
14186,426.0,5,1550.63,310.12600000000003,217.0,1,At Risk (was loyal),7,0.5399617975364115,45.2
12870,374.0,3,1676.95,558.9833333333333,248.0,1,Lost,7,0.5400613758981785,45.2
17537,29.0,2,897.62,448.81,273.0,0,New / Occasional,7,0.5404540979688566,45.2
14720,5.0,3,663.81,221.26999999999998,120.0,0,New / Occasional,8,0.6522079538001095,45.2
18202,199.0,3,1396.99,465.66333333333336,111.0,1,At Risk (was loyal),8,0.6510806032102376,45.2
14520,1.0,2,270.6,135.3,289.0,0,New / Occasional,7,0.5387158600584164,45.3
17639,275.0,6,615.17,102.52833333333332,207.0,1,At Risk (was loyal),7,0.5377179636731911,45.3
15618,32.0,4,776.851,194.21275,103.0,0,Loyal,8,0.6500503207104569,45.3
13484,240.0,3,790.72,263.5733333333333,398.0,1,Lost,6,0.4279076015253261,45.3
16616,14.0,2,500.42,250.21,142.0,0,New / Occasional,8,0.6505234809401429,45.3
13288,442.0,5,927.61,185.522,223.0,1,At Risk (was loyal),7,0.539189220990472,45.3
14176,296.0,5,916.01,183.202,83.0,1,At Risk (was loyal),8,0.6495952271776766,45.3
14142,372.0,2,983.15,491.575,273.0,1,Lost,7,0.5389102073075848,45.3
14355,365.0,3,1014.45,338.15000000000003,261.0,1,Lost,7,0.537203125099577,45.4
13299,267.0,3,1218.7,406.23333333333335,260.0,1,Lost,7,0.5356279158565705,45.4
13311,3.0,2,598.57,299.285,145.0,0,New / Occasional,8,0.6466520090252185,45.4
17770,198.0,5,1143.27,228.654,83.0,1,At Risk (was loyal),8,0.648215768614697,45.4
15003,472.0,6,1060.7,176.78333333333333,209.0,1,At Risk (was loyal),7,0.5336981607594504,45.5
14009,197.0,3,1099.91,366.6366666666667,264.0,1,Lost,7,0.5337508117030693,45.5
15590,381.0,5,1496.6,299.32,224.0,1,At Risk (was loyal),7,0.5346032842227529,45.5
14238,325.0,3,434.23,144.74333333333334,408.0,1,Lost,6,0.42398095330158897,45.5
17499,289.0,2,1341.39,670.695,271.0,1,Lost,7,0.534071023378169,45.5
16816,102.0,4,417.06,104.265,254.0,1,At Risk (was loyal),7,0.5338482994452141,45.5
12972,413.0,4,1161.2,290.3,247.0,1,At Risk (was loyal),7,0.5332162204359859,45.6
14890,253.0,3,817.25,272.4166666666667,406.0,1,Lost,6,0.421182478120589,45.6
12960,413.0,4,1322.07,330.5175,247.0,1,At Risk (was loyal),7,0.5318420963442023,45.6
17440,156.0,4,323.58,80.895,392.0,1,At Risk (was loyal),6,0.4220180396450575,45.6
15439,404.0,4,1269.05,317.2625,248.0,1,At Risk (was loyal),7,0.5314771778473557,45.6
17763,262.0,4,86.15,21.5375,395.0,1,At Risk (was loyal),6,0.4216015858628873,45.6
12601,189.0,6,681.26,113.54333333333334,214.0,1,At Risk (was loyal),7,0.5316432784760065,45.6
14275,395.0,6,1189.38,198.23000000000002,211.0,1,At Risk (was loyal),7,0.5313730406153802,45.7
12904,17.0,2,509.58,254.79,154.0,0,New / Occasional,8,0.6413567778376784,45.7
14383,37.0,3,1247.69,415.8966666666667,125.0,0,New / Occasional,8,0.6421795526326656,45.7
14034,21.0,3,651.82,217.27333333333334,135.0,0,New / Occasional,8,0.6410792251417099,45.7
15413,691.0,5,6798.72,1359.7440000000001,47.0,1,At Risk (was loyal),8,0.6407869165847131,45.7
13439,254.0,3,986.61,328.87,270.0,1,Lost,7,0.5301722846994135,45.7
14873,209.0,2,854.13,427.065,423.0,1,Lost,6,0.41887594555283736,45.7
18232,81.0,4,592.97,148.2425,115.0,0,Loyal,8,0.6424817970051132,45.7
13475,190.0,4,1431.78,357.945,107.0,1,At Risk (was loyal),8,0.6419065849842738,45.7
12669,150.0,3,2744.03,914.6766666666667,105.0,1,Lost,8,0.6410816431302725,45.7
15760,630.0,2,13916.34,6958.17,0.0,1,Lost,7,0.528211539946984,45.8
12573,226.0,5,717.41,143.482,237.0,1,At Risk (was loyal),7,0.5291399807335724,45.8
13122,93.0,2,922.39,461.195,146.0,1,New / Occasional,8,0.6405013860384986,45.8
16331,431.0,6,2037.7,339.6166666666667,210.0,1,At Risk (was loyal),7,0.5276412832923779,45.8
12465,16.0,2,742.19,371.095,152.0,0,New / Occasional,8,0.6389767474734669,45.8
17433,87.0,2,569.96,284.98,297.0,0,New / Occasional,7,0.5267603512146891,45.9
15467,8.0,3,524.88,174.96,142.0,0,New / Occasional,8,0.6371547306701275,45.9
16801,162.0,4,1619.73,404.9325,110.0,1,At Risk (was loyal),8,0.638150424827109,45.9
14352,156.0,4,1078.96,269.74,116.0,1,At Risk (was loyal),8,0.6378839981396031,45.9
13517,59.0,3,2128.42,709.4733333333334,120.0,0,New / Occasional,8,0.63640215895104,46.0
17674,73.0,2,851.7,425.85,294.0,0,New / Occasional,7,0.5241129373420105,46.0
14994,381.0,5,960.63,192.126,240.0,1,At Risk (was loyal),7,0.5250683834928552,46.0
18039,373.0,4,579.17,144.7925,266.0,1,At Risk (was loyal),7,0.5226396480670439,46.1
12697,28.0,3,957.59,319.19666666666666,140.0,0,New / Occasional,8,0.6339562253000198,46.1
18048,202.0,3,401.73,133.91,290.0,1,At Risk (was loyal),7,0.5206595037308952,46.2
15364,95.0,2,913.19,456.595,158.0,1,New / Occasional,8,0.6315313190289468,46.2
13068,9.0,2,344.0,172.0,309.0,0,New / Occasional,7,0.521023767316415,46.2
16781,371.0,2,934.25,467.125,297.0,1,Lost,7,0.5201575781792498,46.2
12752,80.0,1,4366.78,4366.78,0.0,0,New / Occasional,8,0.6322485300660932,46.2
15970,303.0,2,1017.32,508.66,295.0,1,Lost,7,0.5202907696826653,46.2
12886,67.0,2,1378.4,689.2,151.0,0,New / Occasional,8,0.6290124903546341,46.3
12394,63.0,2,1272.48,636.24,153.0,0,New / Occasional,8,0.6292753669043355,46.3
17100,17.0,2,971.74,485.87,0.0,0,New / Occasional,9,0.7414533845266756,46.3
13672,300.0,3,419.92,139.97333333333333,429.0,1,Lost,6,0.40739155547558026,46.3
13992,29.0,3,219.5,73.16666666666667,432.0,0,New / Occasional,6,0.40729123865451733,46.3
14370,450.0,6,1175.78,195.96333333333334,226.0,1,At Risk (was loyal),7,0.5191601159474233,46.3
16067,562.0,3,3395.29,1131.7633333333333,112.0,1,At Risk (was loyal),8,0.6286423490594061,46.3
13554,379.0,7,1638.28,234.04,66.0,1,At Risk (was loyal),8,0.6290925202357306,46.3
13443,448.0,6,1280.16,213.36,228.0,1,At Risk (was loyal),7,0.5169587765150522,46.4
14343,420.0,4,1088.91,272.2275,268.0,1,At Risk (was loyal),7,0.516633974906393,46.4
16969,38.0,3,650.41,216.8033333333333,152.0,0,Loyal,8,0.6281471231450618,46.4
16572,126.0,3,1009.6,336.53333333333336,148.0,1,At Risk (was loyal),8,0.6272644708176076,46.4
15817,420.0,3,2766.4,922.1333333333333,122.0,1,At Risk (was loyal),8,0.6278879496098984,46.4
14225,434.0,4,2037.02,509.255,261.0,1,At Risk (was loyal),7,0.5142516356204537,46.5
16392,269.0,3,763.05,254.35,292.0,1,At Risk (was loyal),7,0.5147704411833809,46.5
14619,245.0,2,1291.24,645.62,295.0,1,Lost,7,0.5153212824563762,46.5
15545,53.0,2,428.05,214.025,316.0,0,New / Occasional,7,0.513757499415445,46.5
14326,241.0,3,940.98,313.66,290.0,1,Lost,7,0.5143183021334763,46.5
16376,8.0,2,987.01,493.505,8.0,0,New / Occasional,9,0.7361684879811882,46.5
13360,431.0,4,1553.65,388.4125,269.0,1,At Risk (was loyal),7,0.5118301007275647,46.6
14469,415.0,4,2112.21,528.0525,263.0,1,At Risk (was loyal),7,0.5119658201216094,46.6
15425,399.0,4,1944.57,486.1425,263.0,1,At Risk (was loyal),7,0.5134029334668595,46.6
13479,200.0,4,851.37,212.8425,276.0,1,At Risk (was loyal),7,0.512105796437738,46.6
13817,28.0,2,382.98,191.49,322.0,0,New / Occasional,7,0.5096512803327763,46.7
15654,8.0,2,922.53,461.265,16.0,0,New / Occasional,9,0.731953223251058,46.7
15238,28.0,3,1071.99,357.33,154.0,0,New / Occasional,8,0.6219544164362381,46.7
16413,56.0,2,528.98,264.49,318.0,0,New / Occasional,7,0.5102836974995858,46.7
12944,35.0,2,604.51,302.255,319.0,0,New / Occasional,7,0.5080912158592694,46.8
14552,151.0,3,511.28,170.42666666666665,440.0,1,Lost,6,0.3976672158551027,46.8
17461,22.0,3,757.46,252.48666666666668,6.0,0,Champions,9,0.730825669694446,46.8
17566,7.0,2,901.21,450.605,17.0,0,New / Occasional,9,0.7316125525699755,46.8
13187,336.0,4,367.01,91.7525,287.0,1,At Risk (was loyal),7,0.5072293614310239,46.9
18057,392.0,3,1203.56,401.18666666666667,297.0,1,At Risk (was loyal),7,0.5054820135331128,46.9
16946,382.0,5,1222.04,244.408,264.0,1,At Risk (was loyal),7,0.5036393647666908,47.0
18150,31.0,3,566.58,188.86,169.0,0,Loyal,8,0.6159475065177901,47.0
17765,158.0,4,530.8,132.7,289.0,1,At Risk (was loyal),7,0.5041823525468785,47.0
17658,25.0,2,595.42,297.71,185.0,0,New / Occasional,8,0.6161389106453337,47.0
13657,10.0,2,382.14,191.07,190.0,0,New / Occasional,8,0.6159196804717203,47.0
13521,0.0,3,1093.65,364.55,8.0,0,New / Occasional,9,0.7263959152524452,47.0
14921,29.0,2,1316.07,658.035,171.0,0,New / Occasional,8,0.6146297854109919,47.0
15977,16.0,2,1054.73,527.365,21.0,0,New / Occasional,9,0.726815501963351,47.0
16780,99.0,3,605.55,201.85,306.0,1,At Risk (was loyal),7,0.5051321345078738,47.0
18278,73.0,2,414.2,207.1,330.0,0,New / Occasional,7,0.5025157325611301,47.1
14150,35.0,2,658.64,329.32,324.0,0,New / Occasional,7,0.5030025954903433,47.1
13080,178.0,4,280.73,70.1825,430.0,1,At Risk (was loyal),6,0.3922541544668157,47.1
17835,2.0,3,350.64,116.88,20.0,0,Champions,9,0.7255155405749611,47.1
14140,3.0,2,935.05,467.525,27.0,0,New / Occasional,9,0.7246234205423558,47.1
13467,10.0,2,1083.71,541.855,25.0,0,New / Occasional,9,0.7237781049604312,47.1
12918,625.0,1,10953.5,10953.5,0.0,1,Lost,6,0.39128663716747125,47.1
16832,183.0,5,417.61,83.522,274.0,1,At Risk (was loyal),7,0.5007854982834091,47.2
15009,11.0,3,1261.78,420.5933333333333,12.0,0,New / Occasional,9,0.7221909803548998,47.2
13447,22.0,3,1129.14,376.38000000000005,12.0,0,New / Occasional,9,0.7234425299147166,47.2
16658,367.0,6,814.07,135.67833333333334,250.0,1,At Risk (was loyal),7,0.5014075609994243,47.2
14247,277.0,5,772.66,154.53199999999998,273.0,1,At Risk (was loyal),7,0.4992418146031125,47.3
14223,91.0,3,991.13,330.37666666666667,171.0,1,New / Occasional,8,0.6096445913034594,47.3
17917,44.0,3,341.28,113.75999999999999,317.0,0,Loyal,7,0.4992105871855491,47.3
14670,279.0,3,602.0,200.66666666666666,452.0,1,Lost,6,0.3872504365270008,47.3
13734,508.0,4,6701.64,1675.41,94.0,1,At Risk (was loyal),8,0.6095756626808347,47.3
12545,74.0,2,1000.39,500.195,184.0,0,New / Occasional,8,0.609937830353936,47.3
12985,0.0,2,1239.38,619.69,27.0,0,New / Occasional,9,0.7201890553118934,47.3
16951,134.0,3,1277.75,425.9166666666667,169.0,1,At Risk (was loyal),8,0.6079944199457858,47.4
17523,10.0,4,652.74,163.185,7.0,0,Champions,9,0.7188693260488566,47.4
12882,8.0,2,1463.04,731.52,24.0,0,New / Occasional,9,0.7188981392913557,47.4
16164,16.0,3,822.48,274.16,25.0,0,Champions,9,0.7177528775092433,47.4
16759,7.0,3,789.79,263.2633333333333,23.0,0,Champions,9,0.7193927553267426,47.4
15219,175.0,2,685.45,342.725,472.0,1,Lost,6,0.38317624624371927,47.5
12762,7.0,2,1898.52,949.26,17.0,0,New / Occasional,9,0.7171470377895267,47.5
16980,254.0,3,1473.33,491.10999999999996,173.0,1,At Risk (was loyal),8,0.602654885042261,47.6
12805,381.0,4,1434.95,358.7375,293.0,1,At Risk (was loyal),7,0.49314215015629725,47.6
12580,246.0,2,1052.9,526.45,329.0,1,Lost,7,0.4917355303445898,47.6
15396,112.0,2,796.38,398.19,471.0,1,Lost,6,0.3820481767315946,47.6
18051,633.0,7,2282.28,326.04,96.0,1,At Risk (was loyal),8,0.6030688525110665,47.6
12630,9.0,2,1270.88,635.44,34.0,0,New / Occasional,9,0.7150659715937218,47.6
15444,8.0,2,1418.26,709.13,31.0,0,New / Occasional,9,0.7148918584600243,47.6
12572,8.0,2,1020.42,510.21,43.0,0,New / Occasional,9,0.7127448453302209,47.7
15156,0.0,3,961.49,320.49666666666667,32.0,0,New / Occasional,9,0.7117301805708696,47.7
16787,397.0,4,1035.43,258.8575,300.0,1,At Risk (was loyal),7,0.49082148658889596,47.7
17137,415.0,6,1133.63,188.93833333333336,261.0,1,At Risk (was loyal),7,0.49065543900917974,47.7
14629,3.0,2,959.01,479.505,43.0,0,New / Occasional,9,0.7136575510458876,47.7
16244,211.0,2,2579.38,1289.69,160.0,1,Lost,8,0.6013647581793617,47.7
13441,91.0,2,720.9,360.45,339.0,1,New / Occasional,7,0.48955517070860116,47.7
15531,7.0,2,2007.44,1003.72,22.0,0,New / Occasional,9,0.7121841047627288,47.7
17245,204.0,2,371.63,185.815,484.0,1,Lost,6,0.379256930296831,47.7
17960,170.0,3,135.08,45.02666666666667,470.0,1,At Risk (was loyal),6,0.37847612297296757,47.7
17145,512.0,4,3120.91,780.2275,145.0,1,At Risk (was loyal),8,0.5988961922487401,47.8
17062,313.0,6,1208.22,201.37,125.0,1,At Risk (was loyal),8,0.6005469604778352,47.8
13368,256.0,4,1121.5,280.375,166.0,1,At Risk (was loyal),8,0.5988058773229706,47.8
12950,1.0,3,1843.0,614.3333333333334,21.0,0,New / Occasional,9,0.7106246391348526,47.8
16930,25.0,3,380.55,126.85000000000001,42.0,0,Champions,9,0.7106028174149952,47.8
18042,53.0,2,281.15,140.575,488.0,0,New / Occasional,6,0.37771266165872747,47.8
12590,210.0,2,9864.26,4932.13,0.0,1,Lost,8,0.6004631151491158,47.8
17964,31.0,2,733.46,366.73,340.0,0,New / Occasional,7,0.48850631938414385,47.8
17502,8.0,4,689.1,172.275,19.0,0,Champions,9,0.7105783861125212,47.8
15376,39.0,3,1233.36,411.11999999999995,182.0,0,New / Occasional,8,0.5982738044717204,47.9
13867,30.0,3,1015.29,338.43,186.0,0,New / Occasional,8,0.5975840431241548,47.9
14962,270.0,4,366.91,91.7275,313.0,1,At Risk (was loyal),7,0.48588326019676553,47.9
17337,150.0,4,2027.87,506.9675,158.0,1,At Risk (was loyal),8,0.5976470312691575,47.9
15986,29.0,2,354.42,177.21,351.0,0,New / Occasional,7,0.4863598480106424,47.9
15088,20.0,2,1160.07,580.035,45.0,0,New / Occasional,9,0.7093101306887916,47.9
14564,434.0,2,2605.62,1302.81,300.0,1,Lost,7,0.48734667337266396,47.9
15018,38.0,3,607.46,202.48666666666668,329.0,0,New / Occasional,7,0.48622569898426954,47.9
13744,94.0,2,1156.36,578.18,197.0,1,New / Occasional,8,0.5970084083769662,47.9
13506,315.0,5,1639.2,327.84000000000003,144.0,1,At Risk (was loyal),8,0.5981156275328721,47.9
14699,213.0,4,702.6,175.65,311.0,1,At Risk (was loyal),7,0.4846471398005055,48.0
12646,4.0,2,1346.97,673.485,44.0,0,New / Occasional,9,0.7071827278032814,48.0
15064,409.0,4,1254.41,313.6025,306.0,1,At Risk (was loyal),7,0.4840202540716571,48.0
12806,434.0,4,2878.96,719.74,153.0,1,At Risk (was loyal),8,0.5945703132631956,48.0
17113,573.0,6,2322.59,387.09833333333336,123.0,1,At Risk (was loyal),8,0.5963602575369035,48.0
15447,330.0,5,492.88,98.576,294.0,1,At Risk (was loyal),7,0.48386573864244387,48.0
16998,149.0,5,402.0,80.4,294.0,1,At Risk (was loyal),7,0.48447045710444403,48.0
15582,24.0,3,682.91,227.63666666666666,195.0,0,New / Occasional,8,0.5942345979653413,48.1
12538,28.0,2,640.45,320.225,349.0,0,New / Occasional,7,0.4828098211340537,48.1
13781,250.0,3,778.83,259.61,470.0,1,Lost,6,0.3713711541029891,48.1
16158,521.0,9,628.32,69.81333333333333,211.0,1,At Risk (was loyal),7,0.4833190130212363,48.1
16015,3.0,3,705.39,235.13,45.0,0,Champions,9,0.7054029434001452,48.1
16048,372.0,4,1075.23,268.8075,176.0,1,At Risk (was loyal),8,0.5912733121021686,48.2
16020,16.0,3,851.01,283.67,48.0,0,Champions,9,0.7019180543806539,48.2
16900,16.0,3,887.11,295.7033333333333,46.0,0,Champions,9,0.7029358841700653,48.2
16926,370.0,5,1421.35,284.27,155.0,1,At Risk (was loyal),8,0.5908042250206365,48.2
13918,49.0,2,1212.84,606.42,203.0,0,New / Occasional,8,0.5912663283010615,48.2
17134,106.0,3,637.1,212.36666666666667,335.0,1,At Risk (was loyal),7,0.4809552501048964,48.2
16653,15.0,2,1212.66,606.33,55.0,0,New / Occasional,9,0.7016916996498891,48.2
16776,59.0,2,619.85,309.925,355.0,0,New / Occasional,7,0.47826375325727316,48.3
14138,1.0,2,982.38,491.19,62.0,0,New / Occasional,9,0.7003794503403412,48.3
15538,537.0,6,3358.4,559.7333333333333,125.0,1,At Risk (was loyal),8,0.5893918555848847,48.3
13350,15.0,2,979.12,489.56,63.0,0,New / Occasional,9,0.6997394583703997,48.3
13293,391.0,6,1192.94,198.82333333333335,276.0,1,At Risk (was loyal),7,0.4780312635384585,48.3
15158,44.0,2,606.02,303.01,356.0,0,New / Occasional,7,0.47769488435635654,48.3
17564,23.0,3,454.01,151.33666666666667,55.0,0,Champions,9,0.701018275293476,48.3
13365,33.0,2,2225.37,1112.685,184.0,0,New / Occasional,8,0.5885664680406314,48.3
16602,35.0,2,763.33,381.665,352.0,0,New / Occasional,7,0.47812126944616323,48.3
12492,62.0,3,715.21,238.40333333333334,340.0,0,New / Occasional,7,0.47593897145694947,48.4
16475,87.0,4,544.3,136.075,185.0,0,Loyal,8,0.5885286056057587,48.4
14645,156.0,3,876.89,292.2966666666667,477.0,1,Lost,6,0.3649482727351284,48.4
16329,427.0,4,1703.07,425.7675,311.0,1,At Risk (was loyal),7,0.47607841468742546,48.4
18040,18.0,2,357.2,178.6,226.0,0,New / Occasional,8,0.5880292048969891,48.4
16157,15.0,3,656.69,218.89666666666668,56.0,0,Champions,9,0.6983222756320738,48.4
13512,260.0,4,713.39,178.3475,322.0,1,At Risk (was loyal),7,0.4755360969040578,48.4
15756,60.0,4,532.96,133.24,187.0,0,Loyal,8,0.5870311044683905,48.4
14234,21.0,4,775.46,193.865,35.0,0,Champions,9,0.6990282391258367,48.4
16702,414.0,4,1110.83,277.7075,316.0,1,At Risk (was loyal),7,0.477050590066877,48.4
15879,403.0,4,1157.3,289.325,317.0,1,At Risk (was loyal),7,0.4758334716951865,48.4
17853,406.0,3,1608.19,536.0633333333334,329.0,1,At Risk (was loyal),7,0.47446199867429817,48.5
17274,34.0,2,577.38,288.69,360.0,0,New / Occasional,7,0.4749365462446942,48.5
16513,4.0,4,874.59,218.6475,38.0,0,Champions,9,0.6962320422572371,48.5
14975,56.0,2,472.39,236.195,363.0,0,New / Occasional,7,0.4743815485639197,48.5
16812,360.0,4,2392.0,598.0,21.0,1,At Risk (was loyal),9,0.69702992156868,48.5
12926,410.0,4,1548.46,387.115,314.0,1,At Risk (was loyal),7,0.4749438082654436,48.5
13721,35.0,2,741.54,370.77,358.0,0,New / Occasional,7,0.47360048056887544,48.5
17014,7.0,3,586.33,195.44333333333336,58.0,0,Champions,9,0.6976359036087864,48.5
17444,147.0,3,2940.04,980.0133333333333,25.0,1,At Risk (was loyal),9,0.6971187356527291,48.5
12355,213.0,2,947.61,473.805,353.0,1,Lost,7,0.47396216303618266,48.5
14616,242.0,5,527.78,105.556,306.0,1,At Risk (was loyal),7,0.4737972957949719,48.5
14413,361.0,4,770.37,192.5925,326.0,1,At Risk (was loyal),7,0.4717730066637451,48.6
13031,406.0,5,3419.27,683.854,147.0,1,At Risk (was loyal),8,0.5842729017086711,48.6
14273,50.0,4,559.97,139.9925,190.0,0,Loyal,8,0.5844150389062632,48.6
13177,64.0,2,512.2,256.1,365.0,0,New / Occasional,7,0.47202278628971384,48.6
15398,15.0,2,1345.53,672.765,62.0,0,New / Occasional,9,0.6948130986586113,48.6
12811,260.0,5,1033.9,206.78000000000003,166.0,1,At Risk (was loyal),8,0.5845502152719659,48.6
16842,100.0,3,1264.19,421.3966666666667,201.0,1,At Risk (was loyal),8,0.5828331196885544,48.6
15952,33.0,4,806.57,201.6425,191.0,0,Loyal,8,0.5815593724239738,48.7
12640,23.0,3,1174.58,391.52666666666664,57.0,0,New / Occasional,9,0.6924602175988205,48.7
17127,428.0,5,1155.03,231.006,306.0,1,At Risk (was loyal),7,0.46963275920486647,48.7
13927,74.0,2,708.26,354.13,362.0,0,New / Occasional,7,0.4709284730512345,48.7
18155,74.0,3,371.62,123.87333333333333,216.0,0,Loyal,8,0.5810727077174129,48.7
15911,623.0,8,1702.34,212.7925,106.0,1,At Risk (was loyal),8,0.5818821864017264,48.7
16377,266.0,2,1308.48,654.24,350.0,1,Lost,7,0.4698833786635484,48.7
16924,20.0,3,846.75,282.25,62.0,0,Champions,9,0.6922504745431463,48.7
13687,437.0,1,11880.84,11880.84,0.0,1,Lost,6,0.3588375269764855,48.7
14885,131.0,3,1598.12,532.7066666666666,334.0,1,Lost,7,0.47048666424749175,48.7
16087,388.0,5,1739.92,347.98400000000004,300.0,1,At Risk (was loyal),7,0.47066050217143934,48.7
14910,2.0,4,434.35,108.5875,51.0,0,Champions,9,0.6903641367542519,48.8
13038,79.0,3,908.46,302.82,210.0,0,New / Occasional,8,0.5797152576529226,48.8
13684,285.0,4,596.98,149.245,335.0,1,At Risk (was loyal),7,0.4658925727937544,48.9
16138,378.0,3,910.35,303.45,212.0,1,At Risk (was loyal),8,0.5780920605856423,48.9
13525,14.0,2,628.78,314.39,233.0,0,New / Occasional,8,0.5776410740505898,48.9
12383,184.0,5,1850.56,370.11199999999997,167.0,1,At Risk (was loyal),8,0.5784559182804967,48.9
13065,372.0,5,1260.91,252.18200000000002,174.0,1,At Risk (was loyal),8,0.5766788281294467,48.9
15801,45.0,3,1063.95,354.65000000000003,63.0,0,Loyal,9,0.6893640142278984,48.9
13669,50.0,3,413.55,137.85,356.0,0,New / Occasional,7,0.46638365516763414,48.9
13792,65.0,3,383.95,127.98333333333333,356.0,0,New / Occasional,7,0.46673060234208974,48.9
16692,255.0,4,1914.7,478.675,185.0,1,At Risk (was loyal),8,0.5770961603437484,48.9
17144,0.0,2,984.57,492.285,83.0,0,New / Occasional,9,0.6856726658345612,49.0
15598,52.0,2,548.02,274.01,374.0,0,New / Occasional,7,0.4640143742775634,49.0
17045,112.0,5,827.68,165.536,316.0,1,At Risk (was loyal),7,0.46362807633460895,49.0
15707,34.0,4,945.58,236.395,51.0,0,Loyal,9,0.6866019482450859,49.0
13524,40.0,5,680.18,136.036,179.0,0,Loyal,8,0.5764464787256952,49.0
14359,18.0,3,912.18,304.06,68.0,0,New / Occasional,9,0.6873740865759922,49.0
17724,70.0,3,1033.0,344.3333333333333,67.0,0,Loyal,9,0.6868569831420311,49.0
17421,385.0,3,1059.41,353.1366666666667,349.0,1,At Risk (was loyal),7,0.46453665148211204,49.0
15689,119.0,3,521.03,173.67666666666665,497.0,1,Lost,6,0.3536833589617408,49.0
15210,224.0,3,1176.19,392.06333333333333,350.0,1,Lost,7,0.4623522418425805,49.1
15277,46.0,2,476.34,238.17,378.0,0,New / Occasional,7,0.4620425038238765,49.1
16023,45.0,3,719.81,239.93666666666664,220.0,0,Loyal,8,0.5738657729304791,49.1
12945,287.0,2,900.11,450.055,367.0,1,Lost,7,0.4633703720799588,49.1
15706,63.0,4,1060.56,265.14,52.0,0,Loyal,9,0.6850440906477112,49.1
17111,46.0,2,476.58,238.29,378.0,0,New / Occasional,7,0.46203816928002484,49.1
12897,204.0,4,514.25,128.5625,339.0,1,At Risk (was loyal),7,0.4633303457295151,49.1
17777,24.0,3,665.86,221.95333333333335,75.0,0,Champions,9,0.6849206086070165,49.1
12450,155.0,5,688.2,137.64000000000001,318.0,1,At Risk (was loyal),7,0.4629185601392896,49.1
16913,289.0,3,423.91,141.30333333333334,361.0,1,At Risk (was loyal),7,0.46217727806927406,49.1
16433,27.0,2,384.52,192.26,380.0,0,New / Occasional,7,0.46206789335171394,49.1
12871,83.0,3,744.02,248.00666666666666,355.0,0,New / Occasional,7,0.4633291227314326,49.1
17998,379.0,3,639.24,213.08,358.0,1,At Risk (was loyal),7,0.46210602511385124,49.1
17804,375.0,3,385.23,128.41,362.0,1,At Risk (was loyal),7,0.461813603745827,49.1
12488,9.0,3,1298.66,432.8866666666667,65.0,0,New / Occasional,9,0.685577583690426,49.1
15076,172.0,3,1447.74,482.58,349.0,1,Lost,7,0.4599905836033012,49.2
14023,6.0,2,584.07,292.035,242.0,0,New / Occasional,8,0.5712082952674521,49.2
13389,10.0,3,797.96,265.9866666666667,221.0,0,New / Occasional,8,0.5721615789345832,49.2
17281,373.0,6,797.85,132.975,299.0,1,At Risk (was loyal),7,0.46133339683038055,49.2
17325,279.0,3,609.57,203.19000000000003,361.0,1,At Risk (was loyal),7,0.4600045837409486,49.2
13067,81.0,3,508.51,169.50333333333333,363.0,0,New / Occasional,7,0.4595549772190207,49.2
14304,222.0,3,1725.01,575.0033333333333,348.0,1,Lost,7,0.4575638585652906,49.3
14753,86.0,2,869.51,434.755,373.0,0,New / Occasional,7,0.45902538088630596,49.3
16361,9.0,4,896.66,224.165,61.0,0,Champions,9,0.6798562253865618,49.3
13558,5.0,4,605.06,151.265,62.0,0,Champions,9,0.6813172352838269,49.3
16750,44.0,5,623.93,124.78599999999999,187.0,0,Loyal,8,0.5703851815023012,49.3
14375,184.0,3,1132.99,377.66333333333336,355.0,1,Lost,7,0.45877726301507155,49.3
13247,17.0,4,501.12,125.28,64.0,0,Champions,9,0.6806648230410899,49.3
16917,276.0,2,1857.83,928.915,355.0,1,Lost,7,0.4558768406421692,49.4
13152,416.0,7,2146.38,306.6257142857143,277.0,1,At Risk (was loyal),7,0.4566463514772518,49.4
12883,24.0,4,703.47,175.8675,64.0,0,Champions,9,0.6791537693515096,49.4
12975,436.0,6,2100.09,350.01500000000004,296.0,1,At Risk (was loyal),7,0.45681827473547865,49.4
14920,212.0,3,1607.17,535.7233333333334,352.0,1,Lost,7,0.45568077086504416,49.4
14908,73.0,2,381.9,190.95,388.0,0,New / Occasional,7,0.45559019581917315,49.4
17251,362.0,3,812.43,270.81,362.0,1,At Risk (was loyal),7,0.4568171550878042,49.4
15723,364.0,4,947.65,236.9125,209.0,1,At Risk (was loyal),8,0.5659167871759032,49.5
17880,364.0,3,824.92,274.9733333333333,365.0,1,At Risk (was loyal),7,0.4542271622038001,49.5
15806,45.0,3,784.58,261.5266666666667,230.0,0,Loyal,8,0.5650646485516984,49.5
12722,84.0,4,997.63,249.4075,65.0,0,Loyal,9,0.6762316496144123,49.5
12642,24.0,3,1013.26,337.75333333333333,82.0,0,New / Occasional,9,0.6763665716656603,49.5
17038,29.0,2,743.17,371.585,384.0,0,New / Occasional,7,0.45234021747697367,49.6
17250,3.0,2,384.52,192.26,257.0,0,New / Occasional,8,0.5626712115091678,49.6
12932,538.0,8,1698.56,212.32,128.0,1,At Risk (was loyal),8,0.5642174446134423,49.6
12373,310.0,3,1127.65,375.8833333333334,362.0,1,Lost,7,0.4531359091116912,49.6
16167,413.0,5,1386.12,277.224,324.0,1,At Risk (was loyal),7,0.453410049274015,49.6
15614,437.0,4,3147.36,786.84,188.0,1,At Risk (was loyal),8,0.5643201246101207,49.6
12372,71.0,3,1298.04,432.68,224.0,0,New / Occasional,8,0.5639650622790704,49.6
15414,9.0,3,774.9,258.3,232.0,0,New / Occasional,8,0.5635615069581236,49.6
12977,155.0,4,517.63,129.4075,355.0,1,At Risk (was loyal),7,0.45026123357441544,49.7
12785,363.0,3,1100.4,366.8,366.0,1,Lost,7,0.4501996486012054,49.7
13803,254.0,3,1338.91,446.30333333333334,363.0,1,Lost,7,0.44985850851102016,49.7
13899,15.0,2,388.52,194.26,258.0,0,New / Occasional,8,0.5617911966705607,49.7
17239,312.0,4,1189.45,297.3625,213.0,1,At Risk (was loyal),8,0.5606436808163234,49.7
17714,320.0,5,1410.18,282.036,192.0,1,At Risk (was loyal),8,0.5612042564462113,49.7
14407,106.0,6,2157.73,359.62166666666667,169.0,1,At Risk (was loyal),8,0.5603963226169304,49.8
14360,31.0,4,2128.23,532.0575,62.0,0,Loyal,9,0.6698635580232468,49.8
14039,32.0,2,267.28,133.64,542.0,0,New / Occasional,6,0.3372351675090654,49.8
15074,104.0,3,1566.33,522.11,362.0,1,Lost,7,0.4480214592764372,49.8
15224,357.0,5,871.36,174.272,334.0,1,At Risk (was loyal),7,0.4486726098412609,49.8
14136,400.0,5,1570.81,314.162,331.0,1,At Risk (was loyal),7,0.4465015030448301,49.9
15669,39.0,4,684.34,171.085,223.0,0,Loyal,8,0.5568181213978421,49.9
17851,421.0,6,1563.34,260.5566666666667,313.0,1,At Risk (was loyal),7,0.445852220843358,49.9
16231,378.0,4,1078.22,269.555,218.0,1,At Risk (was loyal),8,0.5575358554237373,49.9
12689,25.0,2,1247.61,623.805,101.0,0,New / Occasional,9,0.668570381104721,49.9
14929,31.0,2,836.69,418.345,389.0,0,New / Occasional,7,0.4465947534316507,49.9
13295,359.0,4,1101.97,275.4925,217.0,1,At Risk (was loyal),8,0.5581450620326025,49.9
17979,35.0,4,757.71,189.4275,224.0,0,Loyal,8,0.555385805902032,50.0
14338,160.0,3,928.1,309.3666666666667,375.0,1,Lost,7,0.4448965416868409,50.0
14250,6.0,3,1904.05,634.6833333333333,82.0,0,New / Occasional,9,0.667116377109524,50.0
12723,3.0,5,725.07,145.014,61.0,0,Champions,9,0.6669923911529725,50.0
17514,127.0,2,542.83,271.415,541.0,1,Lost,6,0.3335045726731443,50.0
14053,123.0,4,572.3,143.075,362.0,1,At Risk (was loyal),7,0.4441133097541117,50.0
12514,266.0,2,1597.76,798.88,374.0,1,Lost,7,0.44510537516075577,50.0
17656,72.0,5,1674.69,334.938,55.0,0,Loyal,9,0.6657492270846069,50.0
17736,8.0,3,377.44,125.81333333333333,104.0,0,Champions,9,0.6670343666481974,50.0
16102,41.0,3,1842.14,614.0466666666667,86.0,0,Loyal,9,0.6648421502907065,50.1
16621,51.0,4,813.48,203.37,226.0,0,Loyal,8,0.5532900525762543,50.1
15141,457.0,7,1388.47,198.35285714285715,163.0,1,At Risk (was loyal),8,0.5533377397617196,50.1
14478,381.0,4,1276.66,319.165,356.0,1,At Risk (was loyal),7,0.4430126177348487,50.1
14381,51.0,2,631.34,315.67,399.0,0,New / Occasional,7,0.442168478019871,50.1
12526,0.0,3,1316.66,438.8866666666667,93.0,0,New / Occasional,9,0.6652328977718814,50.1
14761,58.0,3,447.92,149.30666666666667,385.0,0,New / Occasional,7,0.4423706285737812,50.1
17980,165.0,4,1033.42,258.355,227.0,1,At Risk (was loyal),8,0.5506114149842298,50.2
13865,57.0,4,501.56,125.39,231.0,0,Loyal,8,0.5518755637379174,50.2
14959,63.0,4,695.42,173.855,232.0,0,Loyal,8,0.549416897507574,50.3
13513,126.0,3,824.59,274.86333333333334,528.0,1,Lost,6,0.32761043859784206,50.3
14504,46.0,4,673.26,168.315,231.0,0,Loyal,8,0.550418109818412,50.3
16882,66.0,3,705.12,235.04,250.0,0,Loyal,8,0.5497817460560998,50.3
17653,36.0,4,1207.56,301.89,83.0,0,Loyal,9,0.6615429527552003,50.3
13147,9.0,4,712.8,178.2,89.0,0,Champions,9,0.6609309043516325,50.3
17358,302.0,5,866.05,173.20999999999998,350.0,1,At Risk (was loyal),7,0.4357445974239099,50.4
15006,50.0,2,825.14,412.57,402.0,0,New / Occasional,7,0.43627293771499237,50.4
17403,35.0,2,400.57,200.285,414.0,0,New / Occasional,7,0.43416692977032906,50.5
13948,360.0,4,548.76,137.19,374.0,1,At Risk (was loyal),7,0.43460312548202296,50.5
16797,392.0,5,1827.77,365.554,344.0,1,At Risk (was loyal),7,0.4342910365316743,50.5
16647,169.0,4,541.9,135.475,374.0,1,At Risk (was loyal),7,0.43466096575042434,50.5
16631,481.0,7,1892.52,270.36,170.0,1,At Risk (was loyal),8,0.5454147561467785,50.5
17711,10.0,2,385.1,192.55,279.0,0,New / Occasional,8,0.5448050855167785,50.5
12541,29.0,3,981.18,327.06,251.0,0,New / Occasional,8,0.5457474318607622,50.5
15945,364.0,4,827.27,206.8175,372.0,1,At Risk (was loyal),7,0.43386934582106396,50.5
15469,49.0,3,874.25,291.4166666666667,388.0,0,New / Occasional,7,0.4350001512386106,50.5
15512,155.0,4,331.58,82.895,520.0,1,At Risk (was loyal),6,0.32404944774313155,50.5
14437,365.0,5,958.84,191.768,217.0,1,At Risk (was loyal),8,0.5438758136134286,50.6
15656,44.0,4,748.5,187.125,238.0,0,Loyal,8,0.5440814727616179,50.6
16438,5.0,5,798.35,159.67000000000002,76.0,0,Champions,9,0.6555191182505264,50.6
15603,78.0,2,88.48,44.24,569.0,0,New / Occasional,6,0.3205299242777755,50.6
16636,437.0,4,3802.04,950.51,207.0,1,At Risk (was loyal),8,0.5433506199945097,50.6
14079,124.0,2,618.73,309.365,557.0,1,Lost,6,0.32072357713653876,50.6
16254,377.0,3,985.14,328.38,253.0,1,At Risk (was loyal),8,0.5440720340740365,50.6
14924,245.0,3,931.01,310.33666666666664,393.0,1,Lost,7,0.4303125102191739,50.7
17122,118.0,4,570.5,142.625,380.0,1,At Risk (was loyal),7,0.4295838022570858,50.7
16336,420.0,4,3517.69,879.4225,211.0,1,At Risk (was loyal),8,0.5425112466748064,50.7
13323,2.0,5,787.85,157.57,81.0,0,Champions,9,0.6518644243890594,50.7
15717,233.0,5,607.0,121.4,358.0,1,At Risk (was loyal),7,0.4309865239848901,50.7
15839,32.0,3,1048.49,349.49666666666667,114.0,0,Loyal,9,0.652569015288354,50.7
12716,3.0,2,1053.49,526.745,129.0,0,New / Occasional,9,0.6510951906900591,50.8
17862,323.0,4,1279.09,319.7725,239.0,1,At Risk (was loyal),8,0.5387457062858685,50.8
14716,42.0,3,565.45,188.48333333333335,401.0,0,New / Occasional,7,0.42809238471158145,50.8
17152,194.0,4,2016.5,504.125,230.0,1,At Risk (was loyal),8,0.5398043307882813,50.8
14813,369.0,4,1090.87,272.7175,241.0,1,At Risk (was loyal),8,0.5387180500363351,50.8
12639,238.0,3,1312.37,437.45666666666665,389.0,1,Lost,7,0.42913104498489946,50.8
17779,20.0,3,658.57,219.52333333333334,122.0,0,Champions,9,0.6507723533458724,50.8
14418,3.0,3,1937.25,645.75,104.0,0,New / Occasional,9,0.6505237810922667,50.8
12519,63.0,2,726.54,363.27,413.0,0,New / Occasional,7,0.42916209883415435,50.8
12397,35.0,2,2409.9,1204.95,99.0,0,New / Occasional,9,0.6510919413502487,50.8
16117,189.0,3,654.4,218.13333333333333,401.0,1,At Risk (was loyal),7,0.4270670708889017,50.9
16222,317.0,2,1345.22,672.61,402.0,1,Lost,7,0.427002426345817,50.9
15195,2.0,1,3861.0,3861.0,0.0,0,New / Occasional,9,0.6496310223425261,50.9
15303,289.0,3,1224.18,408.06,393.0,1,Lost,7,0.4269311258556051,50.9
13200,18.0,4,870.09,217.5225,107.0,0,Champions,9,0.6463245120561886,51.0
15831,57.0,3,801.76,267.25333333333333,265.0,0,Loyal,8,0.5364267374875348,51.0
16730,51.0,3,743.11,247.70333333333335,267.0,0,Loyal,8,0.5354797952165031,51.0
15266,337.0,5,852.21,170.442,363.0,1,At Risk (was loyal),7,0.42536574159619983,51.0
15748,39.0,3,614.76,204.92,408.0,0,New / Occasional,7,0.4219059047122415,51.1
17064,58.0,3,859.35,286.45,268.0,0,Loyal,8,0.5333003637623265,51.1
15837,64.0,2,777.01,388.505,420.0,0,New / Occasional,7,0.4226433735751847,51.1
12680,0.0,4,880.81,220.2025,112.0,0,Champions,9,0.642476715353975,51.2
15016,172.0,5,630.3,126.05999999999999,370.0,1,At Risk (was loyal),7,0.42119598052569496,51.2
14968,29.0,2,504.99,252.495,428.0,0,New / Occasional,7,0.4210548743139662,51.2
16034,195.0,6,928.72,154.78666666666666,213.0,1,At Risk (was loyal),8,0.5311345574093694,51.2
18239,218.0,6,2150.36,358.3933333333334,204.0,1,At Risk (was loyal),8,0.5319467339076781,51.2
14492,429.0,7,1921.91,274.55857142857144,188.0,1,At Risk (was loyal),8,0.5305890548194321,51.2
17492,247.0,3,1122.42,374.14000000000004,270.0,1,At Risk (was loyal),8,0.5285787972126917,51.3
15781,24.0,3,345.46,115.15333333333332,280.0,0,Champions,8,0.5295114525200862,51.3
13171,21.0,3,468.41,156.13666666666668,277.0,0,New / Occasional,8,0.5305237957749468,51.3
16356,197.0,6,415.87,69.31166666666667,354.0,1,At Risk (was loyal),7,0.4188694663469824,51.3
12361,286.0,4,511.25,127.8125,394.0,1,At Risk (was loyal),7,0.4188481493130889,51.3
13594,52.0,2,533.32,266.66,432.0,0,New / Occasional,7,0.41735467676490706,51.4
17615,129.0,6,733.2,122.2,355.0,1,At Risk (was loyal),7,0.41640889241347023,51.4
13928,10.0,4,464.57,116.1425,122.0,0,Champions,9,0.6382009658241333,51.4
13300,168.0,3,1285.51,428.50333333333333,404.0,1,Lost,7,0.41741251236277577,51.4
15053,4.0,3,697.79,232.59666666666666,277.0,0,New / Occasional,8,0.5278323110396714,51.4
18204,70.0,3,1993.7,664.5666666666667,121.0,0,Loyal,9,0.6371099059829819,51.5
16961,115.0,3,794.56,264.8533333333333,415.0,1,At Risk (was loyal),7,0.41425187020803245,51.5
15247,121.0,3,976.06,325.3533333333333,414.0,1,Lost,7,0.4129753915849808,51.6
13202,393.0,7,1580.3,225.75714285714284,336.0,1,At Risk (was loyal),7,0.4115565418151902,51.6
12873,281.0,3,2027.3,675.7666666666667,399.0,1,Lost,7,0.4129180392544626,51.6
14463,97.0,4,786.57,196.6425,401.0,1,At Risk (was loyal),7,0.4109730747718982,51.7
13940,16.0,4,839.14,209.785,126.0,0,Champions,9,0.6321781813921777,51.7
13239,261.0,5,1594.69,318.938,240.0,1,At Risk (was loyal),8,0.5208540245285852,51.7
12770,210.0,2,3246.45,1623.225,245.0,1,Lost,8,0.5208570251983884,51.7
18193,164.0,3,1207.35,402.45,277.0,1,At Risk (was loyal),8,0.5218477018375401,51.7
13894,23.0,3,564.62,188.20666666666668,286.0,0,New / Occasional,8,0.5220239705405445,51.7
17660,140.0,2,359.47,179.735,595.0,1,Lost,6,0.2980851586479434,51.8
16736,505.0,5,2956.56,591.312,230.0,1,At Risk (was loyal),8,0.5199964414964542,51.8
17383,3.0,2,309.99,154.995,449.0,0,New / Occasional,7,0.4077543839725194,51.8
14847,148.0,3,1348.95,449.65000000000003,415.0,1,Lost,7,0.40793104388190726,51.8
15423,37.0,3,266.89,88.96333333333332,583.0,0,New / Occasional,6,0.29454490197824706,51.9
16671,27.0,3,1692.27,564.09,136.0,0,Loyal,9,0.6289619408232991,51.9
16641,105.0,2,554.5,277.25,596.0,1,Lost,6,0.29444577027491353,51.9
13396,28.0,2,1360.99,680.495,290.0,0,New / Occasional,8,0.5181570662573263,51.9
14231,183.0,4,1235.62,308.905,267.0,1,At Risk (was loyal),8,0.5161971475944086,52.0
15646,157.0,5,974.61,194.922,252.0,1,At Risk (was loyal),8,0.5151372688079405,52.0
12947,143.0,6,1908.03,318.005,229.0,1,At Risk (was loyal),8,0.5127618488691246,52.1
13681,17.0,4,827.83,206.9575,137.0,0,Champions,9,0.6238279295071416,52.1
18078,216.0,4,844.6,211.15,410.0,1,At Risk (was loyal),7,0.40335660131200135,52.1
16214,170.0,4,2038.25,509.5625,264.0,1,At Risk (was loyal),8,0.5117791642480515,52.2
12560,4.0,3,2134.01,711.3366666666667,137.0,0,New / Occasional,9,0.6233231344563787,52.2
12956,305.0,4,521.89,130.4725,417.0,1,At Risk (was loyal),7,0.4004911224293742,52.2
16834,227.0,2,898.96,449.48,446.0,1,Lost,7,0.39982428529899366,52.2
17616,173.0,4,1060.8,265.2,277.0,1,At Risk (was loyal),8,0.5094893021899177,52.3
15638,378.0,6,2265.2,377.5333333333333,231.0,1,At Risk (was loyal),8,0.5091987417509922,52.3
18235,71.0,3,1796.48,598.8266666666667,145.0,0,Loyal,9,0.6208823580464967,52.3
12616,94.0,3,1131.1,377.0333333333333,293.0,1,New / Occasional,8,0.5096189827047284,52.3
14208,94.0,2,567.05,283.525,456.0,1,New / Occasional,7,0.3977309855891326,52.3
15127,65.0,2,711.5,355.75,454.0,0,New / Occasional,7,0.396790853019686,52.4
18025,379.0,6,1177.72,196.28666666666666,239.0,1,At Risk (was loyal),8,0.5084826390252231,52.4
15211,59.0,2,1277.48,638.74,304.0,0,New / Occasional,8,0.508184498545702,52.4
15918,190.0,3,582.88,194.29333333333332,441.0,1,At Risk (was loyal),7,0.3960738084807994,52.4
15254,126.0,3,1088.35,362.7833333333333,433.0,1,Lost,7,0.39666552034549285,52.4
12434,84.0,3,1103.43,367.81,296.0,0,New / Occasional,8,0.5074817920845476,52.4
17058,81.0,3,1179.89,393.2966666666667,158.0,0,Loyal,9,0.6176607881398861,52.5
13800,309.0,3,1679.56,559.8533333333334,427.0,1,Lost,7,0.39472040514051504,52.5
16370,81.0,4,1320.56,330.14,142.0,0,Loyal,9,0.6159746061171097,52.5
13005,173.0,4,999.68,249.92,283.0,1,At Risk (was loyal),8,0.5050873586437015,52.5
17110,164.0,3,510.7,170.23333333333332,444.0,1,At Risk (was loyal),7,0.3945308033282596,52.5
18052,564.0,1,10877.18,10877.18,0.0,1,Lost,7,0.39400501510979763,52.5
12414,216.0,6,952.41,158.73499999999999,246.0,1,At Risk (was loyal),8,0.5039476806113018,52.6
14104,154.0,5,771.58,154.316,405.0,1,At Risk (was loyal),7,0.39255192251848947,52.6
12717,150.0,3,1308.91,436.30333333333334,439.0,1,Lost,7,0.3894857122973182,52.7
16869,22.0,4,825.42,206.355,152.0,0,Champions,9,0.6122164469694915,52.7
17015,28.0,3,1842.56,614.1866666666666,156.0,0,Loyal,9,0.6118254885097952,52.7
17500,16.0,3,1138.0,379.3333333333333,12.0,0,Champions,10,0.7233590383586056,52.7
12791,373.0,6,1056.11,176.01833333333332,250.0,1,At Risk (was loyal),8,0.500104802907745,52.8
14891,147.0,4,1106.73,276.6825,288.0,1,At Risk (was loyal),8,0.5000632410392996,52.8
16146,156.0,4,946.38,236.595,291.0,1,At Risk (was loyal),8,0.49897514583319563,52.8
14495,50.0,3,174.8,58.26666666666667,609.0,0,New / Occasional,6,0.2779848499325664,52.8
17342,379.0,4,1227.54,306.885,290.0,1,At Risk (was loyal),8,0.497384538286941,52.9
13501,287.0,3,2885.11,961.7033333333334,282.0,1,Lost,8,0.49800191596334525,52.9
15679,23.0,4,781.28,195.32,158.0,0,Champions,9,0.6078882769188936,52.9
17876,399.0,3,3424.02,1141.34,275.0,1,At Risk (was loyal),8,0.49740528109633736,52.9
16227,224.0,3,1027.22,342.4066666666667,310.0,1,At Risk (was loyal),8,0.49688286852528496,52.9
16625,274.0,5,1654.03,330.806,269.0,1,At Risk (was loyal),8,0.4966561152582317,52.9
17051,193.0,4,714.39,178.5975,433.0,1,At Risk (was loyal),7,0.38637367254573746,52.9
14998,169.0,4,770.73,192.6825,435.0,1,At Risk (was loyal),7,0.38435971552350745,53.0
14687,106.0,3,1402.06,467.3533333333333,445.0,1,Lost,7,0.3837715576049317,53.0
15264,63.0,2,848.4,424.2,466.0,0,New / Occasional,7,0.38503772587083585,53.0
16141,87.0,2,955.94,477.97,328.0,0,New / Occasional,8,0.49431753030232745,53.1
16199,391.0,7,942.75,134.67857142857142,238.0,1,At Risk (was loyal),8,0.4939437889283646,53.1
14171,97.0,2,498.79,249.395,632.0,1,Lost,6,0.271288767589431,53.1
15048,64.0,4,482.75,120.6875,303.0,0,Loyal,8,0.4930982598181171,53.1
15173,380.0,7,1494.6,213.5142857142857,236.0,1,At Risk (was loyal),8,0.4931199113278723,53.1
18262,139.0,3,577.54,192.51333333333332,462.0,1,At Risk (was loyal),7,0.3797567619493354,53.2
16079,16.0,3,1352.0,450.6666666666667,23.0,0,Champions,10,0.7140169062756299,53.2
17527,53.0,4,939.37,234.8425,164.0,0,Loyal,9,0.6018815315997426,53.2
13214,417.0,7,3264.23,466.31857142857143,228.0,1,At Risk (was loyal),8,0.4917807069694048,53.2
16792,281.0,5,623.46,124.69200000000001,422.0,1,At Risk (was loyal),7,0.38024859777442777,53.2
14775,57.0,3,1418.46,472.82,313.0,0,New / Occasional,8,0.4898142301200676,53.3
15743,15.0,4,784.46,196.115,168.0,0,Champions,9,0.6000052936267681,53.3
12536,42.0,3,12601.83,4200.61,15.0,0,New / Occasional,9,0.601432298334024,53.3
18085,329.0,4,1645.75,411.4375,298.0,1,At Risk (was loyal),8,0.48723022214016537,53.4
15787,25.0,3,948.05,316.01666666666665,35.0,0,Champions,10,0.7098345260170943,53.4
13101,233.0,4,695.4,173.85,446.0,1,At Risk (was loyal),7,0.3764527444386641,53.4
15261,134.0,4,1508.0,377.0,299.0,1,At Risk (was loyal),8,0.4875904321457493,53.4
12789,64.0,3,273.35,91.11666666666667,628.0,0,New / Occasional,6,0.2647290912873745,53.4
16038,7.0,3,471.78,157.26,194.0,0,Champions,9,0.5974201292940415,53.5
12426,194.0,2,1345.21,672.605,468.0,1,Lost,7,0.3749853762503302,53.5
13991,11.0,6,855.97,142.66166666666666,131.0,0,Champions,9,0.5976347807348132,53.5
16715,77.0,2,625.52,312.76,484.0,0,New / Occasional,7,0.37492366810869365,53.5
15621,3.0,4,1293.03,323.2575,17.0,0,Champions,10,0.707659118799951,53.5
17932,28.0,3,1331.57,443.8566666666666,182.0,0,Loyal,9,0.5971616594004733,53.5
13575,22.0,5,732.07,146.41400000000002,152.0,0,Champions,9,0.597608360123043,53.5
14448,8.0,2,375.35,187.675,354.0,0,New / Occasional,8,0.4835186343647258,53.6
13294,189.0,3,1689.53,563.1766666666666,456.0,1,Lost,7,0.3720945465949131,53.6
13359,63.0,2,1043.31,521.655,339.0,0,New / Occasional,8,0.4837027518814226,53.6
13496,10.0,2,653.33,326.665,349.0,0,New / Occasional,8,0.48257613240635466,53.6
15789,357.0,6,1962.01,327.00166666666667,265.0,1,At Risk (was loyal),8,0.4829175074961557,53.6
17709,169.0,5,671.01,134.202,433.0,1,At Risk (was loyal),7,0.3714753160450006,53.6
14656,168.0,5,814.65,162.93,434.0,1,At Risk (was loyal),7,0.36981637084054225,53.7
18130,14.0,3,1059.39,353.13000000000005,41.0,0,Champions,10,0.7046683073085687,53.7
17590,1.0,3,1479.22,493.0733333333333,37.0,0,Champions,10,0.703286063160024,53.7
15013,487.0,10,1641.3,164.13,189.0,1,At Risk (was loyal),8,0.48130648848548596,53.7
15639,133.0,3,1065.08,355.02666666666664,471.0,1,Lost,7,0.3674655974952374,53.8
14199,217.0,4,1091.7,272.925,312.0,1,At Risk (was loyal),8,0.48049326188582175,53.8
13649,256.0,6,1678.88,279.81333333333333,270.0,1,At Risk (was loyal),8,0.4803389218733132,53.8
12620,14.0,3,1339.41,446.47,189.0,0,New / Occasional,9,0.5915289725951016,53.8
15535,172.0,6,1087.82,181.3033333333333,275.0,1,At Risk (was loyal),8,0.47941575209532156,53.8
14193,67.0,3,1210.19,403.3966666666667,328.0,0,New / Occasional,8,0.47995769871586047,53.8
15675,80.0,4,542.04,135.51,322.0,0,Loyal,8,0.477002649598021,53.9
18095,312.0,5,2303.09,460.61800000000005,286.0,1,At Risk (was loyal),8,0.47838593228451276,53.9
16533,18.0,3,1095.56,365.18666666666667,48.0,0,Champions,10,0.6995027325995711,53.9
13135,196.0,2,3371.45,1685.725,294.0,1,Lost,8,0.4783731457013072,53.9
12674,38.0,4,1970.6,492.65,169.0,0,Loyal,9,0.5894041830094863,53.9
16772,422.0,3,3723.55,1241.1833333333334,298.0,1,At Risk (was loyal),8,0.47501185415861197,54.0
13388,130.0,3,1185.65,395.2166666666667,472.0,1,Lost,7,0.3653847483713962,54.0
16936,25.0,2,551.17,275.585,359.0,0,New / Occasional,8,0.47623076500176614,54.0
16527,80.0,2,1272.44,636.22,343.0,0,New / Occasional,8,0.4762678052739493,54.0
14423,217.0,3,916.61,305.5366666666667,476.0,1,Lost,7,0.3652760850822537,54.0
17999,36.0,3,730.9,243.63333333333333,341.0,0,Loyal,8,0.4749354669462465,54.0
16256,266.0,3,1629.37,543.1233333333333,331.0,1,At Risk (was loyal),8,0.4725755358150674,54.1
17418,41.0,3,670.06,223.35333333333332,344.0,0,Loyal,8,0.4731928900161432,54.1
12809,177.0,3,1755.94,585.3133333333334,469.0,1,Lost,7,0.36145106121235615,54.1
13304,350.0,4,1217.99,304.4975,318.0,1,At Risk (was loyal),8,0.4744949750233214,54.1
15540,10.0,2,460.68,230.34,364.0,0,New / Occasional,8,0.4737746991656929,54.1
13739,17.0,2,292.2,146.1,509.0,0,New / Occasional,7,0.3614556113520326,54.1
17649,137.0,3,1578.89,526.2966666666667,334.0,1,At Risk (was loyal),8,0.47071229276997006,54.2
17458,14.0,2,529.58,264.79,366.0,0,New / Occasional,8,0.47088957847446555,54.2
17429,127.0,5,1357.46,271.492,301.0,1,At Risk (was loyal),8,0.47238115503943884,54.2
17901,28.0,3,260.08,86.69333333333333,492.0,0,Loyal,7,0.3602742723996792,54.2
16184,63.0,6,1158.79,193.13166666666666,147.0,0,Loyal,9,0.5833505789533405,54.2
18108,253.0,3,848.81,282.93666666666667,483.0,1,At Risk (was loyal),7,0.36069770205617696,54.2
14160,609.0,7,8421.47,1203.0671428571427,88.0,1,At Risk (was loyal),9,0.5829253553018796,54.2
14220,246.0,4,1515.0,378.75,321.0,1,At Risk (was loyal),8,0.46949934023286866,54.3
16669,23.0,3,1374.87,458.28999999999996,54.0,0,Champions,10,0.692550006691755,54.3
12890,23.0,2,717.27,358.635,363.0,0,New / Occasional,8,0.4699470462356907,54.3
15921,172.0,4,802.11,200.5275,468.0,1,At Risk (was loyal),7,0.3588039379386776,54.3
15634,16.0,2,554.65,277.325,366.0,0,New / Occasional,8,0.4704357422748917,54.3
14594,6.0,2,634.83,317.415,365.0,0,New / Occasional,8,0.46980271815909225,54.3
13034,54.0,3,922.68,307.56,346.0,0,New / Occasional,8,0.46859185504414713,54.3
15243,73.0,2,927.28,463.64,360.0,0,New / Occasional,8,0.46860085728444534,54.3
15626,74.0,3,1067.52,355.84,346.0,0,New / Occasional,8,0.46689362837910897,54.4
12475,53.0,2,1149.64,574.82,356.0,0,New / Occasional,8,0.4678494706591221,54.4
16727,363.0,4,1437.42,359.355,324.0,1,At Risk (was loyal),8,0.4677083224085296,54.4
15574,177.0,6,1518.7,253.11666666666667,286.0,1,At Risk (was loyal),8,0.46809513417091053,54.4
12463,52.0,4,1344.78,336.195,188.0,0,Loyal,9,0.5794619645405056,54.4
16988,4.0,2,382.67,191.335,374.0,0,New / Occasional,8,0.46700370463496216,54.4
15468,50.0,3,1430.48,476.82666666666665,341.0,0,New / Occasional,8,0.4667269283654492,54.4
14052,19.0,2,480.81,240.405,371.0,0,New / Occasional,8,0.4676816592914209,54.4
17349,178.0,5,852.25,170.45,452.0,1,At Risk (was loyal),7,0.3559163497739696,54.4
14935,296.0,2,2849.83,1424.915,322.0,1,Lost,8,0.46489924303220376,54.5
15458,24.0,2,370.44,185.22,376.0,0,New / Occasional,8,0.46558991903696717,54.5
16198,74.0,2,1030.041,515.0205,362.0,0,New / Occasional,8,0.46510720736609085,54.5
15432,22.0,2,320.76,160.38,518.0,0,New / Occasional,7,0.3541857627772986,54.5
16637,31.0,4,1154.47,288.6175,193.0,0,Loyal,9,0.577049063167344,54.5
13868,6.0,2,3192.54,1596.27,31.0,0,New / Occasional,10,0.687904635698702,54.5
17317,45.0,3,2600.34,866.7800000000001,43.0,0,Loyal,10,0.6879358392547754,54.5
15109,245.0,3,983.1,327.7,489.0,1,Lost,7,0.35471659365870506,54.5
15933,20.0,3,1107.46,369.15333333333336,65.0,0,Champions,10,0.6875153832716158,54.5
17480,77.0,2,902.03,451.015,366.0,0,New / Occasional,8,0.46415256464596283,54.6
13607,39.0,2,1078.31,539.155,362.0,0,New / Occasional,8,0.4642347643283985,54.6
17898,84.0,4,299.18,74.795,481.0,0,Loyal,7,0.35297109845738983,54.6
15691,251.0,4,571.3,142.825,480.0,1,At Risk (was loyal),7,0.35159008435809697,54.6
18080,18.0,2,1231.5,615.75,223.0,0,New / Occasional,9,0.5749682318077977,54.6
16387,322.0,5,918.55,183.70999999999998,315.0,1,At Risk (was loyal),8,0.463842882153149,54.6
14400,148.0,3,1732.47,577.49,482.0,1,Lost,7,0.3519066587342291,54.6
13169,63.0,3,840.08,280.0266666666667,498.0,0,New / Occasional,7,0.34950901181064614,54.7
15368,20.0,2,722.74,361.37,372.0,0,New / Occasional,8,0.46249120752303535,54.7
13151,295.0,3,2580.74,860.2466666666666,332.0,1,Lost,8,0.4606072957465564,54.7
13296,136.0,6,792.51,132.085,439.0,1,At Risk (was loyal),7,0.3509802449698511,54.7
17468,9.0,3,194.8,64.93333333333334,364.0,0,Champions,8,0.46240985542661034,54.7
14799,50.0,2,338.15,169.075,686.0,0,New / Occasional,6,0.23979554410443135,54.7
17226,308.0,3,900.12,300.04,356.0,1,At Risk (was loyal),8,0.4606853817811342,54.7
16295,9.0,4,1328.55,332.1375,54.0,0,Champions,10,0.6816327674513512,54.8
17536,176.0,3,364.83,121.61,505.0,1,At Risk (was loyal),7,0.3493699972097525,54.8
17496,358.0,4,1412.89,353.2225,335.0,1,At Risk (was loyal),8,0.45893324844811023,54.8
14598,43.0,2,384.04,192.02,525.0,0,New / Occasional,7,0.3479001928219857,54.8
13639,73.0,2,1346.27,673.135,362.0,0,New / Occasional,8,0.4593956187948698,54.8
17919,87.0,2,1840.32,920.16,350.0,0,New / Occasional,8,0.46026978137054825,54.8
14784,25.0,3,449.93,149.97666666666666,363.0,0,New / Occasional,8,0.46024025313047273,54.8
12912,2.0,5,1662.3,332.46,37.0,0,Champions,10,0.6788469908011584,54.9
14102,4.0,5,1360.28,272.056,39.0,0,Champions,10,0.6791689266547551,54.9
15436,11.0,3,1122.53,374.1766666666667,221.0,0,New / Occasional,9,0.5684156752084819,54.9
15279,354.0,5,1580.54,316.108,321.0,1,At Risk (was loyal),8,0.4545687792612849,55.0
16546,290.0,5,5606.47,1121.294,151.0,1,At Risk (was loyal),9,0.5668293924655204,55.0
16688,0.0,4,1260.86,315.215,59.0,0,Champions,10,0.6785648234146279,55.0
13375,88.0,2,1792.23,896.115,356.0,0,New / Occasional,8,0.456244422861803,55.0
13429,10.0,4,1006.8,251.7,64.0,0,Champions,10,0.6768816020581071,55.0
12936,16.0,4,1063.9,265.975,61.0,0,Champions,10,0.6786059582338826,55.0
14875,107.0,3,2862.4,954.1333333333333,334.0,1,Lost,8,0.45568345618105244,55.0
15113,9.0,3,3609.33,1203.11,44.0,0,New / Occasional,10,0.6769265615843879,55.0
15216,87.0,2,486.09,243.045,531.0,0,New / Occasional,7,0.34177237024276585,55.1
12694,69.0,3,1843.35,614.4499999999999,350.0,0,New / Occasional,8,0.45455159502336356,55.1
14691,30.0,5,2114.33,422.866,182.0,0,Loyal,9,0.5646703057869019,55.1
16623,245.0,4,1015.24,253.81,346.0,1,At Risk (was loyal),8,0.45335445375624106,55.1
18017,80.0,4,688.0,172.0,350.0,0,Loyal,8,0.452880962528011,55.1
17726,394.0,7,1092.06,156.00857142857143,286.0,1,At Risk (was loyal),8,0.453989081215552,55.1
13035,73.0,3,1364.2,454.73333333333335,357.0,0,New / Occasional,8,0.454445522359241,55.1
12991,22.0,3,764.82,254.94000000000003,366.0,0,New / Occasional,8,0.4541145249929633,55.1
14127,122.0,6,1900.08,316.68,302.0,1,At Risk (was loyal),8,0.4529989462119133,55.1
17483,64.0,4,591.73,147.9325,349.0,0,Loyal,8,0.4545138550331485,55.1
16491,46.0,2,1533.16,766.58,366.0,0,New / Occasional,8,0.45276754049868617,55.1
16357,32.0,4,868.37,217.0925,347.0,0,Loyal,8,0.45378934258349246,55.1
17035,245.0,4,613.59,153.3975,491.0,1,At Risk (was loyal),7,0.3430704364510034,55.1
18110,19.0,2,435.43,217.715,391.0,0,New / Occasional,8,0.4521834447872671,55.2
12923,63.0,3,789.87,263.29,511.0,0,New / Occasional,7,0.3403946847906067,55.2
16737,52.0,2,835.2,417.6,524.0,0,New / Occasional,7,0.34123870112072857,55.2
14025,464.0,8,4057.9,507.2375,119.0,1,At Risk (was loyal),9,0.5627039578145776,55.2
12582,238.0,4,1980.4,495.1,338.0,1,At Risk (was loyal),8,0.4516602052281116,55.2
13863,247.0,4,1239.55,309.8875,345.0,1,At Risk (was loyal),8,0.452261317263046,55.2
16249,52.0,5,1800.07,360.014,186.0,0,Loyal,9,0.5634982738158496,55.2
15462,93.0,4,737.05,184.2625,351.0,1,Loyal,8,0.4516503242344163,55.2
16529,189.0,4,2012.0,503.0,340.0,1,At Risk (was loyal),8,0.44976533014906,55.3
14698,1.0,5,1250.76,250.152,49.0,0,Champions,10,0.672612533440264,55.3
13344,67.0,3,2543.72,847.9066666666666,209.0,0,New / Occasional,9,0.5616536706551729,55.3
17977,28.0,2,1565.63,782.815,370.0,0,New / Occasional,8,0.4489303722862319,55.3
13974,48.0,2,677.72,338.86,532.0,0,New / Occasional,7,0.33791160204740567,55.3
18167,22.0,3,1384.86,461.61999999999995,82.0,0,Champions,10,0.6725240037759507,55.3
13245,50.0,2,989.22,494.61,381.0,0,New / Occasional,8,0.4503532437286929,55.3
17749,177.0,3,1026.18,342.06,368.0,1,At Risk (was loyal),8,0.44943884467682144,55.3
17767,14.0,2,413.05,206.525,394.0,0,New / Occasional,8,0.4501460087621093,55.3
14212,89.0,2,2190.14,1095.07,356.0,0,New / Occasional,8,0.44908118432067495,55.3
16728,45.0,4,1054.67,263.6675,218.0,0,Loyal,9,0.5577351864185288,55.4
12657,10.0,4,1643.18,410.795,67.0,0,Champions,10,0.6699120536613205,55.4
17510,24.0,2,514.56,257.28,395.0,0,New / Occasional,8,0.4475087713838678,55.4
15500,7.0,4,1131.56,282.89,73.0,0,Champions,10,0.6694356061142853,55.4
15449,25.0,3,974.52,324.84,235.0,0,New / Occasional,9,0.5588197437842399,55.4
14125,10.0,3,2740.43,913.4766666666666,67.0,0,New / Occasional,10,0.6693073345692188,55.4
17928,44.0,3,341.24,113.74666666666667,525.0,0,Loyal,7,0.3348355760584839,55.5
12425,77.0,2,1741.41,870.705,370.0,0,New / Occasional,8,0.445772690305227,55.5
13689,62.0,2,1259.5,629.75,381.0,0,New / Occasional,8,0.44549682359107895,55.5
12952,5.0,4,1387.79,346.9475,72.0,0,Champions,10,0.6682157944989535,55.5
12445,21.0,2,434.98,217.49,398.0,0,New / Occasional,8,0.4465022004365347,55.5
15597,34.0,2,563.37,281.685,540.0,0,New / Occasional,7,0.3339030918334207,55.5
16790,3.0,6,1545.62,257.6033333333333,34.0,0,Champions,10,0.6680541834267945,55.5
13548,95.0,3,908.99,302.99666666666667,375.0,1,New / Occasional,8,0.44511881845588197,55.5
14605,373.0,4,937.16,234.29,357.0,1,At Risk (was loyal),8,0.4450775051211472,55.5
16169,7.0,4,1822.97,455.7425,67.0,0,Champions,10,0.668546463659879,55.5
14759,4.0,3,1625.97,541.99,228.0,0,New / Occasional,9,0.556923812202288,55.5
13165,45.0,3,1451.16,483.72,366.0,0,New / Occasional,8,0.4461142715580669,55.5
15332,365.0,6,6553.74,1092.29,147.0,1,At Risk (was loyal),9,0.5548759494402936,55.6
17860,368.0,4,1015.54,253.885,359.0,1,At Risk (was loyal),8,0.44279185741399063,55.6
16197,468.0,9,2016.71,224.07888888888888,254.0,1,At Risk (was loyal),8,0.4437256626117991,55.6
16804,22.0,3,536.99,178.99666666666667,247.0,0,Champions,9,0.5541768385981346,55.6
13583,155.0,2,1445.031,722.5155,523.0,1,Lost,7,0.3320771692315021,55.6
14513,100.0,6,788.01,131.335,467.0,1,At Risk (was loyal),7,0.33034816165830305,55.7
12456,43.0,3,3181.04,1060.3466666666666,210.0,0,New / Occasional,9,0.5534392248922188,55.7
17813,13.0,5,1770.88,354.17600000000004,57.0,0,Champions,10,0.6637139575682232,55.7
15012,53.0,3,860.62,286.87333333333333,523.0,0,New / Occasional,7,0.33086276342054466,55.7
13882,2.0,5,1191.13,238.22600000000003,61.0,0,Champions,10,0.664228675579228,55.7
14111,13.0,4,692.85,173.2125,227.0,0,Champions,9,0.5535011975569913,55.7
16447,135.0,3,775.14,258.38,524.0,1,At Risk (was loyal),7,0.33102681736282946,55.7
16240,23.0,2,3718.8,1859.4,53.0,0,New / Occasional,10,0.6637023358210751,55.7
15917,247.0,5,560.63,112.126,489.0,1,At Risk (was loyal),7,0.3302839712998802,55.7
15815,63.0,5,2100.6,420.12,196.0,0,Loyal,9,0.5534245204866972,55.7
15276,65.0,4,649.53,162.3825,368.0,0,Loyal,8,0.4386005679945722,55.8
12679,58.0,4,1113.02,278.255,225.0,0,Loyal,9,0.5515609784806442,55.8
16716,266.0,3,2149.68,716.56,363.0,1,At Risk (was loyal),8,0.44042781635718214,55.8
16080,81.0,4,602.56,150.64,368.0,0,Loyal,8,0.43899744675218383,55.8
17256,106.0,5,498.93,99.786,492.0,1,At Risk (was loyal),7,0.32847036539805613,55.8
13832,18.0,2,613.69,306.845,403.0,0,New / Occasional,8,0.4392459860074743,55.8
16379,3.0,4,2157.4,539.35,74.0,0,Champions,10,0.6608645889637627,55.8
14068,319.0,4,1528.37,382.0925,357.0,1,At Risk (was loyal),8,0.44007296102543414,55.8
14690,43.0,4,794.33,198.5825,366.0,0,Loyal,8,0.438994856690373,55.8
16763,198.0,2,964.7,482.35,539.0,1,Lost,7,0.328172841538143,55.8
14399,393.0,8,2113.16,264.145,280.0,1,At Risk (was loyal),8,0.43849556809408996,55.9
16344,157.0,4,842.42,210.605,510.0,1,At Risk (was loyal),7,0.3274141199343571,55.9
14883,18.0,6,761.59,126.93166666666667,193.0,0,Champions,9,0.5483469410652173,55.9
12725,370.0,4,2694.56,673.64,213.0,1,At Risk (was loyal),9,0.547885440279171,55.9
16282,339.0,3,1307.58,435.85999999999996,378.0,1,At Risk (was loyal),8,0.43806006522545105,55.9
13565,18.0,3,414.8,138.26666666666668,391.0,0,New / Occasional,8,0.4378984510328421,55.9
16510,371.0,6,2100.0,350.0,319.0,1,At Risk (was loyal),8,0.43814182844194616,55.9
18270,37.0,3,444.55,148.18333333333334,394.0,0,Loyal,8,0.43512994918776515,56.0
15511,11.0,5,909.23,181.846,73.0,0,Champions,10,0.6570756131496693,56.0
17272,41.0,4,2148.63,537.1575,220.0,0,Loyal,9,0.5468296589594482,56.0
14434,21.0,6,1372.8,228.79999999999998,50.0,0,Champions,10,0.6571369738811744,56.0
16389,52.0,4,1382.07,345.5175,229.0,0,Loyal,9,0.5460215423483057,56.0
17746,239.0,4,904.18,226.045,370.0,1,At Risk (was loyal),8,0.4348350621994937,56.0
13950,10.0,4,745.06,186.265,235.0,0,Champions,9,0.546554097705888,56.0
16877,11.0,6,853.72,142.28666666666666,195.0,0,Champions,9,0.5462277861137681,56.0
15322,85.0,2,1390.86,695.43,390.0,0,New / Occasional,8,0.4358577727275886,56.0
15773,5.0,2,774.52,387.26,403.0,0,New / Occasional,8,0.43636966972255675,56.0
17481,3.0,4,1255.59,313.8975,90.0,0,Champions,10,0.6560038226898438,56.1
17787,152.0,4,2601.47,650.3675,218.0,1,At Risk (was loyal),9,0.5446062832509222,56.1
17978,364.0,4,1461.76,365.44,366.0,1,At Risk (was loyal),8,0.4333628913950134,56.1
17088,27.0,4,1991.01,497.7525,225.0,0,Loyal,9,0.5440985190570137,56.1
15857,18.0,2,570.48,285.24,411.0,0,New / Occasional,8,0.43355496418178263,56.1
13103,39.0,3,709.64,236.54666666666665,537.0,0,New / Occasional,7,0.32231303156630486,56.1
14412,42.0,3,1426.19,475.3966666666667,381.0,0,New / Occasional,8,0.4342629105962482,56.1
17908,373.0,5,1411.54,282.308,351.0,1,At Risk (was loyal),8,0.43136873828427125,56.2
16589,70.0,4,612.36,153.09,378.0,0,Loyal,8,0.4308421214197161,56.2
17073,17.0,4,1446.09,361.5225,91.0,0,Champions,10,0.6537841268384629,56.2
15136,2.0,4,1286.7,321.675,93.0,0,Champions,10,0.6535349805514744,56.2
16690,71.0,4,353.03,88.2575,379.0,0,Loyal,8,0.4322191733080089,56.2
17054,27.0,5,1356.33,271.26599999999996,216.0,0,Loyal,9,0.5420629387491018,56.2
16445,33.0,4,602.73,150.6825,377.0,0,Loyal,8,0.4317288592945212,56.2
16586,248.0,3,1462.78,487.5933333333333,386.0,1,At Risk (was loyal),8,0.4298099571549022,56.3
15167,320.0,5,1659.67,331.934,352.0,1,At Risk (was loyal),8,0.4289430937758266,56.3
15107,310.0,9,940.35,104.48333333333333,140.0,1,At Risk (was loyal),9,0.5405143400941063,56.3
12978,384.0,5,2502.82,500.564,344.0,1,At Risk (was loyal),8,0.42987771238350087,56.3
12407,49.0,5,1708.12,341.62399999999997,214.0,0,Loyal,9,0.5413670462337985,56.3
14454,375.0,5,977.3,195.45999999999998,357.0,1,At Risk (was loyal),8,0.4293733463135764,56.3
15855,136.0,6,1052.72,175.45333333333335,339.0,1,At Risk (was loyal),8,0.42754974005534735,56.4
17086,6.0,6,2050.08,341.68,56.0,0,Champions,10,0.6493699732225667,56.4
13874,357.0,7,2049.15,292.7357142857143,314.0,1,At Risk (was loyal),8,0.4271103716251138,56.4
17322,375.0,5,922.59,184.518,360.0,1,At Risk (was loyal),8,0.4273172675956145,56.4
14240,29.0,3,1247.49,415.83,393.0,0,New / Occasional,8,0.4266625599054832,56.4
16471,274.0,4,1189.98,297.495,377.0,1,At Risk (was loyal),8,0.42679222164759884,56.4
14141,2.0,4,915.13,228.7825,102.0,0,Champions,10,0.6497181415426732,56.4
13780,6.0,3,735.82,245.27333333333334,399.0,0,New / Occasional,8,0.4277364288458088,56.4
12856,7.0,6,2179.93,363.32166666666666,55.0,0,Champions,10,0.6494813438821573,56.4
13902,631.0,5,34095.26,6819.052000000001,92.0,1,At Risk (was loyal),8,0.42646409392814844,56.5
14537,57.0,2,641.4,320.7,565.0,0,New / Occasional,7,0.3146703944188234,56.5
16614,182.0,3,1179.79,393.2633333333333,395.0,1,At Risk (was loyal),8,0.42583564058124074,56.5
16278,99.0,3,1117.84,372.6133333333333,399.0,1,At Risk (was loyal),8,0.42333836643759976,56.6
12364,7.0,4,1313.1,328.275,104.0,0,Champions,10,0.6451014281330705,56.6
13217,121.0,4,666.48,166.62,533.0,1,At Risk (was loyal),7,0.3122937536526263,56.6
17987,184.0,5,1003.64,200.728,365.0,1,At Risk (was loyal),8,0.42277585078546204,56.6
12994,3.0,3,974.42,324.8066666666667,264.0,0,New / Occasional,9,0.5352212838070999,56.6
13860,0.0,5,1245.9,249.18,85.0,0,Champions,10,0.6460912528468514,56.6
13265,52.0,5,2107.66,421.532,220.0,0,Loyal,9,0.5338216693259621,56.6
14685,575.0,8,4619.79,577.47375,150.0,1,At Risk (was loyal),9,0.5353927942860129,56.6
16096,263.0,4,1584.97,396.2425,380.0,1,At Risk (was loyal),8,0.42107584578270363,56.7
16468,73.0,3,787.52,262.50666666666666,407.0,0,Loyal,8,0.4207230906542128,56.7
16464,19.0,3,1314.68,438.2266666666667,122.0,0,Champions,10,0.6437175225140016,56.7
16495,2.0,3,684.41,228.13666666666666,272.0,0,Champions,9,0.532080518129075,56.7
14232,42.0,5,2048.07,409.61400000000003,221.0,0,Loyal,9,0.5333992977463737,56.7
13962,21.0,3,362.8,120.93333333333334,413.0,0,New / Occasional,8,0.4207946381958636,56.7
17339,93.0,3,362.36,120.78666666666668,415.0,1,Loyal,8,0.41919933503432505,56.8
16335,551.0,7,2774.0,396.2857142857143,184.0,1,At Risk (was loyal),9,0.5300674854818281,56.8
16847,42.0,2,614.89,307.445,574.0,0,New / Occasional,7,0.30874114664978813,56.8
13070,191.0,4,751.7,187.925,539.0,1,At Risk (was loyal),7,0.30745372987060055,56.8
13159,8.0,4,1437.85,359.4625,106.0,0,Champions,10,0.6426134536394117,56.8
12402,322.0,6,1256.9,209.48333333333335,347.0,1,At Risk (was loyal),8,0.4200593964811263,56.8
15701,1.0,4,1542.14,385.535,108.0,0,Champions,10,0.6402794774895338,56.9
14077,40.0,6,615.08,102.51333333333334,354.0,0,Loyal,8,0.41782582892986553,56.9
13924,1.0,6,1838.85,306.47499999999997,70.0,0,Champions,10,0.6398772675629006,56.9
15154,74.0,3,1388.41,462.80333333333334,402.0,0,New / Occasional,8,0.4178316874206955,56.9
16762,19.0,3,1501.38,500.46000000000004,124.0,0,Champions,10,0.6401865195378247,56.9
16394,56.0,5,1555.34,311.068,232.0,0,Loyal,9,0.5276695360540232,56.9
13808,5.0,5,1747.66,349.53200000000004,91.0,0,Champions,10,0.6384918951367403,57.0
17123,161.0,3,977.17,325.7233333333333,410.0,1,At Risk (was loyal),8,0.41615158594885077,57.0
18190,191.0,5,745.62,149.124,525.0,1,At Risk (was loyal),7,0.30362762040261637,57.0
13019,378.0,6,1229.95,204.99166666666667,353.0,1,At Risk (was loyal),8,0.4154067469096857,57.0
12462,18.0,2,1189.59,594.795,284.0,0,New / Occasional,9,0.5261818206632436,57.0
17175,43.0,4,1443.69,360.9225,252.0,0,Loyal,9,0.5267105192824212,57.0
12685,27.0,6,2863.08,477.18,65.0,0,Loyal,10,0.638579515459514,57.0
15206,9.0,4,420.3,105.075,265.0,0,Champions,9,0.5248187356503836,57.1
13083,3.0,3,395.43,131.81,421.0,0,New / Occasional,8,0.4140306880941315,57.1
14470,11.0,3,712.04,237.34666666666666,418.0,0,New / Occasional,8,0.4128044742961854,57.1
12783,1.0,6,2225.91,370.98499999999996,73.0,0,Champions,10,0.6356756255277147,57.1
17356,311.0,5,946.47,189.294,376.0,1,At Risk (was loyal),8,0.4143531860920774,57.1
15381,213.0,5,1890.57,378.114,369.0,1,At Risk (was loyal),8,0.4138291536368697,57.1
18174,6.0,2,162.5,81.25,596.0,0,New / Occasional,7,0.300397524730695,57.2
16173,15.0,6,1418.32,236.38666666666666,82.0,0,Champions,10,0.6328511157293091,57.2
17830,1.0,3,398.7,132.9,287.0,0,Champions,9,0.5231539774481272,57.2
17150,376.0,6,1375.65,229.275,357.0,1,At Risk (was loyal),8,0.41145971894532735,57.2
14116,19.0,5,1382.74,276.548,101.0,0,Champions,10,0.6331371524043355,57.2
14214,30.0,5,1004.38,200.876,246.0,0,Loyal,9,0.5198603555751599,57.3
16037,269.0,5,1509.34,301.868,378.0,1,At Risk (was loyal),8,0.4091297161109141,57.3
16619,263.0,4,1938.33,484.5825,391.0,1,At Risk (was loyal),8,0.4093589634941155,57.3
17309,94.0,3,330.59,110.19666666666666,577.0,1,Loyal,7,0.29802867913090486,57.3
14432,9.0,6,2255.51,375.91833333333335,79.0,0,Champions,10,0.6309507506534764,57.3
16041,30.0,3,3166.4,1055.4666666666667,110.0,0,Loyal,10,0.6326834382322631,57.3
17962,141.0,4,687.42,171.855,552.0,1,At Risk (was loyal),7,0.2988987832448098,57.3
15677,48.0,3,1305.63,435.21000000000004,414.0,0,New / Occasional,8,0.4092177777717827,57.3
16666,18.0,2,225.94,112.97,601.0,0,New / Occasional,7,0.29599576192097515,57.4
17255,40.0,4,799.13,199.7825,405.0,0,Loyal,8,0.40769209943406876,57.4
13140,107.0,5,1215.68,243.13600000000002,382.0,1,At Risk (was loyal),8,0.40784541186749834,57.4
13636,36.0,5,949.12,189.824,248.0,0,Loyal,9,0.518587909767582,57.4
12653,148.0,3,4160.83,1386.9433333333334,378.0,1,Lost,8,0.4053037434025794,57.5
17032,547.0,8,3004.6,375.575,181.0,1,At Risk (was loyal),9,0.5161020871328219,57.5
18106,329.0,6,1461.46,243.57666666666668,364.0,1,At Risk (was loyal),8,0.40545769736839293,57.5
18211,25.0,5,600.07,120.01400000000001,252.0,0,Champions,9,0.5176292879611344,57.5
16066,16.0,5,1521.87,304.37399999999997,107.0,0,Champions,10,0.627681539335557,57.5
15599,26.0,3,1250.06,416.68666666666667,419.0,0,New / Occasional,8,0.40588406825575046,57.5
13710,31.0,3,509.52,169.84,580.0,0,New / Occasional,7,0.2942182895112554,57.5
16454,44.0,4,30.95,7.7375,566.0,0,Loyal,7,0.29400542623144155,57.5
12610,22.0,5,2099.54,419.908,103.0,0,Champions,10,0.6271552038844469,57.5
17405,0.0,3,1031.41,343.80333333333334,149.0,0,Champions,10,0.6262557677910401,57.6
17301,20.0,2,330.43,165.215,603.0,0,New / Occasional,7,0.2930532082636026,57.6
15407,33.0,4,1056.44,264.11,271.0,0,Loyal,9,0.5144510202579138,57.6
17341,156.0,5,1889.83,377.966,383.0,1,At Risk (was loyal),8,0.40272454333487073,57.6
17438,253.0,5,1422.77,284.554,387.0,1,At Risk (was loyal),8,0.4025572842763683,57.6
13046,30.0,3,949.25,316.4166666666667,425.0,0,New / Occasional,8,0.40454835033344616,57.6
12518,0.0,5,2056.89,411.378,109.0,0,Champions,10,0.6228022131691582,57.7
17582,235.0,5,1450.7,290.14,387.0,1,At Risk (was loyal),8,0.4023783292173139,57.7
16345,43.0,2,1198.74,599.37,438.0,0,New / Occasional,8,0.4009036623519436,57.7
15870,32.0,4,862.61,215.6525,413.0,0,Loyal,8,0.4008388897475519,57.7
14489,206.0,4,1574.93,393.7325,405.0,1,At Risk (was loyal),8,0.40128013028853937,57.7
15220,51.0,6,1778.96,296.49333333333334,229.0,0,Loyal,9,0.5134560806421764,57.7
12438,13.0,2,2906.85,1453.425,125.0,0,New / Occasional,10,0.6230063982565957,57.7
17783,71.0,3,379.91,126.63666666666667,440.0,0,Loyal,8,0.39915009265550494,57.8
16009,21.0,4,992.71,248.1775,137.0,0,Champions,10,0.6224993859859281,57.8
17531,189.0,3,1266.82,422.2733333333333,428.0,1,At Risk (was loyal),8,0.3985861977134746,57.8
17694,141.0,3,1695.97,565.3233333333334,421.0,1,At Risk (was loyal),8,0.3992534186569387,57.8
15695,266.0,4,1131.04,282.76,414.0,1,At Risk (was loyal),8,0.3978416766377021,57.9
18203,156.0,4,504.42,126.105,573.0,1,At Risk (was loyal),7,0.28592694837797245,57.9
12381,4.0,5,1845.31,369.062,115.0,0,Champions,10,0.619490822219674,57.9
15751,460.0,11,1380.44,125.49454545454546,272.0,1,At Risk (was loyal),8,0.39830789998832794,57.9
15133,127.0,5,1806.9,361.38,392.0,1,At Risk (was loyal),8,0.39616281465815306,58.0
14511,10.0,5,1314.81,262.962,122.0,0,Champions,10,0.6174002234757985,58.0
15505,52.0,5,3610.96,722.192,102.0,0,Loyal,10,0.6184673759734217,58.0
16306,213.0,7,1192.82,170.40285714285713,221.0,1,At Risk (was loyal),9,0.5067858331699564,58.0
14130,318.0,4,1882.67,470.6675,408.0,1,At Risk (was loyal),8,0.39638566895996064,58.0
13648,399.0,8,1764.02,220.5025,337.0,1,At Risk (was loyal),8,0.39431300291367516,58.1
15888,80.0,3,429.16,143.05333333333334,446.0,0,Loyal,8,0.39387899247550456,58.1
17343,354.0,6,1259.94,209.99,380.0,1,At Risk (was loyal),8,0.3938891182058819,58.1
15221,365.0,4,2465.45,616.3625,271.0,1,At Risk (was loyal),9,0.502368339665225,58.2
15835,43.0,4,954.09,238.5225,286.0,0,Loyal,9,0.5030149733837983,58.2
17647,64.0,3,331.66,110.55333333333334,604.0,0,Loyal,7,0.27980221718716985,58.2
14549,310.0,4,916.55,229.1375,425.0,1,At Risk (was loyal),8,0.3909693561493873,58.2
16124,316.0,4,1772.49,443.1225,415.0,1,At Risk (was loyal),8,0.3917979486564841,58.2
13497,282.0,6,1320.33,220.05499999999998,386.0,1,At Risk (was loyal),8,0.38888476138518224,58.3
17958,116.0,2,973.88,486.94,611.0,1,Lost,7,0.2781546871416704,58.3
18125,29.0,4,1142.99,285.7475,286.0,0,Loyal,9,0.5013945951762365,58.3
17179,177.0,6,1507.26,251.21,384.0,1,At Risk (was loyal),8,0.38948977409601954,58.3
18237,2.0,5,987.1,197.42000000000002,131.0,0,Champions,10,0.6124674389023511,58.3
13877,85.0,3,449.68,149.89333333333335,603.0,0,New / Occasional,7,0.27934432665856757,58.3
15326,333.0,5,1700.52,340.104,404.0,1,At Risk (was loyal),8,0.38744550836432295,58.4
15976,164.0,6,1746.64,291.1066666666667,385.0,1,At Risk (was loyal),8,0.3874850665687945,58.4
16947,235.0,5,955.21,191.042,410.0,1,At Risk (was loyal),8,0.38748072044859644,58.4
13656,164.0,4,1078.85,269.7125,430.0,1,At Risk (was loyal),8,0.38574530303621835,58.5
16566,14.0,5,614.66,122.93199999999999,277.0,0,Champions,9,0.49700943964638633,58.5
15659,43.0,3,532.49,177.49666666666667,609.0,0,New / Occasional,7,0.27461646510717,58.5
12868,185.0,8,2247.06,280.8825,207.0,1,At Risk (was loyal),9,0.4976234180929038,58.5
15384,169.0,4,2027.79,506.9475,422.0,1,At Risk (was loyal),8,0.3842578458196245,58.6
18053,70.0,3,571.07,190.35666666666668,456.0,0,Loyal,8,0.3844819917120788,58.6
13723,216.0,6,1209.2,201.53333333333333,394.0,1,At Risk (was loyal),8,0.3832235085075764,58.6
15577,150.0,5,397.98,79.596,575.0,1,At Risk (was loyal),7,0.27188881883053095,58.6
13814,91.0,3,2257.32,752.44,434.0,1,New / Occasional,8,0.3827915339071656,58.6
16340,106.0,3,1526.06,508.68666666666667,444.0,1,At Risk (was loyal),8,0.3831674951580451,58.6
16072,287.0,4,4328.89,1082.2225,260.0,1,At Risk (was loyal),9,0.4954168383504653,58.6
16943,211.0,5,1299.49,259.898,412.0,1,At Risk (was loyal),8,0.38375115835069434,58.6
17359,10.0,2,284.46,142.23,636.0,0,New / Occasional,7,0.27177026811770083,58.6
17472,190.0,4,935.1,233.775,437.0,1,At Risk (was loyal),8,0.3814747087640718,58.7
16467,508.0,7,2869.16,409.88,228.0,1,At Risk (was loyal),9,0.49354603543247894,58.7
15411,25.0,4,1358.88,339.72,156.0,0,Champions,10,0.6047256891595353,58.7
12654,10.0,5,601.98,120.396,284.0,0,Champions,9,0.4913463218010294,58.8
14037,175.0,6,836.95,139.49166666666667,556.0,1,At Risk (was loyal),7,0.26893908625221774,58.8
16083,100.0,4,2351.42,587.855,287.0,1,At Risk (was loyal),9,0.4902085652747332,58.8
12377,314.0,4,3426.32,856.58,274.0,1,At Risk (was loyal),9,0.4916630484501496,58.8
12828,2.0,6,1018.71,169.785,127.0,0,Champions,10,0.5999496013552552,58.9
13402,126.0,4,1535.13,383.7825,437.0,1,At Risk (was loyal),8,0.37662879565714474,58.9
12915,148.0,4,1174.75,293.6875,440.0,1,At Risk (was loyal),8,0.37721854632561985,58.9
12403,49.0,2,1019.36,509.68,471.0,0,New / Occasional,8,0.37823046999353094,58.9
17464,157.0,3,1000.94,333.6466666666667,461.0,1,At Risk (was loyal),8,0.3758416520402699,59.0
15734,114.0,4,2263.3,565.825,432.0,1,At Risk (was loyal),8,0.37462089361958706,59.0
16275,196.0,3,2151.11,717.0366666666667,444.0,1,At Risk (was loyal),8,0.3762343982214166,59.0
17430,32.0,4,735.17,183.7925,446.0,0,Loyal,8,0.37613247507126224,59.0
16010,245.0,11,1724.06,156.73272727272726,165.0,1,At Risk (was loyal),9,0.4838926837990365,59.1
13707,266.0,5,3365.86,673.172,269.0,1,At Risk (was loyal),9,0.4852583338717198,59.1
14672,234.0,4,1113.14,278.285,445.0,1,At Risk (was loyal),8,0.37386272369669904,59.1
17828,22.0,4,1820.09,455.0225,162.0,0,Champions,10,0.5962010536948311,59.1
17376,70.0,4,453.64,113.41,452.0,0,Loyal,8,0.3737774074893835,59.1
17142,238.0,4,1283.75,320.9375,445.0,1,At Risk (was loyal),8,0.3724933636604687,59.2
17554,0.0,5,1952.45,390.49,146.0,0,Champions,10,0.5945251571301088,59.2
13243,202.0,5,1278.04,255.608,428.0,1,At Risk (was loyal),8,0.3715339231616511,59.2
18160,56.0,3,1003.88,334.62666666666667,328.0,0,Loyal,9,0.48238331440486626,59.2
14055,105.0,3,1520.96,506.9866666666667,616.0,1,Lost,7,0.2609819438971813,59.2
18218,210.0,4,1142.0,285.5,448.0,1,At Risk (was loyal),8,0.37132759469852344,59.2
17997,73.0,8,1970.67,246.33375,89.0,0,Loyal,10,0.5944239413908773,59.2
13023,63.0,3,1449.03,483.01,464.0,0,New / Occasional,8,0.36860789966243523,59.3
13242,111.0,7,699.4,99.91428571428571,555.0,1,At Risk (was loyal),7,0.257088237675619,59.4
17033,85.0,4,1332.79,333.1975,311.0,0,Loyal,9,0.47924837964187045,59.4
13158,94.0,5,1508.18,301.636,293.0,1,Loyal,9,0.4779330597860916,59.4
15919,19.0,2,910.61,455.305,349.0,0,New / Occasional,9,0.4779098953726137,59.4
17176,201.0,3,902.32,300.77333333333337,475.0,1,At Risk (was loyal),8,0.36619418639375584,59.5
16714,218.0,4,1529.8,382.45,451.0,1,At Risk (was loyal),8,0.36593715870122157,59.5
18180,4.0,6,1843.75,307.2916666666667,137.0,0,Champions,10,0.587743338928555,59.5
12432,42.0,5,5059.32,1011.8639999999999,129.0,0,Loyal,10,0.5880160825670648,59.5
12693,126.0,7,1703.02,243.28857142857143,395.0,1,At Risk (was loyal),8,0.36504541844314076,59.5
16159,281.0,4,1232.79,308.1975,455.0,1,At Risk (was loyal),8,0.36525340569580445,59.5
12507,133.0,4,1844.06,461.015,450.0,1,At Risk (was loyal),8,0.3641991126845212,59.6
14850,311.0,7,1794.01,256.28714285714284,256.0,1,At Risk (was loyal),9,0.4753772270659727,59.6
16065,364.0,8,2382.62,297.8275,97.0,1,At Risk (was loyal),10,0.5865617363311303,59.6
16109,218.0,3,939.48,313.16,479.0,1,At Risk (was loyal),8,0.36274537950782987,59.6
15267,21.0,5,1717.36,343.472,160.0,0,Champions,10,0.584914323474613,59.6
14693,264.0,7,1165.36,166.48,261.0,1,At Risk (was loyal),9,0.4740841996444171,59.6
13753,287.0,4,2094.57,523.6425,449.0,1,At Risk (was loyal),8,0.3629702338359907,59.6
16989,6.0,6,1133.25,188.875,143.0,0,Champions,10,0.5866739022824885,59.6
16461,177.0,3,1615.22,538.4066666666666,468.0,1,At Risk (was loyal),8,0.3637419366663174,59.6
13976,206.0,4,1192.36,298.09,461.0,1,At Risk (was loyal),8,0.3610162534653611,59.7
18122,7.0,6,1826.21,304.36833333333334,142.0,0,Champions,10,0.5838498847136342,59.7
13778,102.0,4,1124.49,281.1225,462.0,1,At Risk (was loyal),8,0.3607957474322874,59.7
13466,183.0,5,1013.35,202.67000000000002,444.0,1,At Risk (was loyal),8,0.3609722900032173,59.7
16463,20.0,4,1422.4,355.6,182.0,0,Champions,10,0.5836099853446591,59.7
18043,24.0,3,875.97,291.99,342.0,0,Champions,9,0.4724132491083756,59.7
16795,364.0,3,2492.39,830.7966666666666,318.0,1,At Risk (was loyal),9,0.47308854649080706,59.7
15944,276.0,4,2164.24,541.06,449.0,1,At Risk (was loyal),8,0.36241766377441165,59.7
18156,12.0,2,941.17,470.585,356.0,0,New / Occasional,9,0.471622498495131,59.8
14188,30.0,6,2054.36,342.3933333333334,279.0,0,Loyal,9,0.47094973552098823,59.8
13752,123.0,7,1590.73,227.24714285714285,403.0,1,At Risk (was loyal),8,0.35943835990342343,59.8
12527,81.0,5,735.51,147.102,447.0,0,Loyal,8,0.36040688641487195,59.8
15907,3.0,3,967.45,322.48333333333335,206.0,0,Champions,10,0.5822375746159331,59.8
17889,211.0,7,774.87,110.69571428571429,406.0,1,At Risk (was loyal),8,0.3605283790800436,59.8
14870,261.0,6,1838.95,306.4916666666667,422.0,1,At Risk (was loyal),8,0.35860566228541474,59.8
15678,52.0,3,1893.89,631.2966666666667,469.0,0,New / Occasional,8,0.3599529224456717,59.8
17926,132.0,5,1035.49,207.098,446.0,1,At Risk (was loyal),8,0.35932245331296797,59.8
12517,27.0,5,2502.84,500.56800000000004,161.0,0,Loyal,10,0.5790240258008682,59.9
14976,56.0,7,790.86,112.98,269.0,0,Loyal,9,0.46920415592371073,59.9
16838,196.0,4,1159.61,289.9025,465.0,1,At Risk (was loyal),8,0.3582491361469027,59.9
18062,172.0,6,1632.67,272.1116666666667,424.0,1,At Risk (was loyal),8,0.3581162478227692,59.9
16769,259.0,4,1141.75,285.4375,465.0,1,At Risk (was loyal),8,0.3583900403780851,59.9
15116,17.0,4,1352.75,338.1875,187.0,0,Champions,10,0.5801956070816048,59.9
14219,3.0,3,633.83,211.27666666666667,489.0,0,New / Occasional,8,0.35849059016477675,59.9
13505,72.0,4,4393.63,1098.4075,159.0,0,Loyal,10,0.5771806997818584,60.0
14128,60.0,3,924.21,308.07,490.0,0,New / Occasional,8,0.3545995576966397,60.0
15491,94.0,6,3100.09,516.6816666666667,140.0,1,Loyal,10,0.5787736696754234,60.0
16680,42.0,3,821.45,273.81666666666666,491.0,0,Loyal,8,0.35495545058614897,60.0
18066,74.0,3,1440.4,480.1333333333334,340.0,0,Loyal,9,0.4674282781737602,60.0
14364,108.0,8,3717.35,464.66875,102.0,1,At Risk (was loyal),10,0.5776515691203118,60.0
13030,10.0,2,1227.22,613.61,356.0,0,New / Occasional,9,0.466446291521616,60.0
15958,73.0,4,492.99,123.2475,476.0,0,Loyal,8,0.35520647909158715,60.0
12728,70.0,5,1070.17,214.03400000000002,312.0,0,Loyal,9,0.4652892850240084,60.1
14793,20.0,2,625.9,312.95,513.0,0,New / Occasional,8,0.3528721199676159,60.1
16367,36.0,3,1362.4,454.1333333333334,345.0,0,Loyal,9,0.46425552431664746,60.1
16952,108.0,5,798.78,159.756,618.0,1,At Risk (was loyal),7,0.24287425939054919,60.1
16211,88.0,3,1090.59,363.53,349.0,0,Loyal,9,0.46417140834174386,60.1
13382,280.0,5,1387.58,277.51599999999996,451.0,1,At Risk (was loyal),8,0.35340377384697297,60.1
17423,45.0,3,1118.95,372.98333333333335,347.0,0,Loyal,9,0.46547342522609086,60.1
18034,21.0,3,793.7,264.56666666666666,353.0,0,Champions,9,0.46438107192015876,60.1
12427,21.0,3,1129.3,376.43333333333334,349.0,0,New / Occasional,9,0.46371801214740344,60.1
13109,59.0,3,1134.03,378.01,491.0,0,New / Occasional,8,0.35159212033934373,60.2
12413,66.0,4,999.45,249.8625,335.0,0,Loyal,9,0.4624578652837858,60.2
17344,45.0,2,468.11,234.055,682.0,0,New / Occasional,7,0.24046997850200913,60.2
14554,9.0,4,2381.04,595.26,42.0,0,Champions,11,0.6823493344967634,60.3
12953,9.0,2,828.81,414.405,512.0,0,New / Occasional,8,0.35025987822945,60.3
12908,175.0,5,1776.0,355.2,453.0,1,At Risk (was loyal),8,0.3495474556095089,60.3
12919,7.0,6,1335.19,222.53166666666667,161.0,0,Champions,10,0.5712022821147249,60.3
13428,9.0,3,499.98,166.66,504.0,0,New / Occasional,8,0.3486701723509492,60.3
16682,4.0,5,1028.0,205.6,183.0,0,Champions,10,0.5709667337397607,60.3
17934,51.0,3,1049.15,349.7166666666667,354.0,0,Loyal,9,0.4605738204046637,60.3
14382,25.0,2,1246.8,623.4,363.0,0,New / Occasional,9,0.46037497549035733,60.3
17732,372.0,8,2470.39,308.79875,115.0,1,At Risk (was loyal),10,0.5718283262469721,60.3
17214,59.0,6,1069.12,178.18666666666664,298.0,0,Loyal,9,0.46069839130543316,60.3
14591,14.0,4,1447.14,361.785,197.0,0,Champions,10,0.5713814447242171,60.3
17837,41.0,8,1593.38,199.1725,120.0,0,Loyal,10,0.5710574896597747,60.3
17878,43.0,3,1412.33,470.77666666666664,351.0,0,Loyal,9,0.45877318285905794,60.4
16183,66.0,4,1077.81,269.4525,340.0,0,Loyal,9,0.45771016790981334,60.4
12473,28.0,5,3938.55,787.71,162.0,0,Loyal,10,0.568867483432879,60.4
13049,63.0,4,1408.24,352.06,336.0,0,Loyal,9,0.45815730709228475,60.4
14475,71.0,4,1151.15,287.7875,337.0,0,Loyal,9,0.4595320825767019,60.4
14479,253.0,4,1299.11,324.7775,479.0,1,At Risk (was loyal),8,0.3466617773300343,60.4
16386,28.0,3,1102.59,367.53,359.0,0,Loyal,9,0.45587171618278105,60.5
16835,127.0,6,1538.41,256.4016666666667,441.0,1,At Risk (was loyal),8,0.3458431469191231,60.5
16054,144.0,4,2111.88,527.97,471.0,1,At Risk (was loyal),8,0.34629726605412786,60.5
13900,182.0,6,1610.59,268.4316666666667,441.0,1,At Risk (was loyal),8,0.3454916579518618,60.5
13471,0.0,4,2531.58,632.895,46.0,0,Champions,11,0.6783686549701535,60.5
14581,16.0,2,433.8,216.9,527.0,0,New / Occasional,8,0.34559310892392386,60.5
15661,316.0,8,1215.95,151.99375,261.0,1,At Risk (was loyal),9,0.4572852406845082,60.5
14675,15.0,2,1066.9,533.45,372.0,0,New / Occasional,9,0.45628076967488207,60.5
16127,38.0,2,801.31,400.655,687.0,0,New / Occasional,7,0.23312673501434084,60.6
17785,52.0,3,403.38,134.46,512.0,0,Loyal,8,0.34375189822536084,60.6
16284,30.0,3,1029.77,343.25666666666666,362.0,0,Loyal,9,0.45427845545543566,60.6
15402,148.0,6,1830.54,305.09,443.0,1,At Risk (was loyal),8,0.3429397610979083,60.6
15799,75.0,4,1424.29,356.0725,342.0,0,Loyal,9,0.4531323265202657,60.7
17046,156.0,5,1906.07,381.214,463.0,1,At Risk (was loyal),8,0.3413368417196113,60.7
17165,283.0,6,1794.32,299.05333333333334,444.0,1,At Risk (was loyal),8,0.34237552722294956,60.7
13908,79.0,4,2369.55,592.3875,196.0,0,Loyal,10,0.5644209850167505,60.7
16399,18.0,3,641.82,213.94000000000003,370.0,0,Champions,9,0.4522939972615925,60.7
15720,23.0,2,741.92,370.96,525.0,0,New / Occasional,8,0.3420243520994922,60.7
18263,25.0,3,1213.16,404.3866666666667,226.0,0,Champions,10,0.5633324467111271,60.7
12847,21.0,2,1636.9,818.45,365.0,0,New / Occasional,9,0.45171397435617566,60.7
12830,37.0,6,6814.64,1135.7733333333333,134.0,0,Loyal,10,0.5640159570084505,60.7
16932,52.0,3,440.71,146.90333333333334,517.0,0,Loyal,8,0.3396619964812226,60.8
17286,21.0,3,395.48,131.82666666666668,378.0,0,Champions,9,0.44866077729579856,60.9
17648,60.0,5,2216.37,443.274,324.0,0,Loyal,9,0.44793387540604346,60.9
18084,15.0,3,812.93,270.97666666666663,372.0,0,Champions,9,0.44867285374969823,60.9
13663,178.0,5,2047.51,409.502,467.0,1,At Risk (was loyal),8,0.3375458396284434,60.9
13476,178.0,5,2061.47,412.294,466.0,1,At Risk (was loyal),8,0.33819749006795913,60.9
13462,252.0,5,1153.85,230.76999999999998,473.0,1,At Risk (was loyal),8,0.33846343073163254,60.9
15269,23.0,3,1225.36,408.4533333333333,366.0,0,New / Occasional,9,0.4487434132109132,60.9
16317,119.0,5,2192.51,438.50200000000007,465.0,1,At Risk (was loyal),8,0.33815127817051127,60.9
14014,76.0,3,1948.21,649.4033333333333,499.0,0,New / Occasional,8,0.3370047552083311,60.9
16224,56.0,5,1616.54,323.308,330.0,0,Loyal,9,0.44701225131234534,61.0
16611,185.0,6,1785.13,297.5216666666667,452.0,1,At Risk (was loyal),8,0.33652774213250614,61.0
16450,149.0,3,1505.73,501.91,506.0,1,At Risk (was loyal),8,0.33652346666150723,61.0
14121,3.0,4,2780.15,695.0375,56.0,0,Champions,11,0.6692749907804588,61.0
15745,18.0,4,1094.59,273.6475,217.0,0,Champions,10,0.5582075116837417,61.0
14264,154.0,6,1517.36,252.89333333333332,456.0,1,At Risk (was loyal),8,0.33488324330970526,61.0
17410,15.0,5,1214.72,242.94400000000002,199.0,0,Champions,10,0.5568197232033666,61.0
17772,10.0,3,384.77,128.25666666666666,381.0,0,Champions,9,0.44634904405609743,61.0
16824,15.0,3,686.24,228.74666666666667,378.0,0,Champions,9,0.4452759338857601,61.1
16245,23.0,3,1413.66,471.22,233.0,0,Champions,10,0.5553377627432929,61.1
12378,129.0,2,5416.32,2708.16,432.0,1,Lost,8,0.3343786654444258,61.1
17604,216.0,6,945.93,157.655,464.0,1,At Risk (was loyal),8,0.3317775613752933,61.2
16292,121.0,5,1253.76,250.752,482.0,1,At Risk (was loyal),8,0.33128602102990495,61.2
13223,199.0,6,969.12,161.52,464.0,1,At Risk (was loyal),8,0.3316668811087719,61.2
14320,206.0,5,1346.75,269.35,480.0,1,At Risk (was loyal),8,0.332193188915462,61.2
17805,73.0,2,927.03,463.515,536.0,0,New / Occasional,8,0.33095495244867135,61.2
15620,56.0,4,1942.36,485.59,353.0,0,Loyal,9,0.43981034272219277,61.3
12520,78.0,5,2634.26,526.8520000000001,194.0,0,Loyal,10,0.5515334335521934,61.3
16863,30.0,3,998.52,332.84,378.0,0,Loyal,9,0.44164622239879,61.3
16092,114.0,6,1587.94,264.6566666666667,464.0,1,At Risk (was loyal),8,0.3287203028234167,61.3
15025,32.0,2,1013.09,506.545,535.0,0,New / Occasional,8,0.3302980037660837,61.3
17955,198.0,6,949.9,158.31666666666666,466.0,1,At Risk (was loyal),8,0.3303037779783842,61.3
15488,92.0,5,431.92,86.384,490.0,1,Loyal,8,0.3303159124423961,61.3
13403,17.0,3,229.5,76.5,705.0,0,New / Occasional,7,0.2188472597346612,61.3
14265,108.0,4,1373.35,343.3375,502.0,1,At Risk (was loyal),8,0.32919169537430365,61.3
17495,7.0,3,806.72,268.9066666666667,383.0,0,Champions,9,0.4398244080002112,61.3
17871,204.0,5,1118.99,223.798,488.0,1,At Risk (was loyal),8,0.3277250359686986,61.4
15237,1.0,4,1412.32,353.08,225.0,0,Champions,10,0.5490195194841546,61.4
16634,222.0,6,1814.61,302.435,465.0,1,At Risk (was loyal),8,0.32692112701220405,61.4
14474,45.0,2,1278.08,639.04,533.0,0,New / Occasional,8,0.3274981559702092,61.4
16885,14.0,4,710.74,177.685,370.0,0,Champions,9,0.4364669323233962,61.5
18139,17.0,6,8438.34,1406.39,0.0,0,Champions,11,0.6598627524744222,61.5
14251,1.0,5,2879.7,575.9399999999999,55.0,0,Champions,11,0.6585674148767934,61.5
16140,65.0,3,1557.6,519.1999999999999,376.0,0,Loyal,9,0.436779151465616,61.5
16343,15.0,3,687.07,229.02333333333334,391.0,0,Champions,9,0.43474478821061907,61.6
13666,59.0,5,127.9,25.580000000000002,675.0,0,Loyal,7,0.21309908875739125,61.6
16903,28.0,3,1062.28,354.0933333333333,386.0,0,Loyal,9,0.43443845420715566,61.6
17181,56.0,3,465.37,155.12333333333333,538.0,0,Loyal,8,0.32411094569401405,61.6
14821,366.0,7,1286.45,183.77857142857144,309.0,1,At Risk (was loyal),9,0.43448104933571235,61.6
18035,35.0,5,1276.74,255.348,349.0,0,Loyal,9,0.4338628600786122,61.6
13456,17.0,6,1766.72,294.4533333333333,189.0,0,Champions,10,0.5462407253846984,61.6
16921,60.0,3,446.67,148.89000000000001,539.0,0,Loyal,8,0.3235845152499865,61.6
17578,217.0,7,1047.33,149.6185714285714,311.0,1,At Risk (was loyal),9,0.4339172975010921,61.6
15341,80.0,2,2402.72,1201.36,368.0,0,New / Occasional,9,0.4355486438020822,61.6
17522,1.0,5,1070.71,214.142,216.0,0,Champions,10,0.543951293704388,61.7
14948,22.0,6,1101.97,183.66166666666666,196.0,0,Champions,10,0.5440879999352768,61.7
17951,39.0,4,1636.08,409.02,364.0,0,Loyal,9,0.43350734437011734,61.7
15957,31.0,3,930.1,310.03333333333336,389.0,0,Loyal,9,0.43354693454772447,61.7
17254,4.0,3,470.73,156.91,396.0,0,Champions,9,0.43321312237192766,61.7
13740,240.0,5,1597.77,319.554,496.0,1,At Risk (was loyal),8,0.3191834310086702,61.8
15580,376.0,8,1381.19,172.64875,293.0,1,At Risk (was loyal),9,0.430725525209499,61.8
18071,257.0,6,1428.63,238.10500000000002,477.0,1,At Risk (was loyal),8,0.3201132988452991,61.8
16024,11.0,3,484.2,161.4,399.0,0,Champions,9,0.4306395381556269,61.8
12906,11.0,5,2919.81,583.962,66.0,0,Champions,11,0.650153765667152,61.9
17131,4.0,5,2463.17,492.634,70.0,0,Champions,11,0.649932415978345,61.9
17465,425.0,7,2542.79,363.2557142857143,310.0,1,At Risk (was loyal),9,0.4281663282266,61.9
16657,9.0,4,933.62,233.405,244.0,0,Champions,10,0.537609855740468,62.0
16648,42.0,3,672.8,224.26666666666665,547.0,0,Loyal,8,0.3155550017257433,62.0
17771,56.0,4,387.41,96.8525,532.0,0,Loyal,8,0.3150623827193318,62.0
18127,18.0,4,561.53,140.3825,384.0,0,Champions,9,0.42644245109456663,62.0
15594,15.0,5,1771.78,354.356,218.0,0,Champions,10,0.5376814153419396,62.0
16807,142.0,6,2123.88,353.98,480.0,1,At Risk (was loyal),8,0.31473510919182623,62.0
14682,187.0,6,1514.81,252.46833333333333,484.0,1,At Risk (was loyal),8,0.3147294760283319,62.0
13655,113.0,6,2280.51,380.08500000000004,477.0,1,At Risk (was loyal),8,0.3161348486186299,62.0
15145,3.0,4,1194.73,298.6825,244.0,0,Champions,10,0.5353819541391572,62.1
12673,4.0,3,1230.02,410.00666666666666,396.0,0,New / Occasional,9,0.4244547005094673,62.1
12418,112.0,4,2021.2,505.3,517.0,1,At Risk (was loyal),8,0.31359949558506905,62.1
15823,371.0,3,3897.17,1299.0566666666666,358.0,1,At Risk (was loyal),9,0.4242621778958662,62.1
13644,15.0,4,2624.26,656.065,89.0,0,Champions,11,0.6460813380992061,62.1
15223,225.0,5,1417.95,283.59000000000003,509.0,1,At Risk (was loyal),8,0.31100211831645475,62.2
16105,248.0,5,2386.19,477.238,355.0,1,At Risk (was loyal),9,0.4218031683088817,62.2
13363,17.0,3,1723.86,574.62,392.0,0,New / Occasional,9,0.42198475489078047,62.2
15579,68.0,5,1302.5,260.5,363.0,0,Loyal,9,0.42243597496566254,62.2
16188,44.0,5,1087.66,217.532,364.0,0,Loyal,9,0.4230311995336732,62.2
13446,429.0,11,3881.89,352.8990909090909,233.0,1,At Risk (was loyal),9,0.42331005895389917,62.2
16836,39.0,4,782.37,195.5925,534.0,0,Loyal,8,0.3107364031077511,62.2
15478,39.0,3,2024.98,674.9933333333333,534.0,0,New / Occasional,8,0.3110415673586728,62.2
17703,34.0,4,1094.84,273.71,382.0,0,Loyal,9,0.42357601478473095,62.2
16639,30.0,4,1747.98,436.995,377.0,0,Loyal,9,0.4221149298615752,62.2
16848,52.0,4,1411.62,352.905,379.0,0,Loyal,9,0.423328180817926,62.2
17509,57.0,8,6115.14,764.3925,5.0,0,Loyal,11,0.6446187041697155,62.2
15172,8.0,5,1624.05,324.81,227.0,0,Champions,10,0.5313051762899778,62.3
15026,79.0,5,1061.61,212.32199999999997,368.0,0,Loyal,9,0.4199965822397773,62.3
14585,49.0,5,1143.27,228.654,366.0,0,Loyal,9,0.42106732075837117,62.3
14013,109.0,5,1084.57,216.914,513.0,1,At Risk (was loyal),8,0.31009066004650837,62.3
16955,184.0,6,1309.41,218.235,492.0,1,At Risk (was loyal),8,0.3100348363760229,62.3
12986,428.0,10,2729.84,272.98400000000004,259.0,1,At Risk (was loyal),9,0.42139502892360825,62.3
17420,49.0,6,1084.43,180.73833333333334,351.0,0,Loyal,9,0.4177648833676784,62.4
17816,36.0,6,112.32,18.72,687.0,0,Loyal,7,0.195490666785653,62.4
15777,240.0,7,1762.61,251.80142857142854,327.0,1,At Risk (was loyal),9,0.4179412671923352,62.4
15730,65.0,5,1726.58,345.316,365.0,0,Loyal,9,0.4180825476535078,62.4
17990,236.0,6,1527.61,254.60166666666666,495.0,1,At Risk (was loyal),8,0.30693056730322976,62.4
15645,18.0,3,1055.17,351.72333333333336,406.0,0,New / Occasional,9,0.4184532872081336,62.4
12348,74.0,5,2019.4,403.88,362.0,0,Loyal,9,0.41858206825022587,62.4
18073,113.0,12,3877.52,323.12666666666667,82.0,1,At Risk (was loyal),10,0.5303147652125831,62.4
15149,133.0,5,1554.61,310.92199999999997,515.0,1,At Risk (was loyal),8,0.3060209309715098,62.5
12502,95.0,5,3723.87,744.774,214.0,1,Loyal,10,0.5280061481563069,62.5
14712,28.0,4,1328.07,332.0175,388.0,0,Loyal,9,0.41682471379928343,62.5
16122,72.0,6,1001.34,166.89000000000001,352.0,0,Loyal,9,0.41740106936133,62.5
16287,169.0,5,1006.98,201.39600000000002,519.0,1,At Risk (was loyal),8,0.30632921455579937,62.5
15098,181.0,3,39916.5,13305.5,0.0,1,Lost,8,0.3045576043768083,62.5
14114,273.0,7,1364.09,194.86999999999998,332.0,1,At Risk (was loyal),9,0.41568075464022164,62.5
17513,71.0,3,1158.8,386.26666666666665,407.0,0,Loyal,9,0.41646759272457073,62.5
15128,59.0,5,1783.68,356.736,369.0,0,Loyal,9,0.4145201396638947,62.6
15524,24.0,2,591.4,295.7,582.0,0,New / Occasional,8,0.3035218636942591,62.6
18220,226.0,6,1921.76,320.29333333333335,497.0,1,At Risk (was loyal),8,0.3037372335793153,62.6
14931,4.0,5,1257.68,251.536,236.0,0,Champions,10,0.5263711645506661,62.6
15938,111.0,9,734.81,81.64555555555555,444.0,1,At Risk (was loyal),8,0.30290702635223776,62.6
13310,27.0,5,1541.2,308.24,374.0,0,Loyal,9,0.41210410610947873,62.7
14297,17.0,4,1305.33,326.3325,257.0,0,Champions,10,0.5237988436911434,62.7
15369,491.0,11,6251.26,568.2963636363637,239.0,1,At Risk (was loyal),9,0.4128038189551161,62.7
16418,44.0,5,1101.94,220.388,378.0,0,Loyal,9,0.41175622633002484,62.7
16856,14.0,3,358.49,119.49666666666667,427.0,0,Champions,9,0.40967805665543544,62.8
16149,4.0,3,422.22,140.74,424.0,0,Champions,9,0.4113364230060531,62.8
17042,2.0,5,1044.38,208.87600000000003,244.0,0,Champions,10,0.5212340037902033,62.8
12648,154.0,4,1112.0,278.0,546.0,1,At Risk (was loyal),8,0.2999771055672019,62.8
15132,17.0,5,977.93,195.58599999999998,244.0,0,Champions,10,0.5216757930746005,62.8
14431,302.0,4,2614.2,653.55,384.0,1,At Risk (was loyal),9,0.40931127965105707,62.9
12787,9.0,4,862.18,215.545,403.0,0,Champions,9,0.4087565358614293,62.9
17259,147.0,6,1889.34,314.89,507.0,1,At Risk (was loyal),8,0.2969813258624943,62.9
14336,16.0,4,1614.91,403.7275,259.0,0,Champions,10,0.5195089088777095,62.9
17829,298.0,5,4756.74,951.348,356.0,1,At Risk (was loyal),9,0.4056883554125372,63.0
16718,368.0,5,3647.53,729.5060000000001,363.0,1,At Risk (was loyal),9,0.4072707125104481,63.0
13685,2.0,7,3119.44,445.63428571428574,57.0,0,Champions,11,0.6298118076758027,63.0
14403,129.0,6,1880.51,313.41833333333335,508.0,1,At Risk (was loyal),8,0.2963356110258211,63.0
14000,210.0,5,2046.34,409.268,526.0,1,At Risk (was loyal),8,0.29566600529443815,63.0
12684,7.0,7,2283.63,326.23285714285714,205.0,0,Champions,10,0.5150456920403331,63.1
14346,120.0,5,2315.75,463.15,376.0,1,At Risk (was loyal),9,0.4055289632897496,63.1
14719,1.0,5,1602.13,320.42600000000004,247.0,0,Champions,10,0.5150636095731774,63.1
18151,134.0,6,1879.44,313.24,511.0,1,At Risk (was loyal),8,0.2942896786813113,63.1
15106,17.0,5,1422.52,284.504,251.0,0,Champions,10,0.5129767826352123,63.2
12844,28.0,4,648.6,162.15,564.0,0,Loyal,8,0.29097924005470194,63.2
16499,359.0,8,2578.34,322.2925,186.0,1,At Risk (was loyal),10,0.5136114984770388,63.2
13569,16.0,4,893.78,223.445,411.0,0,Champions,9,0.40216054584012884,63.2
17298,100.0,5,957.56,191.512,540.0,1,At Risk (was loyal),8,0.2921424704222193,63.2
15422,322.0,7,1619.97,231.42428571428573,347.0,1,At Risk (was loyal),9,0.40266420391531305,63.2
14301,116.0,4,1992.18,498.045,549.0,1,At Risk (was loyal),8,0.29163374974807427,63.2
16601,40.0,3,684.25,228.08333333333334,582.0,0,Loyal,8,0.2911546897509384,63.2
17597,213.0,5,3484.09,696.818,369.0,1,At Risk (was loyal),9,0.40356950541566194,63.2
16368,1.0,3,640.21,213.40333333333334,433.0,0,Champions,9,0.40172734689321055,63.2
15015,500.0,13,2365.02,181.92461538461538,223.0,1,At Risk (was loyal),9,0.4022399251636418,63.2
13499,17.0,5,1159.11,231.82199999999997,252.0,0,Champions,10,0.5139094050477927,63.2
12424,162.0,4,3340.03,835.0075,385.0,1,At Risk (was loyal),9,0.4025134808068538,63.2
15608,27.0,5,1785.98,357.196,387.0,0,Loyal,9,0.4002321414169397,63.3
13357,256.0,5,3838.36,767.672,369.0,1,At Risk (was loyal),9,0.40129966761123187,63.3
18136,62.0,5,1631.36,326.272,387.0,0,Loyal,9,0.4012214216456785,63.3
14459,154.0,2,5375.741,2687.8705,496.0,1,Lost,8,0.28992965918349717,63.3
15633,508.0,13,4352.46,334.8046153846154,221.0,1,At Risk (was loyal),9,0.40011147572475103,63.3
13949,2.0,6,2427.32,404.55333333333334,91.0,0,Champions,11,0.6208555224126264,63.4
13763,62.0,3,5217.44,1739.1466666666665,371.0,0,New / Occasional,9,0.3988685021537737,63.4
16699,379.0,7,994.6,142.0857142857143,355.0,1,At Risk (was loyal),9,0.3990380474965734,63.4
17866,142.0,3,1134.95,378.31666666666666,582.0,1,At Risk (was loyal),8,0.2867935042701016,63.4
12925,4.0,3,729.33,243.11,588.0,0,New / Occasional,8,0.2866695755105257,63.4
15652,90.0,5,1420.34,284.068,393.0,0,Loyal,9,0.39784196585058657,63.4
16360,4.0,6,3512.53,585.4216666666667,83.0,0,Champions,11,0.6215412606360445,63.4
16846,49.0,3,842.41,280.80333333333334,589.0,0,Loyal,8,0.28491208191330775,63.5
17608,32.0,4,498.53,124.6325,573.0,0,Loyal,8,0.2859682136837738,63.5
16978,77.0,3,768.88,256.29333333333335,588.0,0,Loyal,8,0.28628883850046677,63.5
17126,151.0,9,2070.44,230.04888888888888,313.0,1,At Risk (was loyal),9,0.3963833911456981,63.5
13149,13.0,4,1676.06,419.015,274.0,0,Champions,10,0.5066758588047178,63.6
16889,194.0,6,2530.9,421.81666666666666,371.0,1,At Risk (was loyal),9,0.3944144317752196,63.6
17856,1.0,4,1418.03,354.5075,279.0,0,Champions,10,0.5047835247170256,63.6
14842,43.0,4,2824.69,706.1725,264.0,0,Loyal,10,0.5050349794479173,63.6
15676,18.0,3,3435.76,1145.2533333333333,265.0,0,New / Occasional,10,0.5054788193883053,63.6
16000,2.0,3,12393.7,4131.233333333334,0.0,0,Champions,11,0.6155046039542167,63.7
13956,4.0,5,1026.42,205.28400000000002,266.0,0,Champions,10,0.503299948245352,63.7
12638,32.0,2,921.49,460.745,606.0,0,New / Occasional,8,0.2822348808980959,63.7
13531,204.0,6,1738.52,289.75333333333333,531.0,1,At Risk (was loyal),8,0.2814455786107609,63.7
17384,18.0,3,507.55,169.18333333333334,447.0,0,Champions,9,0.39221464615846485,63.7
17941,130.0,4,1433.28,358.32,571.0,1,At Risk (was loyal),8,0.2807890794854243,63.7
13536,0.0,7,3448.29,492.61285714285714,74.0,0,Champions,11,0.6153101238979941,63.7
16788,122.0,5,1950.3,390.06,547.0,1,At Risk (was loyal),8,0.28202393635670675,63.7
12644,129.0,4,1918.49,479.6225,564.0,1,At Risk (was loyal),8,0.2820721733350708,63.7
12875,142.0,5,1356.99,271.398,554.0,1,At Risk (was loyal),8,0.2805711202892315,63.7
15406,30.0,4,975.87,243.9675,422.0,0,Loyal,9,0.39283273197917945,63.7
17695,131.0,5,1746.04,349.20799999999997,549.0,1,At Risk (was loyal),8,0.28179568146363837,63.7
13786,366.0,6,3358.94,559.8233333333334,368.0,1,At Risk (was loyal),9,0.3925116693883632,63.7
13283,59.0,4,373.36,93.34,580.0,0,Loyal,8,0.2821654461474735,63.7
16948,138.0,7,868.77,124.11,517.0,1,At Risk (was loyal),8,0.2810289654865076,63.7
17521,29.0,5,1278.06,255.612,404.0,0,Loyal,9,0.39012016167915065,63.8
15759,217.0,7,830.93,118.7042857142857,519.0,1,At Risk (was loyal),8,0.27983978816791805,63.8
16872,76.0,6,1213.13,202.18833333333336,385.0,0,Loyal,9,0.3902147289637541,63.8
16805,173.0,5,1097.24,219.448,557.0,1,At Risk (was loyal),8,0.2799792854688443,63.8
12458,70.0,4,1777.49,444.3725,416.0,0,Loyal,9,0.3909746321023254,63.8
15504,80.0,4,423.85,105.9625,584.0,0,Loyal,8,0.27916300325522553,63.8
17183,7.0,6,3347.31,557.885,97.0,0,Champions,11,0.6115103005642945,63.9
14327,162.0,6,1894.93,315.82166666666666,536.0,1,At Risk (was loyal),8,0.27746043871010995,63.9
15244,64.0,3,912.08,304.0266666666667,600.0,0,New / Occasional,8,0.27695051584957686,63.9
12625,211.0,4,5164.88,1291.22,384.0,1,At Risk (was loyal),9,0.3883309034913472,63.9
15713,142.0,4,1010.79,252.6975,580.0,1,At Risk (was loyal),8,0.277756523797393,63.9
15992,3.0,3,896.6,298.8666666666667,449.0,0,Champions,9,0.38629699511763116,64.0
14643,169.0,5,1679.89,335.978,558.0,1,At Risk (was loyal),8,0.27620344900742516,64.0
13232,12.0,7,1357.6,193.94285714285712,230.0,0,Champions,10,0.4986589863340251,64.0
14624,56.0,6,814.07,135.67833333333334,547.0,0,Loyal,8,0.27488926131701036,64.0
13507,2.0,4,2479.16,619.79,142.0,0,Champions,11,0.6065283650781,64.1
17854,184.0,6,1071.45,178.57500000000002,546.0,1,At Risk (was loyal),8,0.2744397105896983,64.1
14851,22.0,3,829.41,276.46999999999997,607.0,0,New / Occasional,8,0.2731420549730849,64.1
17585,108.0,7,2093.3,299.04285714285714,368.0,1,At Risk (was loyal),9,0.38418574551299717,64.1
15192,119.0,5,1981.39,396.278,560.0,1,At Risk (was loyal),8,0.27329376466488714,64.1
16276,176.0,3,2629.39,876.4633333333333,430.0,1,At Risk (was loyal),9,0.3817563901828001,64.2
15091,67.0,3,1046.61,348.86999999999995,607.0,0,New / Occasional,8,0.2711159290418248,64.2
15630,44.0,3,1481.4,493.8,599.0,0,New / Occasional,8,0.2722639541632951,64.2
12399,118.0,7,1962.3,280.3285714285714,525.0,1,At Risk (was loyal),8,0.2718629379525949,64.2
13755,3.0,9,2161.35,240.14999999999998,59.0,0,Champions,11,0.6017111300100747,64.4
14379,43.0,4,1268.91,317.2275,436.0,0,Loyal,9,0.37954907596623444,64.4
18037,153.0,15,167.42,11.161333333333333,583.0,1,At Risk (was loyal),7,0.15430359908701943,64.5
15089,9.0,6,2420.84,403.47333333333336,118.0,0,Champions,11,0.5997997756198326,64.5
17307,394.0,11,3999.89,363.62636363636364,293.0,1,At Risk (was loyal),9,0.37578979624180353,64.5
17451,0.0,7,1721.4,245.91428571428574,104.0,0,Champions,11,0.5991722226186726,64.5
14420,98.0,4,1639.17,409.7925,592.0,1,At Risk (was loyal),8,0.2656909198719096,64.5
12802,186.0,7,2416.42,345.20285714285717,377.0,1,At Risk (was loyal),9,0.37585975413062306,64.5
14249,410.0,12,5625.461,468.7884166666667,268.0,1,At Risk (was loyal),9,0.37640059362428957,64.5
16910,3.0,8,1510.06,188.7575,86.0,0,Champions,11,0.5984741906220872,64.5
16362,31.0,6,946.94,157.82333333333335,405.0,0,Loyal,9,0.376043749096758,64.5
17011,29.0,3,671.7,223.9,621.0,0,Loyal,8,0.2655538831700569,64.5
13821,144.0,6,1410.73,235.12166666666667,559.0,1,At Risk (was loyal),8,0.2645952764497732,64.5
15766,63.0,3,831.06,277.02,618.0,0,Loyal,8,0.26601232672431263,64.5
12808,36.0,5,906.1,181.22,425.0,0,Loyal,9,0.3761603307795074,64.5
17241,384.0,12,2744.14,228.6783333333333,276.0,1,At Risk (was loyal),9,0.3761480586384723,64.5
14133,129.0,4,911.14,227.785,603.0,1,At Risk (was loyal),8,0.2635208181316913,64.6
13320,77.0,6,2228.1,371.34999999999997,400.0,0,Loyal,9,0.37342910933942247,64.7
17282,129.0,5,2339.66,467.93199999999996,418.0,1,At Risk (was loyal),9,0.37260009515025505,64.7
14236,80.0,5,1744.64,348.928,424.0,0,Loyal,9,0.37169917387981777,64.7
13514,73.0,4,815.9,203.975,608.0,0,Loyal,8,0.26097547283316863,64.7
16239,56.0,6,1492.2,248.70000000000002,406.0,0,Loyal,9,0.3725251944236781,64.7
14997,45.0,4,776.6,194.15,609.0,0,Loyal,8,0.2606021932612168,64.7
17302,14.0,5,1135.63,227.12600000000003,290.0,0,Champions,10,0.4828704717224329,64.7
13079,3.0,6,419.18,69.86333333333333,413.0,0,Champions,9,0.37255048089542,64.7
14284,30.0,3,1299.65,433.2166666666667,622.0,0,New / Occasional,8,0.25919490553446406,64.8
13631,99.0,11,3070.42,279.1290909090909,167.0,1,At Risk (was loyal),10,0.4789219706307325,64.9
13897,49.0,3,1160.72,386.9066666666667,627.0,0,New / Occasional,8,0.2573021370648301,64.9
15198,91.0,5,571.35,114.27000000000001,597.0,1,Loyal,8,0.25693788996285566,64.9
12691,27.0,7,1170.4,167.20000000000002,392.0,0,Loyal,9,0.3695482295911389,64.9
13980,59.0,5,799.92,159.98399999999998,595.0,0,Loyal,8,0.25702951395698315,64.9
16415,43.0,3,719.44,239.81333333333336,632.0,0,Loyal,8,0.25813587253038967,64.9
12891,185.0,11,840.5,76.4090909090909,473.0,1,At Risk (was loyal),8,0.2558948758872797,65.0
14566,110.0,4,4092.0,1023.0,423.0,1,At Risk (was loyal),9,0.36687942186701167,65.0
14988,211.0,7,2066.6,295.2285714285714,390.0,1,At Risk (was loyal),9,0.3673487715514085,65.0
17817,3.0,6,807.85,134.64166666666668,417.0,0,Champions,9,0.36753697646483274,65.0
14439,319.0,5,9443.04,1888.6080000000002,367.0,1,At Risk (was loyal),9,0.36753466813523833,65.0
18277,57.0,5,1180.05,236.01,436.0,0,Loyal,9,0.3660246100986292,65.0
13743,2.0,7,1341.6,191.65714285714284,256.0,0,Champions,10,0.47739469790775646,65.0
17984,144.0,5,1191.27,238.254,593.0,1,At Risk (was loyal),8,0.2562936373289658,65.0
15385,39.0,3,942.08,314.0266666666667,637.0,0,New / Occasional,8,0.2530163156483429,65.1
13000,106.0,4,1032.5,258.125,618.0,1,At Risk (was loyal),8,0.253281868278813,65.1
17723,126.0,7,3378.4,482.62857142857143,248.0,1,At Risk (was loyal),10,0.47486688754897854,65.1
14289,8.0,6,911.26,151.87666666666667,280.0,0,Champions,10,0.4762662783348984,65.1
12379,81.0,4,1620.22,405.055,452.0,0,Loyal,9,0.3644563942333644,65.1
15847,37.0,5,822.57,164.514,603.0,0,Loyal,8,0.25192962364567617,65.2
14681,70.0,6,875.15,145.85833333333332,582.0,0,Loyal,8,0.25232712782170863,65.2
13598,46.0,5,789.59,157.918,604.0,0,Loyal,8,0.2514764341123766,65.2
13693,373.0,9,2011.82,223.53555555555556,358.0,1,At Risk (was loyal),9,0.36178827217312987,65.2
17707,184.0,8,609.3,76.1625,547.0,1,At Risk (was loyal),8,0.2494502603104076,65.3
16618,30.0,5,2647.59,529.518,291.0,0,Loyal,10,0.4720011568477997,65.3
17680,23.0,3,497.45,165.81666666666666,487.0,0,Champions,9,0.36148399873781395,65.3
14958,146.0,6,957.94,159.65666666666667,588.0,1,At Risk (was loyal),8,0.2482942483512316,65.4
18123,23.0,3,684.59,228.1966666666667,489.0,0,Champions,9,0.3579410059843995,65.4
17722,95.0,5,4430.36,886.0719999999999,279.0,1,Loyal,10,0.4699878489613511,65.4
16861,59.0,5,946.59,189.318,448.0,0,Loyal,9,0.35835590160268815,65.4
14256,259.0,5,2473.99,494.79799999999994,434.0,1,At Risk (was loyal),9,0.3595738572489055,65.4
15607,336.0,9,1708.97,189.88555555555556,364.0,1,At Risk (was loyal),9,0.3581551484832378,65.4
13994,3.0,6,2313.14,385.5233333333333,144.0,0,Champions,11,0.5797006843085332,65.5
12733,233.0,4,2424.87,606.2175,455.0,1,At Risk (was loyal),9,0.3558235289652412,65.5
15379,168.0,8,4877.84,609.73,231.0,1,At Risk (was loyal),10,0.46800202023358156,65.5
13959,78.0,6,1076.18,179.36333333333334,431.0,0,Loyal,9,0.3555887770253798,65.6
16412,53.0,5,647.23,129.446,619.0,0,Loyal,8,0.24301273803836357,65.6
18268,133.0,6,1490.23,248.37166666666667,594.0,1,At Risk (was loyal),8,0.2425225105412023,65.7
12739,77.0,4,2726.73,681.6825,315.0,0,Loyal,10,0.46405634288554654,65.7
17505,161.0,5,2435.48,487.096,443.0,1,At Risk (was loyal),9,0.35302896724838234,65.7
13124,89.0,4,4782.45,1195.6125,295.0,0,Loyal,10,0.4628525617597936,65.7
17198,23.0,3,1213.88,404.6266666666667,347.0,0,Champions,10,0.46436123561446735,65.7
14894,84.0,3,1492.81,497.6033333333333,652.0,0,New / Occasional,8,0.23906757947030544,65.8
12444,20.0,5,5005.46,1001.092,149.0,0,Champions,11,0.572365501601542,65.8
16474,6.0,7,1871.5,267.35714285714283,137.0,0,Champions,11,0.5722251036513857,65.8
15483,160.0,10,862.2,86.22,522.0,1,At Risk (was loyal),8,0.23869606082095385,65.8
17642,119.0,5,1824.49,364.898,614.0,1,At Risk (was loyal),8,0.24027469280946848,65.8
14428,6.0,5,1244.83,248.96599999999998,317.0,0,Champions,10,0.4600493446237338,65.9
13544,39.0,6,829.0,138.16666666666666,605.0,0,Loyal,8,0.2385226717855409,65.9
17361,48.0,5,880.64,176.128,627.0,0,Loyal,8,0.2370846755142461,65.9
14063,437.0,9,22710.2,2523.355555555556,293.0,1,At Risk (was loyal),9,0.34902249977652205,65.9
15071,93.0,4,1455.56,363.89,476.0,1,Loyal,9,0.3476785440584097,65.9
14195,201.0,6,2615.6,435.93333333333334,432.0,1,At Risk (was loyal),9,0.34728605381330324,66.0
13725,49.0,8,1980.56,247.57,258.0,0,Loyal,10,0.45685829746240775,66.0
14954,11.0,2,503.44,251.72,690.0,0,New / Occasional,8,0.23524101701611067,66.0
13255,8.0,3,904.46,301.4866666666667,502.0,0,New / Occasional,9,0.3458414517627285,66.0
14819,63.0,4,470.16,117.54,653.0,0,Loyal,8,0.23561768544757328,66.0
14631,50.0,6,2025.69,337.615,436.0,0,Loyal,9,0.3471866330501578,66.0
15636,89.0,4,1444.58,361.145,479.0,0,Loyal,9,0.34553214388349696,66.1
16756,214.0,7,1312.37,187.48142857142855,425.0,1,At Risk (was loyal),9,0.3440964081987041,66.1
12627,10.0,7,4478.53,639.79,129.0,0,Champions,11,0.5672418486940323,66.1
13819,301.0,6,2642.35,440.39166666666665,436.0,1,At Risk (was loyal),9,0.3441836761669556,66.1
13919,58.0,4,1360.68,340.17,481.0,0,Loyal,9,0.34469798853806244,66.1
16110,44.0,4,1819.27,454.8175,477.0,0,Loyal,9,0.34411179403142966,66.1
17189,105.0,5,957.63,191.526,631.0,1,At Risk (was loyal),8,0.23434807823435566,66.1
16203,58.0,6,1114.54,185.75666666666666,445.0,0,Loyal,9,0.3449357312497951,66.1
16773,56.0,3,421.24,140.41333333333333,675.0,0,Loyal,8,0.23453428092829662,66.1
17935,137.0,7,686.14,98.02,596.0,1,At Risk (was loyal),8,0.23225927618567233,66.2
14450,180.0,7,1128.44,161.2057142857143,429.0,1,At Risk (was loyal),9,0.34187652063193535,66.2
13630,4.0,7,2031.78,290.2542857142857,280.0,0,Champions,10,0.4547102744789916,66.2
16929,3.0,7,1295.39,185.0557142857143,151.0,0,Champions,11,0.5634676599295881,66.3
12528,8.0,6,1933.48,322.24666666666667,303.0,0,Champions,10,0.45200700565672336,66.3
13059,249.0,10,2303.17,230.317,368.0,1,At Risk (was loyal),9,0.33843640323905305,66.4
12623,275.0,7,3747.84,535.4057142857143,420.0,1,At Risk (was loyal),9,0.3380026299603913,66.4
17205,53.0,3,999.35,333.1166666666667,510.0,0,Loyal,9,0.3389186895952312,66.4
13602,64.0,4,1025.17,256.2925,495.0,0,Loyal,9,0.33695296026302474,66.5
17233,34.0,3,560.86,186.95333333333335,689.0,0,Loyal,8,0.2252297804328125,66.5
14139,45.0,4,1086.8,271.7,496.0,0,Loyal,9,0.33574769450194425,66.5
18217,28.0,4,945.04,236.26,496.0,0,Loyal,9,0.3368333682245799,66.5
15057,274.0,5,3255.96,651.192,458.0,1,At Risk (was loyal),9,0.33695725772236895,66.5
16518,60.0,4,959.37,239.8425,495.0,0,Loyal,9,0.3374575663446911,66.5
16949,3.0,6,1286.27,214.37833333333333,312.0,0,Champions,10,0.4481387375580935,66.5
17849,217.0,8,1063.76,132.97,416.0,1,At Risk (was loyal),9,0.3366816974511752,66.5
15951,8.0,3,1013.17,337.7233333333333,372.0,0,Champions,10,0.44634124571161693,66.6
15704,139.0,6,3817.96,636.3266666666667,442.0,1,At Risk (was loyal),9,0.33409433195459554,66.6
14808,39.0,8,2741.17,342.64625,132.0,0,Loyal,11,0.5570933556014461,66.6
17869,106.0,7,1036.16,148.02285714285716,440.0,1,At Risk (was loyal),9,0.3341607640726404,66.6
17562,13.0,7,1122.38,160.34,159.0,0,Champions,11,0.5577565453548474,66.6
14443,53.0,5,2386.47,477.294,325.0,0,Loyal,10,0.4460016743338072,66.6
15920,153.0,9,571.64,63.51555555555555,571.0,1,At Risk (was loyal),8,0.22295292130519526,66.6
14021,154.0,7,1716.58,245.22571428571428,437.0,1,At Risk (was loyal),9,0.33364704486707397,66.7
16744,10.0,7,1304.76,186.3942857142857,161.0,0,Champions,11,0.5553304556111558,66.7
15115,17.0,2,531.85,265.925,714.0,0,New / Occasional,8,0.22099976682789335,66.7
18009,234.0,8,2155.83,269.47875,417.0,1,At Risk (was loyal),9,0.3322704808782296,66.7
13155,32.0,6,1750.18,291.69666666666666,458.0,0,Loyal,9,0.332308429519634,66.7
13601,44.0,4,1185.14,296.285,501.0,0,Loyal,9,0.33134670740151634,66.8
16384,89.0,4,1358.95,339.7375,500.0,0,Loyal,9,0.33075341262434294,66.8
13416,43.0,3,940.8,313.59999999999997,692.0,0,New / Occasional,8,0.2204246873066719,66.8
17169,57.0,3,1156.73,385.57666666666665,520.0,0,Loyal,9,0.32995766823512085,66.8
16469,23.0,5,828.91,165.78199999999998,490.0,0,Champions,9,0.32798042869704513,66.9
14452,10.0,4,665.59,166.3975,510.0,0,Champions,9,0.3287516637912376,66.9
13292,38.0,5,994.51,198.902,487.0,0,Loyal,9,0.32918109462911416,66.9
14494,25.0,3,401.46,133.82,705.0,0,New / Occasional,8,0.21746594283119003,66.9
14272,73.0,4,920.81,230.2025,508.0,0,Loyal,9,0.3282690874152043,66.9
13425,107.0,5,3403.63,680.726,471.0,1,At Risk (was loyal),9,0.32661829436495105,67.0
13762,218.0,5,2472.48,494.496,479.0,1,At Risk (was loyal),9,0.32629508122590667,67.0
16520,185.0,6,2482.62,413.77,460.0,1,At Risk (was loyal),9,0.32737060634415693,67.0
17553,129.0,4,3757.6,939.4,481.0,1,At Risk (was loyal),9,0.3263649935634996,67.0
13055,77.0,4,2321.11,580.2775,351.0,0,Loyal,10,0.43822767113810074,67.0
14503,2.0,6,3543.26,590.5433333333334,175.0,0,Champions,11,0.5481581999529135,67.0
14902,25.0,3,1035.62,345.20666666666665,527.0,0,New / Occasional,9,0.3261464230767832,67.0
15665,167.0,5,4015.12,803.024,466.0,1,At Risk (was loyal),9,0.3266473662934251,67.0
16887,34.0,3,660.72,220.24,703.0,0,Loyal,8,0.21650762695953238,67.0
13052,211.0,7,3168.53,452.6471428571429,442.0,1,At Risk (was loyal),9,0.32429193601970147,67.1
17237,10.0,4,1002.08,250.52,370.0,0,Champions,10,0.4340097082303764,67.2
12784,8.0,3,1804.75,601.5833333333334,520.0,0,New / Occasional,9,0.32324575516157183,67.2
16018,38.0,4,698.13,174.5325,693.0,0,Loyal,8,0.21147257031168937,67.2
15996,87.0,7,1686.9,240.9857142857143,308.0,0,Loyal,10,0.4335293680629159,67.2
16555,34.0,6,1915.68,319.28000000000003,470.0,0,Loyal,9,0.3228415609472733,67.2
15184,28.0,4,689.95,172.4875,694.0,0,Loyal,8,0.21097206080055556,67.2
15637,52.0,5,797.59,159.518,671.0,0,Loyal,8,0.21231147718670346,67.2
14178,8.0,7,1620.93,231.5614285714286,173.0,0,Champions,11,0.5441750198149377,67.2
13487,57.0,5,846.87,169.374,677.0,0,Loyal,8,0.20881715561414588,67.3
13029,30.0,5,1927.3,385.46,492.0,0,Loyal,9,0.3201315398484757,67.3
17571,49.0,5,1703.75,340.75,492.0,0,Loyal,9,0.32142923550050573,67.3
13220,77.0,5,1336.09,267.21799999999996,497.0,0,Loyal,9,0.3199851906424529,67.3
17353,128.0,4,3242.0,810.5,495.0,1,At Risk (was loyal),9,0.32017499017099205,67.3
13414,133.0,6,2494.14,415.69,469.0,1,At Risk (was loyal),9,0.3208402881086411,67.3
14005,9.0,5,2874.72,574.944,206.0,0,Champions,11,0.540174249924302,67.4
13888,119.0,7,2169.05,309.86428571428576,455.0,1,At Risk (was loyal),9,0.31887400210070255,67.4
16825,38.0,5,1826.89,365.37800000000004,495.0,0,Loyal,9,0.3185710280752941,67.4
16049,39.0,6,1899.68,316.61333333333334,475.0,0,Loyal,9,0.3193363952197129,67.4
13134,85.0,6,2475.23,412.53833333333336,330.0,0,Loyal,10,0.4272895937768924,67.5
17362,238.0,7,1024.04,146.29142857142855,463.0,1,At Risk (was loyal),9,0.31761374929023695,67.5
13846,24.0,4,1307.79,326.9475,375.0,0,Champions,10,0.4274106015114293,67.5
13989,65.0,5,2026.06,405.212,497.0,0,Loyal,9,0.3159985041791102,67.5
16185,16.0,3,644.72,214.90666666666667,547.0,0,Champions,9,0.3158406920447244,67.5
15993,8.0,7,2797.57,399.65285714285716,35.0,0,Champions,12,0.6478106337270824,67.6
15452,29.0,6,1799.11,299.85166666666663,481.0,0,Loyal,9,0.31553525770514834,67.6
17397,21.0,3,1233.18,411.06,394.0,0,Champions,10,0.42602400812471675,67.6
15453,1.0,7,1388.37,198.3385714285714,185.0,0,Champions,11,0.5354160792188262,67.7
13500,22.0,4,1466.3,366.575,378.0,0,Champions,10,0.4236720851695257,67.7
13437,13.0,7,3408.06,486.86571428571426,175.0,0,Champions,11,0.5346053561890253,67.7
12857,210.0,6,3688.0,614.6666666666666,472.0,1,At Risk (was loyal),9,0.31314202223156407,67.7
15525,1.0,4,1295.7,323.925,380.0,0,Champions,10,0.42349729533244246,67.7
16121,56.0,5,1477.09,295.418,508.0,0,Loyal,9,0.3113684717255345,67.8
12700,7.0,4,4939.99,1234.9975,207.0,0,Champions,11,0.5336473091280506,67.8
16884,37.0,4,1073.92,268.48,532.0,0,Loyal,9,0.3100013417114072,67.8
13206,399.0,13,8377.32,644.4092307692307,332.0,1,At Risk (was loyal),9,0.3098414161587285,67.8
14087,2.0,3,846.22,282.0733333333333,732.0,0,New / Occasional,8,0.19938683994877743,67.8
13168,35.0,5,1875.31,375.062,505.0,0,Loyal,9,0.3112065433997441,67.8
15872,14.0,4,795.68,198.92,535.0,0,Champions,9,0.30993561870275876,67.8
18022,35.0,5,1651.79,330.358,510.0,0,Loyal,9,0.308966928716431,67.9
14508,21.0,5,874.94,174.988,518.0,0,Champions,9,0.30777663774906794,67.9
12635,89.0,4,2930.41,732.6025,367.0,0,Loyal,10,0.4202318805245791,67.9
14496,311.0,7,2668.23,381.17571428571426,321.0,1,At Risk (was loyal),10,0.41879748113352433,67.9
12468,187.0,5,3670.74,734.1479999999999,495.0,1,At Risk (was loyal),9,0.3080030263236689,67.9
15471,1.0,3,1316.56,438.8533333333333,548.0,0,New / Occasional,9,0.3083428105703283,67.9
18112,11.0,4,775.96,193.99,539.0,0,Champions,9,0.30727651384971316,68.0
14224,109.0,9,1897.9,210.8777777777778,433.0,1,At Risk (was loyal),9,0.30736030173074913,68.0
18189,77.0,3,1403.73,467.91,548.0,0,Loyal,9,0.30746797083338767,68.0
15886,59.0,4,1052.87,263.2175,537.0,0,Loyal,9,0.3066527916933886,68.0
13282,17.0,4,1313.19,328.2975,388.0,0,Champions,10,0.4169488296330398,68.0
13167,18.0,5,1125.15,225.03000000000003,371.0,0,Champions,10,0.41718629527400575,68.0
16174,125.0,7,2246.75,320.9642857142857,476.0,1,At Risk (was loyal),9,0.30378862034251325,68.1
17004,45.0,4,2425.16,606.29,377.0,0,Loyal,10,0.41645742654452383,68.1
16642,4.0,3,1077.45,359.15000000000003,410.0,0,Champions,10,0.4150045628868926,68.1
14481,164.0,5,2311.49,462.29799999999994,512.0,1,At Risk (was loyal),9,0.30383554624909703,68.1
14105,238.0,5,5988.83,1197.766,482.0,1,At Risk (was loyal),9,0.3039559721201171,68.1
14865,6.0,4,129.72,32.43,731.0,0,Champions,8,0.19444364615135706,68.1
16916,23.0,4,1123.4,280.85,391.0,0,Champions,10,0.4161365527164737,68.1
18196,94.0,4,1464.31,366.0775,537.0,1,Loyal,9,0.3036593801283239,68.2
15389,171.0,5,2733.8,546.76,509.0,1,At Risk (was loyal),9,0.30354010647773993,68.2
14648,415.0,15,4546.86,303.12399999999997,312.0,1,At Risk (was loyal),9,0.30192103991798375,68.2
17750,4.0,9,1797.57,199.73,158.0,0,Champions,11,0.5230178350087785,68.3
16374,65.0,5,1771.45,354.29,522.0,0,Loyal,9,0.2999451320544685,68.3
14934,81.0,5,3503.5,700.7,359.0,0,Loyal,10,0.41137524317222357,68.3
17800,36.0,9,1199.01,133.22333333333333,296.0,0,Loyal,10,0.41256294001039556,68.3
17516,14.0,6,957.55,159.59166666666667,363.0,0,Champions,10,0.4088693253539915,68.4
17354,50.0,4,3143.46,785.865,377.0,0,Loyal,10,0.410480374710163,68.4
16354,62.0,5,1129.51,225.902,528.0,0,Loyal,9,0.29939827622770476,68.4
17162,28.0,10,1715.46,171.546,276.0,0,Loyal,10,0.41061466137287594,68.4
13502,16.0,5,780.5,156.1,531.0,0,Champions,9,0.2992817077282466,68.4
16633,16.0,6,2883.1,480.51666666666665,216.0,0,Champions,11,0.5181839660334046,68.5
13516,20.0,4,1685.26,421.315,396.0,0,Champions,10,0.40748874715513234,68.5
14389,64.0,5,1898.01,379.602,525.0,0,Loyal,9,0.29717526341368516,68.5
12393,71.0,6,2399.45,399.9083333333333,356.0,0,Loyal,10,0.4069251038171155,68.5
17084,34.0,3,5202.97,1734.3233333333335,361.0,0,Loyal,10,0.4069345457496651,68.5
16163,231.0,6,2849.58,474.93,505.0,1,At Risk (was loyal),9,0.29404508641249477,68.6
14684,25.0,6,1468.55,244.75833333333333,364.0,0,Champions,10,0.4054209008996372,68.6
15948,7.0,3,1509.09,503.03,416.0,0,Champions,10,0.40531878084058437,68.6
16654,140.0,8,1711.47,213.93375,471.0,1,At Risk (was loyal),9,0.2955485412588363,68.6
14163,86.0,5,2594.62,518.924,374.0,0,Loyal,10,0.4053215866834231,68.6
14446,0.0,5,1241.31,248.262,385.0,0,Champions,10,0.4053030756853527,68.6
17114,5.0,8,808.62,101.0775,329.0,0,Champions,10,0.40408402919076125,68.7
16108,84.0,4,2235.92,558.98,546.0,0,Loyal,9,0.29194187409746397,68.7
13258,11.0,5,1035.18,207.036,388.0,0,Champions,10,0.40425200307135045,68.7
15097,3.0,3,908.35,302.78333333333336,578.0,0,New / Occasional,9,0.29168850414584696,68.7
16411,18.0,4,910.19,227.5475,408.0,0,Champions,10,0.4043964549352804,68.7
12588,38.0,4,958.78,239.695,558.0,0,Loyal,9,0.29285313413621683,68.7
18161,14.0,6,1803.1,300.51666666666665,364.0,0,Champions,10,0.4036858307330743,68.7
18221,21.0,6,1424.94,237.49,367.0,0,Champions,10,0.40327360241533095,68.7
13760,53.0,5,1363.64,272.728,539.0,0,Loyal,9,0.29058685158739045,68.8
13338,157.0,4,2445.62,611.405,545.0,1,At Risk (was loyal),9,0.2911341767175767,68.8
15714,11.0,5,784.81,156.962,543.0,0,Champions,9,0.291057598386954,68.8
14953,24.0,4,1013.77,253.4425,410.0,0,Champions,10,0.4019604392640092,68.8
15065,37.0,5,3326.86,665.3720000000001,373.0,0,Loyal,10,0.40141706476449185,68.8
16120,58.0,6,3056.91,509.48499999999996,362.0,0,Loyal,10,0.39877898519875427,68.9
18215,88.0,5,2247.49,449.49799999999993,534.0,0,Loyal,9,0.28912040564795566,68.9
18246,23.0,3,758.82,252.94000000000003,586.0,0,Champions,9,0.28773015961725923,68.9
14930,108.0,6,5246.63,874.4383333333334,497.0,1,At Risk (was loyal),9,0.2888147228028663,68.9
14487,26.0,7,1453.61,207.6585714285714,352.0,0,Loyal,10,0.3994334301144127,68.9
16859,144.0,7,1932.41,276.05857142857144,500.0,1,At Risk (was loyal),9,0.2885294528602078,68.9
14756,14.0,3,2653.76,884.5866666666667,409.0,0,New / Occasional,10,0.3978894765108581,69.0
13253,156.0,4,2951.11,737.7775,546.0,1,At Risk (was loyal),9,0.2868951850287234,69.0
15994,54.0,3,1202.18,400.7266666666667,581.0,0,Loyal,9,0.28681775868183373,69.0
12597,18.0,4,3811.22,952.805,248.0,0,Champions,11,0.5097105431251682,69.0
13539,85.0,7,1569.36,224.1942857142857,504.0,0,Loyal,9,0.2871665064500559,69.0
14547,3.0,8,4007.54,500.9425,50.0,0,Champions,12,0.6176432567902155,69.1
15800,106.0,7,1242.58,177.51142857142855,511.0,1,At Risk (was loyal),9,0.28366839143887984,69.1
16147,133.0,5,2398.91,479.782,538.0,1,At Risk (was loyal),9,0.2856035687980115,69.1
14565,95.0,5,3859.22,771.8439999999999,377.0,1,Loyal,10,0.3948699476848424,69.1
17579,4.0,4,753.28,188.32,573.0,0,Champions,9,0.2841867037873973,69.1
16574,70.0,3,1301.78,433.9266666666667,587.0,0,Loyal,9,0.2818528270142797,69.2
13278,40.0,4,1435.85,358.9625,569.0,0,Loyal,9,0.2820998380775427,69.2
15235,217.0,16,2937.81,183.613125,170.0,1,At Risk (was loyal),10,0.39416614043124465,69.2
15456,282.0,10,2119.27,211.927,448.0,1,At Risk (was loyal),9,0.2827268646354498,69.2
16777,79.0,5,1307.76,261.552,552.0,0,Loyal,9,0.2821647022438967,69.2
14584,168.0,8,1747.91,218.48875,491.0,1,At Risk (was loyal),9,0.2819450262112132,69.2
14788,6.0,3,1156.32,385.44,588.0,0,New / Occasional,9,0.28257512812726937,69.2
17633,30.0,7,2057.39,293.91285714285715,357.0,0,Loyal,10,0.3929224138564018,69.2
14332,22.0,5,1943.51,388.702,393.0,0,Champions,10,0.39450755195325393,69.2
17545,42.0,6,1448.54,241.42333333333332,534.0,0,Loyal,9,0.2807158427074345,69.3
17702,29.0,6,3144.04,524.0066666666667,370.0,0,Loyal,10,0.3920484953478595,69.3
16823,226.0,7,2260.09,322.87,510.0,1,At Risk (was loyal),9,0.2806493396902094,69.3
17434,1.0,7,2373.82,339.1171428571429,82.0,0,Champions,12,0.6136353561001616,69.3
15068,45.0,4,1176.85,294.2125,575.0,0,Loyal,9,0.2799133776471679,69.3
14447,18.0,6,1711.73,285.28833333333336,381.0,0,Champions,10,0.3907870247412227,69.3
13561,215.0,11,1820.72,165.52,433.0,1,At Risk (was loyal),9,0.2797430730875264,69.3
12504,17.0,4,779.05,194.7625,578.0,0,Champions,9,0.2806789703848289,69.3
15651,36.0,5,1259.06,251.81199999999998,559.0,0,Loyal,9,0.2777910454477002,69.4
16320,171.0,6,5628.99,938.165,509.0,1,At Risk (was loyal),9,0.2791267548472332,69.4
17974,24.0,6,1858.06,309.6766666666667,382.0,0,Champions,10,0.389256051552299,69.4
16441,66.0,5,1034.43,206.88600000000002,559.0,0,Loyal,9,0.27899332678360744,69.4
15028,7.0,6,1157.71,192.95166666666668,385.0,0,Champions,10,0.39049867892704676,69.4
14903,20.0,5,2810.63,562.126,257.0,0,Champions,11,0.4988066963217143,69.5
13277,15.0,7,523.3,74.75714285714285,524.0,0,Champions,9,0.2776435089072951,69.5
13309,6.0,6,1706.37,284.395,385.0,0,Champions,10,0.38769086093754357,69.5
18273,1.0,4,357.0,89.25,588.0,0,Champions,9,0.27698580534352135,69.5
12357,32.0,3,18287.66,6095.886666666666,355.0,0,New / Occasional,9,0.2742485239102596,69.6
14904,1.0,4,1640.64,410.16,425.0,0,Champions,10,0.3850696482093312,69.6
16676,33.0,6,2361.9,393.65000000000003,384.0,0,Loyal,10,0.3851234531412375,69.6
13546,11.0,5,1092.14,218.42800000000003,411.0,0,Champions,10,0.38583653382312383,69.6
14427,49.0,4,1263.52,315.88,581.0,0,Loyal,9,0.2753643177196621,69.6
15732,211.0,10,1682.07,168.207,461.0,1,At Risk (was loyal),9,0.2751325141845152,69.6
17864,12.0,5,924.32,184.864,414.0,0,Champions,10,0.38456168004031155,69.7
13523,32.0,6,5101.52,850.2533333333334,369.0,0,Loyal,10,0.38282640172544374,69.7
13280,121.0,7,2322.63,331.80428571428575,522.0,1,At Risk (was loyal),9,0.2725390051928417,69.7
16966,7.0,7,2154.97,307.8528571428571,231.0,0,Champions,11,0.49427429840721027,69.7
16385,59.0,5,1030.61,206.12199999999999,571.0,0,Loyal,9,0.27115383270539284,69.8
13856,168.0,11,1142.03,103.82090909090908,450.0,1,At Risk (was loyal),9,0.26995459033267183,69.8
13138,21.0,7,1467.24,209.6057142857143,374.0,0,Champions,10,0.3821728584097766,69.8
14134,382.0,15,11123.35,741.5566666666667,347.0,1,At Risk (was loyal),9,0.2701533168260417,69.8
13892,26.0,6,1267.65,211.275,549.0,0,Loyal,9,0.27164527710581393,69.8
14947,71.0,6,1049.79,174.965,552.0,0,Loyal,9,0.2706247743734409,69.8
15100,333.0,7,2894.7,413.5285714285714,367.0,1,At Risk (was loyal),10,0.3815766714172242,69.8
17528,0.0,8,3628.5,453.5625,70.0,0,Champions,12,0.6033872751345911,69.8
13207,14.0,4,535.86,133.965,596.0,0,Champions,9,0.2705412655575156,69.8
16871,21.0,6,2812.34,468.72333333333336,248.0,0,Champions,11,0.49229504028584753,69.8
14216,2.0,5,2150.04,430.008,410.0,0,Champions,10,0.37995293537084157,69.9
14126,7.0,4,1172.46,293.115,436.0,0,Champions,10,0.3803287330283459,69.9
16372,32.0,5,1328.61,265.722,573.0,0,Loyal,9,0.26829593259633777,69.9
16201,2.0,5,2112.12,422.424,412.0,0,Champions,10,0.3786441020392267,70.0
17796,39.0,7,1361.99,194.57,381.0,0,Loyal,10,0.37720051127259185,70.0
14569,0.0,4,598.98,149.745,602.0,0,Champions,9,0.26624606746725826,70.0
15664,50.0,4,1254.03,313.5075,598.0,0,Loyal,9,0.26442593862505076,70.1
14006,115.0,7,2196.67,313.81,536.0,1,At Risk (was loyal),9,0.2639547266888868,70.1
17886,31.0,6,1608.38,268.06333333333333,557.0,0,Loyal,9,0.26504584124343267,70.1
17025,60.0,5,1510.64,302.12800000000004,580.0,0,Loyal,9,0.262865288491757,70.2
14512,187.0,7,1223.47,174.78142857142856,544.0,1,At Risk (was loyal),9,0.26223309936206507,70.2
13276,63.0,5,1939.26,387.852,578.0,0,Loyal,9,0.26192658942747477,70.2
15737,14.0,8,1205.12,150.64,228.0,0,Champions,11,0.48432661298381974,70.2
15252,35.0,5,2103.41,420.68199999999996,575.0,0,Loyal,9,0.2629875608446949,70.2
16136,59.0,4,946.8,236.7,603.0,0,Loyal,9,0.2632834161741241,70.2
17164,32.0,7,2467.35,352.4785714285714,240.0,0,Loyal,11,0.48549117800992664,70.2
14893,9.0,3,1809.61,603.2033333333333,608.0,0,New / Occasional,9,0.2634357797148302,70.2
17007,50.0,7,1120.1,160.0142857142857,386.0,0,Loyal,10,0.3743623127820105,70.2
13434,73.0,5,1666.86,333.37199999999996,581.0,0,Loyal,9,0.26142486517848235,70.3
12482,575.0,29,23691.4,816.944827586207,77.0,1,At Risk (was loyal),9,0.25979393677643864,70.3
13711,218.0,9,1792.26,199.14,505.0,1,At Risk (was loyal),9,0.2596822151373281,70.3
12840,143.0,7,4041.97,577.4242857142857,530.0,1,At Risk (was loyal),9,0.2613826698499204,70.3
13873,119.0,8,1038.92,129.865,526.0,1,At Risk (was loyal),9,0.261329625834346,70.3
13587,63.0,4,1673.5,418.375,599.0,0,Loyal,9,0.26100185048322455,70.3
16693,68.0,5,1199.46,239.892,587.0,0,Loyal,9,0.2600262999401103,70.3
16071,44.0,4,1076.8,269.2,610.0,0,Loyal,9,0.2579929595930837,70.4
13958,379.0,8,4709.23,588.65375,354.0,1,At Risk (was loyal),10,0.3705996167577697,70.4
12982,242.0,8,2744.81,343.10125,363.0,1,At Risk (was loyal),10,0.370640360906497,70.4
16406,18.0,3,552.68,184.22666666666666,635.0,0,Champions,9,0.2577529069214163,70.4
15265,150.0,4,3345.64,836.41,586.0,1,At Risk (was loyal),9,0.25818166632289097,70.4
17242,107.0,5,2889.28,577.856,576.0,1,At Risk (was loyal),9,0.258319637083283,70.4
17061,73.0,11,5232.23,475.6572727272727,158.0,0,Loyal,11,0.480954207445651,70.4
12703,70.0,4,1006.53,251.6325,613.0,0,Loyal,9,0.25657064509299016,70.5
13515,72.0,6,1265.82,210.97,571.0,0,Loyal,9,0.2575928924107938,70.5
14896,204.0,8,2092.42,261.5525,528.0,1,At Risk (was loyal),9,0.2570062953622792,70.5
16934,54.0,6,2110.99,351.83166666666665,566.0,0,Loyal,9,0.25725411703823947,70.5
14818,73.0,6,1170.41,195.06833333333336,573.0,0,Loyal,9,0.2567303075548852,70.5
12775,16.0,7,1686.12,240.8742857142857,392.0,0,Champions,10,0.36740278501829,70.5
15882,198.0,8,1495.98,186.9975,530.0,1,At Risk (was loyal),9,0.2574762192390504,70.5
15988,18.0,3,770.09,256.69666666666666,637.0,0,Champions,9,0.254550258136628,70.6
17201,53.0,4,1242.04,310.51,613.0,0,Loyal,9,0.255032301178207,70.6
17360,16.0,6,1231.38,205.23000000000002,417.0,0,Champions,10,0.3654199271930437,70.6
17041,26.0,6,1686.28,281.0466666666667,573.0,0,Loyal,9,0.25461669479699534,70.6
14544,23.0,3,2982.43,994.1433333333333,445.0,0,New / Occasional,10,0.36632889689877185,70.6
15289,28.0,5,1593.09,318.618,592.0,0,Loyal,9,0.2548817344062711,70.6
15208,0.0,6,970.52,161.75333333333333,422.0,0,Champions,10,0.3629173957588985,70.7
12592,91.0,5,2582.66,516.5319999999999,427.0,1,Loyal,10,0.3642150555215113,70.7
16942,12.0,9,1920.59,213.39888888888888,215.0,0,Champions,11,0.4758444467616111,70.7
13233,73.0,4,1176.46,294.115,619.0,0,Loyal,9,0.2517295372051805,70.7
14657,17.0,6,1460.87,243.47833333333332,417.0,0,Champions,10,0.36427496611978016,70.7
16895,64.0,5,1121.42,224.28400000000002,601.0,0,Loyal,9,0.2516672616515674,70.7
15480,115.0,5,6279.0,1255.8,559.0,1,At Risk (was loyal),9,0.2517706877917935,70.7
15304,60.0,9,919.55,102.17222222222222,360.0,0,Loyal,10,0.3635538150838525,70.7
16519,24.0,4,556.26,139.065,623.0,0,Champions,9,0.25326617201863694,70.7
17330,22.0,4,423.8,105.95,624.0,0,Champions,9,0.25350458588133107,70.7
16784,19.0,5,896.53,179.30599999999998,601.0,0,Champions,9,0.2527973635149615,70.7
15797,112.0,6,2821.08,470.18,568.0,1,At Risk (was loyal),9,0.2530998906516448,70.7
17029,110.0,7,2137.3,305.3285714285715,553.0,1,At Risk (was loyal),9,0.25345032944775275,70.7
14628,90.0,5,1998.0,399.6,592.0,0,Loyal,9,0.2528383413190036,70.7
16813,7.0,10,1692.98,169.298,196.0,0,Champions,11,0.47542314925949897,70.7
12497,81.0,3,6248.5,2082.8333333333335,563.0,0,New / Occasional,9,0.2517270960511659,70.7
13566,40.0,5,1708.12,341.62399999999997,598.0,0,Loyal,9,0.2505808453777908,70.8
13573,49.0,6,916.47,152.745,586.0,0,Loyal,9,0.2496896844620836,70.8
12916,138.0,7,4654.02,664.86,545.0,1,At Risk (was loyal),9,0.24992573837765963,70.8
14078,101.0,9,1692.63,188.07000000000002,519.0,1,At Risk (was loyal),9,0.2511831322028267,70.8
17454,191.0,10,1547.94,154.794,500.0,1,At Risk (was loyal),9,0.2506164639381961,70.8
15795,149.0,8,1979.87,247.48375,540.0,1,At Risk (was loyal),9,0.24987092452420193,70.8
13145,39.0,7,1423.52,203.35999999999999,560.0,0,Loyal,9,0.2515189893367277,70.8
15124,22.0,4,450.82,112.705,628.0,0,Champions,9,0.250851913756091,70.8
17534,53.0,5,1668.83,333.76599999999996,598.0,0,Loyal,9,0.2507774748657118,70.8
15214,1.0,8,1661.44,207.68,241.0,0,Champions,11,0.4719483833870005,70.8
15974,38.0,7,3442.15,491.7357142857143,249.0,0,Loyal,11,0.4737636844906787,70.8
14226,28.0,6,3002.53,500.4216666666667,412.0,0,Loyal,10,0.3604008873059479,70.9
16261,16.0,6,1059.45,176.57500000000002,425.0,0,Champions,10,0.36020070891869893,70.9
13704,4.0,9,2308.06,256.4511111111111,83.0,0,Champions,12,0.582210975755396,70.9
14276,98.0,7,2102.68,300.3828571428571,561.0,1,At Risk (was loyal),9,0.24862599647598851,70.9
13615,318.0,8,6272.53,784.06625,361.0,1,At Risk (was loyal),10,0.35978335530304123,70.9
15038,58.0,9,1309.86,145.54,366.0,0,Loyal,10,0.35783841945772044,71.0
16451,87.0,3,1013.15,337.71666666666664,647.0,0,Loyal,9,0.24623682234521585,71.0
17734,53.0,6,1442.32,240.38666666666666,588.0,0,Loyal,9,0.24635293260290783,71.0
17172,78.0,3,956.57,318.8566666666667,647.0,0,Loyal,9,0.2467317289892493,71.0
15774,68.0,6,1329.94,221.65666666666667,587.0,0,Loyal,9,0.2474135444567379,71.0
16045,119.0,8,3434.93,429.36625,378.0,1,At Risk (was loyal),10,0.35682075242673006,71.0
16725,301.0,14,1882.11,134.43642857142856,424.0,1,At Risk (was loyal),9,0.24582634798182218,71.0
13503,70.0,6,1905.39,317.565,589.0,0,Loyal,9,0.2439003309162811,71.1
15803,50.0,4,1929.66,482.415,624.0,0,Loyal,9,0.2438516593475131,71.1
14829,28.0,7,1692.84,241.8342857142857,407.0,0,Loyal,10,0.3560001530256156,71.1
16076,2.0,10,2234.73,223.473,205.0,0,Champions,11,0.466531738093125,71.1
17731,78.0,6,1708.99,284.83166666666665,589.0,0,Loyal,9,0.24468095274423568,71.1
17320,99.0,6,2895.77,482.62833333333333,586.0,1,At Risk (was loyal),9,0.2417916677090286,71.2
18058,9.0,3,774.06,258.02,657.0,0,Champions,9,0.24225198727386887,71.2
17048,117.0,7,2071.68,295.9542857142857,572.0,1,At Risk (was loyal),9,0.24203911873166106,71.2
16419,112.0,8,1487.42,185.9275,555.0,1,At Risk (was loyal),9,0.24211515189113691,71.2
17158,31.0,5,1980.0,396.0,609.0,0,Loyal,9,0.2425236058725286,71.2
14597,10.0,6,2201.54,366.92333333333335,425.0,0,Champions,10,0.3545537532618745,71.2
12987,73.0,5,1312.21,262.442,615.0,0,Loyal,9,0.24217161748948993,71.2
14538,64.0,5,1370.84,274.168,618.0,0,Loyal,9,0.24008258566860674,71.3
15807,49.0,5,1817.52,363.504,615.0,0,Loyal,9,0.23970942964379788,71.3
13889,92.0,6,1991.23,331.87166666666667,593.0,1,Loyal,9,0.24114709427870182,71.3
17138,275.0,7,4417.27,631.0385714285715,397.0,1,At Risk (was loyal),10,0.35237288380228793,71.3
15325,103.0,8,1602.01,200.25125,557.0,1,At Risk (was loyal),9,0.24059461648010316,71.3
14590,424.0,20,3006.62,150.331,307.0,1,At Risk (was loyal),9,0.23971279487408764,71.3
14550,10.0,4,1353.31,338.3275,473.0,0,Champions,10,0.35071535410557886,71.4
12990,30.0,7,955.5,136.5,588.0,0,Loyal,9,0.23610841155082243,71.5
16202,360.0,9,2501.99,277.99888888888887,376.0,1,At Risk (was loyal),10,0.3468049197654446,71.5
14708,2.0,5,2212.28,442.456,452.0,0,Champions,10,0.34765386775994495,71.5
16348,31.0,8,1798.22,224.7775,398.0,0,Loyal,10,0.3474858219437935,71.5
14692,136.0,12,1745.09,145.42416666666665,480.0,1,At Risk (was loyal),9,0.2373449235991808,71.5
13627,58.0,7,2245.9,320.84285714285716,581.0,0,Loyal,9,0.236094805897667,71.5
16723,90.0,4,1301.63,325.4075,643.0,0,Loyal,9,0.23639628074959998,71.5
14071,3.0,8,1438.82,179.8525,261.0,0,Champions,11,0.456448052109968,71.6
17163,21.0,4,699.78,174.945,653.0,0,Champions,9,0.23420164541593366,71.6
15272,56.0,6,2085.48,347.58,605.0,0,Loyal,9,0.23364410032046648,71.7
13761,49.0,6,1952.17,325.3616666666667,606.0,0,Loyal,9,0.23356985839405706,71.7
15912,177.0,9,1074.7,119.41111111111111,551.0,1,At Risk (was loyal),9,0.23336841844780348,71.7
17266,1.0,5,517.73,103.546,638.0,0,Champions,9,0.23233135847669265,71.7
15889,156.0,8,1806.28,225.785,572.0,1,At Risk (was loyal),9,0.23115753624247548,71.8
16595,60.0,5,1810.18,362.036,630.0,0,Loyal,9,0.23087986183018605,71.8
14342,20.0,6,918.44,153.07333333333335,451.0,0,Champions,10,0.34144485384461887,71.8
15466,84.0,4,1571.01,392.7525,651.0,0,Loyal,9,0.23004432342098133,71.8
16858,368.0,10,4668.28,466.828,355.0,1,At Risk (was loyal),10,0.34202091369293236,71.8
14700,31.0,5,3116.26,623.2520000000001,453.0,0,Loyal,10,0.3414729014318413,71.8
17204,174.0,9,5504.69,611.6322222222221,372.0,1,At Risk (was loyal),10,0.3409569487861941,71.8
12531,14.0,2,1933.2,966.6,671.0,0,New / Occasional,9,0.22786132135193923,71.9
17603,77.0,4,1793.48,448.37,651.0,0,Loyal,9,0.2286950318301203,71.9
18079,44.0,5,4242.75,848.55,446.0,0,Loyal,10,0.3398962424293176,71.9
16014,37.0,5,1130.27,226.054,639.0,0,Loyal,9,0.2288531709290837,71.9
16996,29.0,9,2123.61,235.95666666666668,387.0,0,Loyal,10,0.33976887814334333,71.9
13787,75.0,6,1222.5,203.75,619.0,0,Loyal,9,0.22877252458045044,71.9
12917,127.0,6,4359.2,726.5333333333333,602.0,1,At Risk (was loyal),9,0.2267164373006057,72.0
14905,157.0,8,1971.39,246.42375,578.0,1,At Risk (was loyal),9,0.2272341815315919,72.0
17173,4.0,8,3766.6,470.825,125.0,0,Champions,12,0.5589358089618433,72.1
16172,94.0,8,1884.55,235.56875,417.0,1,Loyal,10,0.3331822494369669,72.2
15506,22.0,6,2040.03,340.005,454.0,0,Champions,10,0.33384090502212743,72.2
15110,23.0,6,1505.85,250.975,461.0,0,Champions,10,0.3312898887416293,72.3
12649,106.0,8,2294.65,286.83125,588.0,1,At Risk (was loyal),9,0.22067510042013339,72.3
16720,25.0,3,795.48,265.16,695.0,0,Champions,9,0.2199078060274909,72.3
14484,49.0,4,1070.98,267.745,672.0,0,Loyal,9,0.220993778054017,72.3
17222,64.0,6,1605.01,267.50166666666667,632.0,0,Loyal,9,0.21990965160530024,72.3
15587,49.0,7,1522.08,217.44,441.0,0,Loyal,10,0.33150237778475417,72.3
14798,52.0,8,724.31,90.53875,596.0,0,Loyal,9,0.22024439024533243,72.3
14817,199.0,7,3959.86,565.6942857142857,427.0,1,At Risk (was loyal),10,0.33203577461173783,72.3
15142,45.0,6,2619.92,436.65333333333336,454.0,0,Loyal,10,0.3310701676178586,72.3
14730,0.0,8,2005.06,250.6325,275.0,0,Champions,11,0.44294718731977417,72.3
15228,65.0,6,5580.27,930.0450000000001,433.0,0,Loyal,10,0.3322328600934368,72.3
15985,122.0,7,2715.28,387.8971428571429,438.0,1,At Risk (was loyal),10,0.32896392232960825,72.4
15596,100.0,9,3130.04,347.78222222222223,398.0,1,At Risk (was loyal),10,0.32881520715284096,72.4
18101,10.0,5,629.16,125.832,662.0,0,Champions,9,0.21806172646858207,72.4
12842,69.0,4,1917.99,479.4975,667.0,0,Loyal,9,0.2188255656858209,72.4
16837,30.0,11,3170.98,288.2709090909091,214.0,0,Loyal,11,0.44034937299710086,72.4
18154,2.0,5,932.6,186.52,487.0,0,Champions,10,0.32954543211922915,72.4
17299,11.0,6,1016.08,169.34666666666666,469.0,0,Champions,10,0.3278135663321612,72.5
16017,46.0,5,1553.83,310.76599999999996,656.0,0,Loyal,9,0.21722278256102526,72.5
16485,76.0,5,2294.68,458.936,656.0,0,Loyal,9,0.21388526846461775,72.6
17897,172.0,9,2585.0,287.22222222222223,403.0,1,At Risk (was loyal),10,0.3267584783328019,72.6
14770,231.0,8,3637.64,454.705,419.0,1,At Risk (was loyal),10,0.3258675782338606,72.6
15181,65.0,5,1200.2,240.04000000000002,664.0,0,Loyal,9,0.2143701824076811,72.6
12454,55.0,5,16679.78,3335.9559999999997,364.0,0,Loyal,10,0.32612570292618026,72.6
16650,71.0,7,1916.11,273.72999999999996,447.0,0,Loyal,10,0.3256006261617535,72.6
14725,24.0,4,1315.24,328.81,510.0,0,Champions,10,0.32385149234417565,72.7
16101,70.0,4,3229.16,807.29,490.0,0,Loyal,10,0.3238568645152624,72.7
14020,16.0,4,1249.01,312.2525,512.0,0,Champions,10,0.3229112658269664,72.7
14754,44.0,6,1550.48,258.41333333333336,646.0,0,Loyal,9,0.2123185231398374,72.7
12412,74.0,6,2596.93,432.82166666666666,464.0,0,Loyal,10,0.3239447368381373,72.7
16830,38.0,4,1207.5,301.875,687.0,0,Loyal,9,0.21184483674459556,72.7
14414,91.0,8,2399.33,299.91625,283.0,1,Loyal,11,0.43500570583785575,72.7
16414,21.0,5,559.71,111.94200000000001,672.0,0,Champions,9,0.21282249461918268,72.7
14472,103.0,9,2228.22,247.57999999999998,585.0,1,At Risk (was loyal),9,0.21147189197526886,72.8
15530,21.0,5,1813.72,362.744,491.0,0,Champions,10,0.3215066460751244,72.8
15865,40.0,5,2248.92,449.784,662.0,0,Loyal,9,0.21079289829425596,72.8
17047,84.0,6,2289.23,381.53833333333336,646.0,0,Loyal,9,0.2096707416525278,72.8
16107,17.0,7,3204.16,457.7371428571428,165.0,0,Champions,12,0.543672506350192,72.8
13405,73.0,6,1213.811,202.30183333333332,650.0,0,Loyal,9,0.2113350142112027,72.8
16770,57.0,9,1932.13,214.68111111111114,416.0,0,Loyal,10,0.3192777653396127,72.9
17034,15.0,5,1283.92,256.784,497.0,0,Champions,10,0.3202877135674906,72.9
13946,78.0,6,1876.23,312.705,656.0,0,Loyal,9,0.20572858264369992,73.0
15428,14.0,4,762.75,190.6875,706.0,0,Champions,9,0.20407918797066493,73.1
15749,234.0,3,44534.3,14844.766666666668,97.0,1,At Risk (was loyal),9,0.20394935217026944,73.1
12920,16.0,4,488.09,122.0225,707.0,0,Champions,9,0.20507824233838506,73.1
12464,9.0,8,1212.05,151.50625,299.0,0,Champions,11,0.4265258287088368,73.1
13091,27.0,3,2321.82,773.94,701.0,0,New / Occasional,9,0.20459871213751585,73.1
16229,86.0,6,2867.86,477.9766666666667,477.0,0,Loyal,10,0.3134073576483964,73.2
17244,52.0,5,1826.04,365.20799999999997,680.0,0,Loyal,9,0.2029411689071172,73.2
15826,55.0,4,2598.28,649.57,511.0,0,Loyal,10,0.3135796314241011,73.2
12421,15.0,6,1098.6,183.1,489.0,0,Champions,10,0.31312209498924715,73.2
14108,30.0,4,1044.96,261.24,707.0,0,Loyal,9,0.20198084148630613,73.2
14456,4.0,9,3062.4,340.26666666666665,137.0,0,Champions,12,0.5361032304002427,73.2
16043,37.0,8,1856.59,232.07375,444.0,0,Loyal,10,0.31386885694079314,73.2
12704,6.0,8,2340.84,292.605,162.0,0,Champions,12,0.5341691698230122,73.3
17764,50.0,5,1623.64,324.728,685.0,0,Loyal,9,0.2011626033957225,73.3
16012,34.0,5,2989.79,597.958,494.0,0,Loyal,10,0.31258865875042213,73.3
17561,18.0,4,722.34,180.585,713.0,0,Champions,9,0.20059196950251731,73.3
16596,15.0,4,579.63,144.9075,713.0,0,Champions,9,0.20137833787053985,73.3
15863,25.0,5,358.7,71.74,697.0,0,Champions,9,0.2002456280681926,73.3
18116,67.0,13,2154.3,165.71538461538464,343.0,0,Loyal,10,0.3124519369984717,73.3
14460,109.0,9,1093.5,121.5,613.0,1,At Risk (was loyal),9,0.1988830075112756,73.4
17557,13.0,4,575.46,143.865,718.0,0,Champions,9,0.19877268168539944,73.4
14462,65.0,12,2270.01,189.16750000000002,366.0,0,Loyal,10,0.31057867927669763,73.4
14758,144.0,7,2864.97,409.28142857142853,465.0,1,At Risk (was loyal),10,0.30911915436002846,73.4
16175,93.0,7,1836.44,262.34857142857146,469.0,1,Loyal,10,0.31024112164786166,73.4
16235,40.0,9,2053.71,228.19,429.0,0,Loyal,10,0.30973108516818637,73.4
15757,65.0,6,2940.36,490.06,481.0,0,Loyal,10,0.31025285002339925,73.4
15573,31.0,5,1207.18,241.436,697.0,0,Loyal,9,0.19664986928559772,73.5
13617,39.0,8,1278.75,159.84375,454.0,0,Loyal,10,0.30870210907924606,73.5
13717,31.0,8,1763.3,220.4125,453.0,0,Loyal,10,0.30783839493156284,73.5
17594,84.0,4,2497.88,624.47,519.0,0,Loyal,10,0.3086858360179236,73.5
16321,71.0,7,604.55,86.36428571428571,666.0,0,Loyal,9,0.19402349886019127,73.6
17671,15.0,5,2403.34,480.668,360.0,0,Champions,11,0.41769168166473625,73.6
15900,23.0,4,900.4,225.1,539.0,0,Champions,10,0.3063683909240581,73.6
15969,2.0,5,1127.05,225.41,519.0,0,Champions,10,0.30564987395506477,73.6
12516,77.0,4,2648.62,662.155,521.0,0,Loyal,10,0.30618577632543126,73.6
14080,32.0,5,1115.68,223.13600000000002,704.0,0,Loyal,9,0.1934227281122861,73.7
12976,211.0,8,3156.38,394.5475,453.0,1,At Risk (was loyal),10,0.30336322251592046,73.7
13591,64.0,7,2093.94,299.13428571428574,660.0,0,Loyal,9,0.19294401369151695,73.7
15393,15.0,5,891.34,178.268,707.0,0,Champions,9,0.19281854001769583,73.7
16880,30.0,8,1840.86,230.1075,462.0,0,Loyal,10,0.3013280347076896,73.8
12758,116.0,7,9903.24,1414.7485714285715,621.0,1,At Risk (was loyal),9,0.1911591246594782,73.8
18276,43.0,6,1656.52,276.08666666666664,685.0,0,Loyal,9,0.19132918895778345,73.8
18096,11.0,6,1805.28,300.88,501.0,0,Champions,10,0.30149359135264703,73.8
14967,49.0,6,1982.61,330.435,686.0,0,Loyal,9,0.18973978023696786,73.8
16426,1.0,10,1908.25,190.825,273.0,0,Champions,11,0.41247341088617656,73.8
17508,280.0,8,4579.23,572.40375,451.0,1,At Risk (was loyal),10,0.30020892571835023,73.9
17852,11.0,5,663.21,132.642,719.0,0,Champions,9,0.18768265406383838,73.9
15287,21.0,5,856.03,171.206,715.0,0,Champions,9,0.1889056622177736,73.9
13184,14.0,10,1701.29,170.129,275.0,0,Champions,11,0.41144863580511165,73.9
15400,91.0,8,1302.3,162.7875,468.0,1,Loyal,10,0.298900765488807,73.9
17109,28.0,8,1295.46,161.9325,468.0,0,Loyal,10,0.2989224648786823,73.9
15625,103.0,9,3236.4,359.6,438.0,1,At Risk (was loyal),10,0.30020451078448507,73.9
16134,21.0,5,2145.34,429.06800000000004,519.0,0,Champions,10,0.29992264682386494,73.9
12633,58.0,7,5678.16,811.1657142857142,466.0,0,Loyal,10,0.2977954283545384,74.0
16036,86.0,4,2556.84,639.21,533.0,0,Loyal,10,0.2985356700385617,74.0
17666,3.0,5,2047.8,409.56,523.0,0,Champions,10,0.2977141530067275,74.0
17414,43.0,6,2249.52,374.92,692.0,0,Loyal,9,0.18585719080002086,74.0
16221,36.0,9,2235.51,248.39000000000001,449.0,0,Loyal,10,0.2953713264178071,74.1
16906,81.0,7,1448.8,206.97142857142856,493.0,0,Loyal,10,0.29506758040847436,74.1
15353,254.0,7,3175.95,453.70714285714286,483.0,1,At Risk (was loyal),10,0.29547771852127475,74.1
15043,30.0,6,2873.8,478.9666666666667,501.0,0,Loyal,10,0.29667110295660565,74.1
15222,318.0,11,3550.91,322.81,404.0,1,At Risk (was loyal),10,0.29574947757991543,74.1
17076,35.0,6,1242.75,207.125,699.0,0,Loyal,9,0.18565781596734693,74.1
17018,40.0,6,2287.7,381.2833333333333,694.0,0,Loyal,9,0.18474133089127573,74.1
17634,35.0,9,2361.97,262.44111111111107,301.0,0,Loyal,11,0.4049379431198631,74.2
17436,1.0,5,534.06,106.81199999999998,730.0,0,Champions,9,0.182749325856319,74.2
15245,133.0,8,4610.84,576.355,461.0,1,At Risk (was loyal),10,0.2932545162687875,74.2
17371,16.0,6,662.55,110.425,714.0,0,Champions,9,0.1801611780818283,74.3
14154,238.0,8,6460.7,807.5875,456.0,1,At Risk (was loyal),10,0.29086032079039736,74.3
13963,307.0,17,3011.87,177.16882352941175,288.0,1,At Risk (was loyal),10,0.2919154751127419,74.3
15809,35.0,7,1274.44,182.06285714285715,499.0,0,Loyal,10,0.2916282345602664,74.3
18173,86.0,5,2696.36,539.272,526.0,0,Loyal,10,0.29207230047939686,74.3
14081,301.0,10,5370.1,537.01,426.0,1,At Risk (was loyal),10,0.2899853540831197,74.4
13044,290.0,11,4853.9,441.26363636363635,409.0,1,At Risk (was loyal),10,0.28967631433183877,74.4
12480,27.0,7,5464.85,780.6928571428572,479.0,0,Loyal,10,0.28972767986816406,74.4
14173,10.0,6,586.0,97.66666666666667,719.0,0,Champions,9,0.17798903425424545,74.4
14669,241.0,7,3243.93,463.4185714285714,495.0,1,At Risk (was loyal),10,0.28708999292348175,74.5
12876,57.0,4,4081.79,1020.4475,532.0,0,Loyal,10,0.28836855472909484,74.5
14587,18.0,9,1601.14,177.90444444444447,312.0,0,Champions,11,0.3986320925670208,74.5
13878,54.0,4,2473.06,618.265,549.0,0,Loyal,10,0.2882368306188696,74.5
14442,204.0,7,5367.02,766.7171428571429,485.0,1,At Risk (was loyal),10,0.28604580277367075,74.6
14859,12.0,5,1705.64,341.12800000000004,542.0,0,Champions,10,0.2866926142047256,74.6
16898,25.0,5,1016.37,203.274,550.0,0,Champions,10,0.28507687511786634,74.6
16125,366.0,14,4587.65,327.6892857142857,358.0,1,At Risk (was loyal),10,0.2843623783479297,74.7
15067,77.0,5,3877.88,775.576,528.0,0,Loyal,10,0.284267814470559,74.7
15786,45.0,5,8514.82,1702.964,490.0,0,Loyal,10,0.2845285627995613,74.7
17268,107.0,11,1733.89,157.62636363636364,623.0,1,At Risk (was loyal),9,0.17236064071571863,74.7
16205,30.0,7,1830.61,261.5157142857143,511.0,0,Loyal,10,0.2815371166818295,74.8
17742,112.0,11,2098.48,190.7709090909091,625.0,1,At Risk (was loyal),9,0.17091295426370343,74.8
12576,35.0,8,2142.72,267.84,490.0,0,Loyal,10,0.2814003590345511,74.8
14737,3.0,4,3554.17,888.5425,396.0,0,Champions,11,0.39210234368532293,74.8
15551,36.0,7,1710.08,244.29714285714286,513.0,0,Loyal,10,0.28064497209108147,74.9
15864,21.0,7,2180.76,311.5371428571429,358.0,0,Champions,11,0.39161355106763074,74.9
17572,70.0,10,723.01,72.301,653.0,0,Loyal,9,0.16958413560325006,74.9
16503,106.0,11,3614.34,328.5763636363636,429.0,1,At Risk (was loyal),10,0.2788104193439747,74.9
17550,196.0,9,2547.64,283.0711111111111,472.0,1,At Risk (was loyal),10,0.2790762700209938,74.9
15834,69.0,7,3772.99,538.9985714285714,354.0,0,Loyal,11,0.3879682709383443,75.0
17692,126.0,12,2975.8,247.98333333333335,413.0,1,At Risk (was loyal),10,0.2772839278603563,75.0
13308,22.0,4,1670.37,417.5925,574.0,0,Champions,10,0.277170514015129,75.0
12755,280.0,11,9030.66,820.9690909090909,413.0,1,At Risk (was loyal),10,0.27858669295294347,75.0
16358,0.0,5,2919.65,583.9300000000001,393.0,0,Champions,11,0.3883125354895063,75.0
12872,326.0,12,3685.49,307.12416666666667,409.0,1,At Risk (was loyal),10,0.27867516177268475,75.0
14075,4.0,6,1734.87,289.145,536.0,0,Champions,10,0.2781518176199407,75.0
14855,118.0,7,6520.3,931.4714285714286,491.0,1,At Risk (was loyal),10,0.27788172326327665,75.0
14161,215.0,7,3318.88,474.1257142857143,510.0,1,At Risk (was loyal),10,0.27684387607092104,75.0
15901,16.0,7,703.22,100.46000000000001,527.0,0,Champions,10,0.2750296713696937,75.1
15978,76.0,3,3279.42,1093.14,567.0,0,Loyal,10,0.2763316825355265,75.1
17382,64.0,8,902.28,112.785,504.0,0,Loyal,10,0.27593115342220065,75.1
13692,24.0,5,3114.4,622.88,395.0,0,Champions,11,0.385523329928882,75.2
12863,51.0,6,2792.55,465.425,537.0,0,Loyal,10,0.27295050033855667,75.2
17759,16.0,5,1276.91,255.382,566.0,0,Champions,10,0.2731072230032375,75.2
14419,10.0,7,1260.91,180.13000000000002,372.0,0,Champions,11,0.38459791497038154,75.2
15201,86.0,7,1842.95,263.2785714285714,524.0,0,Loyal,10,0.27293686892993124,75.2
17555,19.0,5,1057.74,211.548,566.0,0,Champions,10,0.274267975919427,75.2
16351,332.0,13,3330.03,256.15615384615387,402.0,1,At Risk (was loyal),10,0.2705937502909799,75.4
17640,86.0,6,3168.94,528.1566666666666,539.0,0,Loyal,10,0.27004835277215894,75.4
17406,332.0,13,4905.05,377.3115384615385,400.0,1,At Risk (was loyal),10,0.26947844703738993,75.4
13549,25.0,8,1005.8,125.725,361.0,0,Champions,11,0.3783457858339572,75.5
15111,28.0,5,2730.87,546.174,563.0,0,Loyal,10,0.2674110602916844,75.5
16907,28.0,9,1707.9,189.76666666666668,497.0,0,Loyal,10,0.2649796522622784,75.6
12701,79.0,6,2446.41,407.73499999999996,553.0,0,Loyal,10,0.2640917924508777,75.7
14853,23.0,5,1376.87,275.37399999999997,581.0,0,Champions,10,0.2629193939757127,75.7
17664,18.0,4,1166.23,291.5575,601.0,0,Champions,10,0.2630973289125615,75.7
14740,196.0,11,4161.06,378.27818181818185,455.0,1,At Risk (was loyal),10,0.26092001417908495,75.8
14465,246.0,11,3946.03,358.73,454.0,1,At Risk (was loyal),10,0.2619656971116355,75.8
16493,79.0,7,2132.09,304.5842857142857,543.0,0,Loyal,10,0.2597336978082454,75.9
17719,37.0,15,5396.04,359.736,217.0,0,Loyal,11,0.37019809108876245,75.9
16726,25.0,7,2088.41,298.3442857142857,384.0,0,Champions,11,0.37184995124667913,75.9
17588,99.0,7,2939.55,419.9357142857143,537.0,1,At Risk (was loyal),10,0.2607489274646057,75.9
15987,11.0,8,1682.13,210.26625,367.0,0,Champions,11,0.3713282707951961,75.9
13238,16.0,6,1006.63,167.77166666666668,573.0,0,Champions,10,0.2574037407896815,76.0
13849,51.0,5,3469.3,693.86,572.0,0,Loyal,10,0.25787651127990596,76.0
14532,235.0,11,3859.18,350.83454545454543,462.0,1,At Risk (was loyal),10,0.2570812374451552,76.0
12849,30.0,6,3090.56,515.0933333333334,559.0,0,Loyal,10,0.257618047674856,76.0
15032,255.0,8,13780.65,1722.58125,472.0,1,At Risk (was loyal),10,0.25834706826694953,76.0
13330,92.0,6,2806.18,467.69666666666666,562.0,1,Loyal,10,0.25690498443194415,76.0
17321,7.0,6,1741.18,290.19666666666666,569.0,0,Champions,10,0.256892672734082,76.0
13464,57.0,6,3097.64,516.2733333333333,559.0,0,Loyal,10,0.25758889631845766,76.0
15782,9.0,4,4014.1,1003.525,420.0,0,Champions,11,0.3697940851061702,76.0
12457,65.0,8,2995.91,374.48875,368.0,0,Loyal,11,0.36593497236383277,76.1
14918,115.0,9,5955.81,661.7566666666667,495.0,1,At Risk (was loyal),10,0.25560635442496793,76.1
14834,17.0,7,2206.16,315.1657142857143,389.0,0,Champions,11,0.36753234929221584,76.1
14262,7.0,8,2618.23,327.27875,232.0,0,Champions,12,0.4757078090481306,76.2
16584,79.0,5,3163.67,632.734,581.0,0,Loyal,10,0.25379846829443053,76.2
17540,24.0,6,1590.6,265.09999999999997,575.0,0,Champions,10,0.2537617704068177,76.2
17221,6.0,5,978.52,195.704,599.0,0,Champions,10,0.25362657731746957,76.2
13461,38.0,6,4160.0,693.3333333333334,558.0,0,Loyal,10,0.2538608681992425,76.2
12578,20.0,4,4642.45,1160.6125,422.0,0,Champions,11,0.3632628631204381,76.3
15370,40.0,8,3739.01,467.37625,369.0,0,Loyal,11,0.3625693060287838,76.3
13064,12.0,6,1680.74,280.12333333333333,579.0,0,Champions,10,0.25091675784304457,76.3
16609,14.0,7,5493.46,784.78,237.0,0,Champions,12,0.47444820578602853,76.3
15671,18.0,7,2657.13,379.59000000000003,252.0,0,Champions,12,0.4748058561517561,76.3
17515,30.0,9,1617.46,179.71777777777777,519.0,0,Loyal,10,0.2513670904938409,76.3
15101,8.0,6,1477.94,246.32333333333335,581.0,0,Champions,10,0.2505028427727734,76.4
13764,70.0,6,2953.26,492.21000000000004,571.0,0,Loyal,10,0.250706576993736,76.4
17621,20.0,6,3175.12,529.1866666666666,410.0,0,Champions,11,0.3610589832463217,76.4
13542,376.0,17,4006.17,235.6570588235294,352.0,1,At Risk (was loyal),10,0.24949915346605117,76.4
13659,205.0,12,4894.88,407.9066666666667,455.0,1,At Risk (was loyal),10,0.2473637736432417,76.5
16764,3.0,13,2799.25,215.32692307692307,139.0,0,Champions,12,0.4691421490003005,76.5
16281,71.0,3,3424.02,1141.34,610.0,0,Loyal,10,0.2477240521508375,76.5
15372,136.0,8,6017.06,752.1325,526.0,1,At Risk (was loyal),10,0.24704599800485058,76.5
14038,77.0,5,3069.88,613.976,595.0,0,Loyal,10,0.2456509447120876,76.6
15658,189.0,8,2423.47,302.93375,546.0,1,At Risk (was loyal),10,0.2449509079947605,76.6
14741,11.0,7,1897.59,271.0842857142857,405.0,0,Champions,11,0.35666740661059076,76.6
13334,81.0,5,6263.75,1252.75,570.0,0,Loyal,10,0.24510031131914167,76.6
16681,72.0,7,1921.84,274.5485714285714,568.0,0,Loyal,10,0.24495285086924992,76.6
13799,116.0,9,2803.57,311.5077777777778,527.0,1,At Risk (was loyal),10,0.24360024946807932,76.7
14132,1.0,11,3586.03,326.00272727272727,181.0,0,Champions,12,0.4661870679662588,76.7
17284,59.0,8,2793.16,349.145,384.0,0,Loyal,11,0.3545305350310081,76.7
16053,32.0,6,3634.84,605.8066666666667,578.0,0,Loyal,10,0.24369721983706968,76.7
16899,7.0,8,1721.02,215.1275,389.0,0,Champions,11,0.3544862144088304,76.7
16500,4.0,9,843.91,93.76777777777778,538.0,0,Champions,10,0.24164471664446832,76.8
12356,22.0,6,6373.68,1062.28,401.0,0,Champions,11,0.35204286316464584,76.8
13652,45.0,5,2570.85,514.17,606.0,0,Loyal,10,0.24144367429638094,76.8
12865,25.0,4,3323.47,830.8675,450.0,0,Champions,11,0.3525276404787252,76.8
13715,280.0,17,8483.29,499.01705882352945,357.0,1,At Risk (was loyal),10,0.2423135065394583,76.8
13240,95.0,8,1738.52,217.315,556.0,1,Loyal,10,0.24081727717448365,76.8
15791,43.0,5,3608.34,721.668,598.0,0,Loyal,10,0.24119408205750634,76.8
13192,94.0,6,2558.58,426.43,591.0,1,Loyal,10,0.2401155477420165,76.9
15140,51.0,8,3243.69,405.46125,390.0,0,Loyal,11,0.34848335447407686,77.0
12371,44.0,5,4067.38,813.476,600.0,0,Loyal,10,0.23777012383750762,77.0
14157,19.0,5,1002.78,200.55599999999998,626.0,0,Champions,10,0.23709021855209458,77.0
12449,21.0,6,4835.89,805.9816666666667,416.0,0,Champions,11,0.3483646169102491,77.0
16298,22.0,7,1085.7,155.1,419.0,0,Champions,11,0.34947883200088986,77.0
17994,121.0,11,2313.32,210.3018181818182,499.0,1,At Risk (was loyal),10,0.23732264573057596,77.0
14152,74.0,7,1997.34,285.3342857142857,583.0,0,Loyal,10,0.23571159063238295,77.1
18149,50.0,7,1624.71,232.10142857142858,584.0,0,Loyal,10,0.236320482055631,77.1
17190,58.0,7,1743.04,249.00571428571428,585.0,0,Loyal,10,0.23534727202201913,77.1
12352,35.0,10,2849.84,284.98400000000004,356.0,0,Loyal,11,0.34591787626704057,77.1
13722,131.0,10,5635.41,563.5409999999999,514.0,1,At Risk (was loyal),10,0.23370336715746168,77.2
17311,77.0,6,3566.56,594.4266666666666,596.0,0,Loyal,10,0.23322823910455176,77.2
14201,59.0,10,1193.54,119.354,528.0,0,Loyal,10,0.23446013400940088,77.2
15764,87.0,8,4503.08,562.885,390.0,0,Loyal,11,0.34416739044964445,77.2
16818,10.0,11,3349.57,304.50636363636363,194.0,0,Champions,12,0.4561584151503139,77.2
17159,21.0,5,2099.59,419.918,623.0,0,Champions,10,0.23360486961232224,77.2
15182,153.0,11,2998.952,272.632,502.0,1,At Risk (was loyal),10,0.2343224890243682,77.2
13485,232.0,11,3019.22,274.4745454545454,503.0,1,At Risk (was loyal),10,0.23369769127560758,77.2
14229,51.0,7,2594.04,370.57714285714286,419.0,0,Loyal,11,0.34337360785371,77.3
17203,35.0,10,5575.88,557.588,352.0,0,Loyal,11,0.3419298778782498,77.3
16180,99.0,13,16249.87,1249.99,434.0,1,At Risk (was loyal),10,0.2320041011028806,77.3
16212,18.0,4,1293.71,323.4275,650.0,0,Champions,10,0.23231928246429195,77.3
13588,15.0,9,2478.95,275.43888888888887,239.0,0,Champions,12,0.45442788369118786,77.3
16187,31.0,15,6911.44,460.76266666666663,252.0,0,Loyal,11,0.3417026364254828,77.4
14410,91.0,11,2651.14,241.01272727272726,344.0,1,Loyal,11,0.3403763476192048,77.4
15122,113.0,11,4497.47,408.8609090909091,505.0,1,At Risk (was loyal),10,0.22991949741952294,77.4
18194,81.0,6,4162.04,693.6733333333333,597.0,0,Loyal,10,0.23036046510986735,77.4
15632,15.0,8,3285.31,410.66375,259.0,0,Champions,12,0.4511479900214714,77.4
16099,49.0,7,1573.2,224.74285714285716,596.0,0,Loyal,10,0.22944350780015527,77.4
12798,9.0,4,8510.93,2127.7325,411.0,0,Champions,11,0.34122614666975737,77.4
15030,71.0,8,1979.91,247.48875,573.0,0,Loyal,10,0.2301082810936458,77.4
16535,4.0,3,1001.59,333.86333333333334,674.0,0,Champions,10,0.23024475471757935,77.4
13291,155.0,11,3320.84,301.8945454545455,510.0,1,At Risk (was loyal),10,0.22907692577511984,77.4
14714,23.0,4,906.24,226.56,663.0,0,Champions,10,0.2271159054830271,77.5
17728,3.0,5,4238.76,847.7520000000001,449.0,0,Champions,11,0.33771251749495773,77.6
17760,21.0,6,918.93,153.155,627.0,0,Champions,10,0.22530788200554006,77.6
12643,127.0,12,8350.42,695.8683333333333,482.0,1,At Risk (was loyal),10,0.22589510433685583,77.6
15339,65.0,7,1827.84,261.12,602.0,0,Loyal,10,0.2251823397031687,77.6
17560,94.0,9,1895.8,210.64444444444445,565.0,1,Loyal,10,0.22338363350049042,77.7
17081,24.0,6,964.39,160.73166666666665,629.0,0,Champions,10,0.2239930943274166,77.7
15079,212.0,11,3767.35,342.48636363636365,519.0,1,At Risk (was loyal),10,0.22313001633013307,77.7
13085,157.0,8,2433.28,304.16,581.0,1,At Risk (was loyal),10,0.22428953657248937,77.7
15708,40.0,9,4378.72,486.5244444444445,384.0,0,Loyal,11,0.33541284031874635,77.7
15990,43.0,7,2010.05,287.15,605.0,0,Loyal,10,0.2229028915986249,77.7
13362,8.0,7,5394.07,770.5814285714285,415.0,0,Champions,11,0.3350985248006105,77.7
17373,39.0,7,1167.5,166.78571428571428,609.0,0,Loyal,10,0.22323624047007531,77.7
14651,66.0,9,2034.12,226.01333333333332,564.0,0,Loyal,10,0.22364146053894132,77.7
12409,78.0,7,23419.29,3345.612857142857,486.0,0,Loyal,10,0.22431762420752885,77.7
13579,14.0,5,1539.04,307.808,644.0,0,Champions,10,0.22406840514851595,77.7
16511,21.0,6,1819.02,303.17,626.0,0,Champions,10,0.2225112154237,77.8
17083,108.0,9,4049.79,449.9766666666667,559.0,1,At Risk (was loyal),10,0.22194533436792038,77.8
15050,24.0,5,4193.79,838.758,455.0,0,Champions,11,0.3335848836870094,77.8
15569,103.0,10,3586.35,358.635,545.0,1,At Risk (was loyal),10,0.21991114744466722,77.9
15623,140.0,8,2437.05,304.63125,588.0,1,At Risk (was loyal),10,0.22030459365847951,77.9
17646,218.0,12,4149.79,345.81583333333333,504.0,1,At Risk (was loyal),10,0.21974377652743032,77.9
13929,168.0,11,3494.1,317.6454545454545,525.0,1,At Risk (was loyal),10,0.2201968531340595,77.9
16774,67.0,8,1594.45,199.30625,593.0,0,Loyal,10,0.21967509731945523,77.9
16745,86.0,17,7194.3,423.1941176470588,225.0,0,Loyal,11,0.3318088953109922,77.9
13835,24.0,7,1095.27,156.46714285714285,620.0,0,Champions,10,0.21725295553602575,78.0
14625,195.0,11,4497.88,408.89818181818185,527.0,1,At Risk (was loyal),10,0.21737400376997,78.0
14306,50.0,6,3151.4,525.2333333333333,625.0,0,Loyal,10,0.21814784457611508,78.0
16430,56.0,7,1117.94,159.7057142857143,624.0,0,Loyal,10,0.2149584812858036,78.1
16177,49.0,8,2247.31,280.91375,596.0,0,Loyal,10,0.2163104492692859,78.1
14499,25.0,7,2138.97,305.5671428571428,443.0,0,Champions,11,0.3276141356294718,78.1
14421,56.0,6,2469.37,411.56166666666667,634.0,0,Loyal,10,0.21562068149418323,78.1
13705,7.0,7,2035.33,290.76142857142855,616.0,0,Champions,10,0.2166300713149174,78.1
17774,96.0,9,3328.05,369.78333333333336,572.0,1,At Risk (was loyal),10,0.2162457750610702,78.1
16755,113.0,7,2900.58,414.36857142857144,615.0,1,At Risk (was loyal),10,0.21456962593176962,78.2
15584,23.0,6,1277.5,212.91666666666666,646.0,0,Champions,10,0.21330308014573826,78.2
18178,128.0,11,6103.74,554.8854545454545,530.0,1,At Risk (was loyal),10,0.21302243576150087,78.2
12753,22.0,6,21429.39,3571.565,339.0,0,Champions,11,0.32507213763637155,78.2
16350,20.0,9,2253.89,250.4322222222222,406.0,0,Champions,11,0.3255392947094001,78.2
12853,134.0,11,3907.5,355.22727272727275,537.0,1,At Risk (was loyal),10,0.21281608905433388,78.2
17409,184.0,10,7793.51,779.351,543.0,1,At Risk (was loyal),10,0.21296082133098673,78.2
15022,11.0,5,1186.09,237.218,665.0,0,Champions,10,0.21388069003079271,78.2
15473,13.0,8,2046.0,255.75,430.0,0,Champions,11,0.3232286216421536,78.3
13804,30.0,9,3208.52,356.5022222222222,406.0,0,Loyal,11,0.32281876899148565,78.3
14548,150.0,9,2627.49,291.9433333333333,582.0,1,At Risk (was loyal),10,0.2122501313278131,78.3
14745,112.0,12,2571.81,214.3175,524.0,1,At Risk (was loyal),10,0.21097574535972474,78.3
12631,56.0,6,3481.57,580.2616666666667,635.0,0,Loyal,10,0.21140967279302272,78.3
15932,3.0,8,2495.87,311.98375,285.0,0,Champions,12,0.4330329084032781,78.3
13032,51.0,9,2843.55,315.95000000000005,408.0,0,Loyal,11,0.3224205618641889,78.3
16204,22.0,3,944.24,314.74666666666667,707.0,0,Champions,10,0.21204754012118615,78.3
13635,67.0,4,2999.16,749.79,671.0,0,Loyal,10,0.21035938570079063,78.4
14623,31.0,10,2059.58,205.958,569.0,0,Loyal,10,0.20952982865211625,78.4
17400,125.0,8,4677.05,584.63125,595.0,1,At Risk (was loyal),10,0.21068596604048553,78.4
16042,21.0,8,2265.12,283.14,431.0,0,Champions,11,0.32178613289037383,78.4
16960,38.0,8,2043.43,255.42875,608.0,0,Loyal,10,0.21021506293847939,78.4
17950,71.0,7,1432.81,204.68714285714285,631.0,0,Loyal,10,0.2101677773586556,78.4
12370,50.0,7,4320.31,617.1871428571429,617.0,0,Loyal,10,0.20923409460941664,78.4
13249,91.0,9,1608.93,178.77,592.0,1,Loyal,10,0.20899168841404137,78.4
18064,132.0,11,4495.03,408.6390909090909,543.0,1,At Risk (was loyal),10,0.2085704265299743,78.5
16551,95.0,7,2237.12,319.5885714285714,630.0,1,Loyal,10,0.20833209092678703,78.5
15002,115.0,9,4817.28,535.2533333333333,580.0,1,At Risk (was loyal),10,0.20860909984319012,78.5
18006,22.0,4,997.86,249.465,699.0,0,Champions,10,0.20651440548807348,78.6
16330,17.0,7,634.33,90.61857142857143,644.0,0,Champions,10,0.2054877399201554,78.6
16332,27.0,11,2010.41,182.76454545454547,561.0,0,Loyal,10,0.20293172748085775,78.7
15186,13.0,5,1403.2,280.64,682.0,0,Champions,10,0.20370184407479858,78.7
13417,4.0,6,1669.49,278.24833333333333,664.0,0,Champions,10,0.20218479879945306,78.8
17097,1.0,9,1340.45,148.9388888888889,428.0,0,Champions,11,0.31242336829555867,78.8
16366,18.0,4,1548.13,387.0325,704.0,0,Champions,10,0.2007889968262436,78.8
14321,10.0,7,2218.06,316.86571428571426,462.0,0,Champions,11,0.31371220362470326,78.8
14912,16.0,6,1889.25,314.875,665.0,0,Champions,10,0.20089482844826698,78.8
12584,3.0,9,2338.15,259.7944444444445,276.0,0,Champions,12,0.4249459716350641,78.8
15752,39.0,9,4207.54,467.50444444444446,417.0,0,Loyal,11,0.3121738847123452,78.8
14573,179.0,13,2621.42,201.64769230769232,520.0,1,At Risk (was loyal),10,0.20201987577254993,78.8
15134,14.0,10,1596.29,159.629,407.0,0,Champions,11,0.3120855632621035,78.8
12510,142.0,9,5178.02,575.3355555555556,592.0,1,At Risk (was loyal),10,0.20142047457647913,78.8
14555,56.0,6,2315.63,385.93833333333333,664.0,0,Loyal,10,0.19995013201009634,78.9
17609,40.0,11,1894.34,172.21272727272728,568.0,0,Loyal,10,0.19942145094801514,78.9
14016,161.0,11,11403.41,1036.6736363636364,538.0,1,At Risk (was loyal),10,0.20011199216787026,78.9
17624,14.0,4,1568.63,392.1575,704.0,0,Champions,10,0.2006761427983348,78.9
17289,31.0,9,2079.39,231.04333333333332,609.0,0,Loyal,10,0.1989331963426975,78.9
14480,10.0,4,1299.52,324.88,707.0,0,Champions,10,0.20057662159514927,78.9
15095,103.0,10,3141.64,314.164,584.0,1,At Risk (was loyal),10,0.19952515346314237,78.9
18016,31.0,7,1960.46,280.0657142857143,648.0,0,Loyal,10,0.19953724887788302,78.9
12428,25.0,9,7956.46,884.0511111111111,257.0,0,Champions,12,0.4223405712280043,78.9
13869,122.0,10,8111.57,811.1569999999999,567.0,1,At Risk (was loyal),10,0.1994715850042508,78.9
12721,31.0,8,4013.08,501.635,440.0,0,Loyal,11,0.3096834051635077,79.0
12586,16.0,4,2062.67,515.6675,706.0,0,Champions,10,0.1969297386621749,79.0
13662,85.0,11,2250.11,204.55545454545455,572.0,0,Loyal,10,0.19677424263835996,79.1
12854,78.0,7,2994.02,427.71714285714285,649.0,0,Loyal,10,0.19608405744486512,79.1
14295,39.0,5,2362.91,472.582,691.0,0,Loyal,10,0.19490485703764138,79.1
14984,18.0,6,1271.41,211.90166666666667,678.0,0,Champions,10,0.19621646080077712,79.1
15804,0.0,13,4206.39,323.5684615384616,198.0,0,Champions,12,0.4186503800983517,79.1
16456,98.0,13,6862.91,527.9161538461539,521.0,1,At Risk (was loyal),10,0.19624489254964048,79.1
14551,17.0,7,880.04,125.72,663.0,0,Champions,10,0.19479550547954902,79.1
12695,6.0,7,1407.12,201.01714285714283,658.0,0,Champions,10,0.19589598731890476,79.1
14609,71.0,10,1486.2,148.62,596.0,0,Loyal,10,0.19623873492993762,79.1
14167,38.0,8,1296.49,162.06125,641.0,0,Loyal,10,0.19454862996569117,79.2
12757,15.0,13,7857.1,604.3923076923077,195.0,0,Champions,12,0.4141576254455773,79.3
14913,35.0,8,4073.13,509.14125,449.0,0,Loyal,11,0.3032071144120438,79.3
15939,89.0,16,9060.39,566.274375,284.0,0,Loyal,11,0.3018955118455403,79.3
15164,68.0,9,2068.92,229.88,621.0,0,Loyal,10,0.19274730622296396,79.3
16440,7.0,6,3856.97,642.8283333333333,486.0,0,Champions,11,0.3025686660284009,79.3
18135,28.0,10,1249.62,124.96199999999999,605.0,0,Loyal,10,0.19203215926416142,79.3
17448,496.0,46,14556.97,316.45586956521737,147.0,1,At Risk (was loyal),9,0.08119922374076097,79.3
13268,17.0,11,3214.69,292.24454545454546,249.0,0,Champions,12,0.41213521675878384,79.4
18181,23.0,5,1205.94,241.18800000000002,710.0,0,Champions,10,0.18999614765501702,79.4
18252,50.0,7,1542.09,220.29857142857142,670.0,0,Loyal,10,0.1893905117966334,79.4
17931,133.0,14,3437.29,245.5207142857143,527.0,1,At Risk (was loyal),10,0.1869281996733913,79.5
15716,145.0,11,3056.81,277.89181818181817,586.0,1,At Risk (was loyal),10,0.18838177164440778,79.5
14644,67.0,7,2247.72,321.1028571428571,668.0,0,Loyal,10,0.1884641757417073,79.5
14711,9.0,11,2868.8,260.8,252.0,0,Champions,12,0.4105789643295467,79.5
17725,15.0,11,3439.08,312.64363636363635,250.0,0,Champions,12,0.41080132567751887,79.5
13952,217.0,14,12823.521,915.9657857142857,505.0,1,At Risk (was loyal),10,0.18804121555466943,79.5
16732,31.0,4,4387.64,1096.91,699.0,0,Loyal,10,0.18810399570872544,79.5
14004,42.0,11,6258.45,568.9499999999999,392.0,0,Loyal,11,0.29837823805808383,79.5
16496,8.0,6,2330.77,388.46166666666664,500.0,0,Champions,11,0.2998054564112651,79.5
16139,18.0,5,1111.15,222.23000000000002,717.0,0,Champions,10,0.18686611949058118,79.5
12599,28.0,13,2296.72,176.67076923076922,548.0,0,Loyal,10,0.18798276915335405,79.5
14396,64.0,7,2121.93,303.1328571428571,672.0,0,Loyal,10,0.1868041862605328,79.5
14204,1.0,4,1062.96,265.74,735.0,0,Champions,10,0.18746728159336806,79.5
13259,61.0,9,1433.38,159.26444444444445,637.0,0,Loyal,10,0.1859496038911869,79.6
17329,13.0,5,1004.43,200.886,721.0,0,Champions,10,0.18530673006949003,79.6
18236,29.0,12,1795.35,149.61249999999998,573.0,0,Loyal,10,0.18645403979803282,79.6
14828,196.0,13,9839.46,756.8815384615384,535.0,1,At Risk (was loyal),10,0.1855744242697319,79.6
14461,147.0,13,6713.5,516.4230769230769,542.0,1,At Risk (was loyal),10,0.18576717601007514,79.6
13427,18.0,6,1006.53,167.755,702.0,0,Champions,10,0.18493792711938986,79.6
16919,155.0,24,5125.91,213.57958333333332,320.0,1,At Risk (was loyal),10,0.18574601264366408,79.6
16442,1.0,5,899.47,179.894,725.0,0,Champions,10,0.18375037974391942,79.7
16569,2.0,5,1455.23,291.046,720.0,0,Champions,10,0.1839930291173329,79.7
14966,14.0,6,1115.84,185.97333333333333,709.0,0,Champions,10,0.1811476916455297,79.8
15114,29.0,12,3400.12,283.3433333333333,390.0,0,Loyal,11,0.2919079802467172,79.8
15980,88.0,7,6593.68,941.9542857142858,467.0,0,Loyal,11,0.2937023384192383,79.8
16563,53.0,6,4422.76,737.1266666666667,684.0,0,Loyal,10,0.18277359418921363,79.8
17411,11.0,5,1425.38,285.076,724.0,0,Champions,10,0.18214694246067792,79.8
15850,18.0,6,1058.72,176.45333333333335,707.0,0,Champions,10,0.1823074771575645,79.8
13748,95.0,9,2268.35,252.0388888888889,642.0,1,Loyal,10,0.18185473441805353,79.8
14177,85.0,13,2229.34,171.48769230769233,565.0,0,Loyal,10,0.1796840131819418,79.9
12835,427.0,41,6043.31,147.3978048780488,308.0,1,At Risk (was loyal),9,0.06826109256038483,79.9
13593,107.0,14,5523.69,394.5492857142857,538.0,1,At Risk (was loyal),10,0.17936332158161555,79.9
14001,45.0,9,4530.09,503.34333333333336,447.0,0,Loyal,11,0.2905497735682251,79.9
12408,32.0,8,4340.77,542.59625,465.0,0,Loyal,11,0.2913821929155787,79.9
17080,21.0,7,957.53,136.79,503.0,0,Champions,11,0.2900867228095906,79.9
16729,37.0,21,7239.92,344.7580952380952,203.0,0,Loyal,11,0.2900131593888685,79.9
17027,78.0,9,1327.11,147.45666666666665,651.0,0,Loyal,10,0.17929202029261102,79.9
14659,8.0,9,2529.93,281.1033333333333,306.0,0,Champions,12,0.4004619545855357,80.0
16531,21.0,11,2298.33,208.9390909090909,419.0,0,Champions,11,0.28813036564431915,80.0
13373,60.0,6,7587.19,1264.5316666666665,672.0,0,Loyal,10,0.17852401700399534,80.0
17082,32.0,6,4732.03,788.6716666666666,691.0,0,Loyal,10,0.17838612794069716,80.0
15197,10.0,6,1877.51,312.91833333333335,717.0,0,Champions,10,0.17490320458060057,80.1
16007,47.0,7,3075.14,439.30571428571426,495.0,0,Loyal,11,0.2877079861094525,80.1
15605,35.0,9,1936.8,215.2,658.0,0,Loyal,10,0.17478665870864699,80.1
13589,14.0,6,1120.74,186.79,719.0,0,Champions,10,0.17631085032803842,80.1
13092,70.0,12,2140.28,178.35666666666668,597.0,0,Loyal,10,0.17435521621165292,80.2
12955,0.0,11,4757.16,432.4690909090909,266.0,0,Champions,12,0.39501706406485504,80.2
17504,205.0,18,9565.12,531.3955555555556,463.0,1,At Risk (was loyal),10,0.17382272959124923,80.2
16593,50.0,8,1071.14,133.8925,684.0,0,Loyal,10,0.17385398253264522,80.2
17146,105.0,13,5860.24,450.7876923076923,570.0,1,At Risk (was loyal),10,0.17320192804186882,80.2
18001,11.0,6,953.84,158.97333333333333,725.0,0,Champions,10,0.17398266539274262,80.2
16209,88.0,9,4146.78,460.75333333333333,458.0,0,Loyal,11,0.2841715867884496,80.2
14662,28.0,7,1416.33,202.33285714285714,707.0,0,Loyal,10,0.17175147267177818,80.3
17921,63.0,10,2423.5,242.35,447.0,0,Loyal,11,0.282695629762581,80.3
12346,325.0,12,77556.46,6463.038333333334,400.0,1,At Risk (was loyal),10,0.1725565854172585,80.3
16233,70.0,9,1965.71,218.41222222222223,666.0,0,Loyal,10,0.17097537974964935,80.3
17230,263.0,18,9924.95,551.3861111111112,467.0,1,At Risk (was loyal),10,0.17171420872187912,80.3
13037,137.0,12,3914.95,326.24583333333334,597.0,1,At Risk (was loyal),10,0.17213191937534916,80.3
16477,63.0,11,4320.02,392.7290909090909,421.0,0,Loyal,11,0.2827048287946181,80.3
14524,31.0,13,2933.71,225.67000000000002,385.0,0,Loyal,11,0.2823785312234075,80.3
13895,27.0,6,4008.52,668.0866666666667,708.0,0,Loyal,10,0.17256097371872636,80.3
13614,23.0,6,2359.19,393.1983333333333,527.0,0,Champions,11,0.28140035608866987,80.4
14810,40.0,13,2537.02,195.1553846153846,388.0,0,Loyal,11,0.2810077269317101,80.4
16232,43.0,7,2712.97,387.5671428571428,506.0,0,Loyal,11,0.2816685467446577,80.4
15822,2.0,6,1840.06,306.6766666666667,729.0,0,Champions,10,0.16940087294725883,80.4
17812,12.0,7,1165.89,166.5557142857143,517.0,0,Champions,11,0.27995696759143396,80.4
12626,22.0,9,6620.48,735.6088888888888,303.0,0,Champions,12,0.3900992077518441,80.5
17966,37.0,10,1974.42,197.442,652.0,0,Loyal,10,0.1680602025969418,80.5
17180,55.0,11,2256.98,205.18,630.0,0,Loyal,10,0.16837817129887817,80.5
13509,8.0,8,1114.72,139.34,498.0,0,Champions,11,0.2792384578394745,80.5
16620,3.0,6,1758.93,293.15500000000003,734.0,0,Champions,10,0.16734572293425212,80.5
17155,17.0,7,892.46,127.49428571428572,719.0,0,Champions,10,0.1675185385867173,80.5
15356,30.0,13,3464.95,266.5346153846154,390.0,0,Loyal,11,0.27823328672662384,80.5
13208,58.0,9,1988.5,220.94444444444446,677.0,0,Loyal,10,0.16587350841011342,80.6
12435,79.0,6,13925.93,2320.9883333333332,657.0,0,Loyal,10,0.16609235644582515,80.6
15687,8.0,9,2993.1,332.56666666666666,321.0,0,Champions,12,0.3872616337284703,80.6
17652,24.0,12,4867.72,405.6433333333334,255.0,0,Champions,12,0.3880482038853934,80.6
12577,34.0,8,1653.75,206.71875,700.0,0,Loyal,10,0.16521420616040847,80.6
13727,28.0,8,1080.05,135.00625,701.0,0,Loyal,10,0.16596031506161174,80.6
16892,0.0,7,762.1,108.87142857142858,729.0,0,Champions,10,0.163305756860661,80.7
16768,47.0,9,1708.12,189.7911111111111,684.0,0,Loyal,10,0.16321401150508424,80.7
12374,24.0,4,2989.22,747.305,563.0,0,Champions,11,0.2753470062095413,80.7
17937,8.0,7,4301.22,614.46,353.0,0,Champions,12,0.3865069310975699,80.7
13884,6.0,10,1888.48,188.848,462.0,0,Champions,11,0.2740135198678285,80.7
15812,106.0,12,5201.47,433.4558333333334,617.0,1,At Risk (was loyal),10,0.16144147704939907,80.8
14738,42.0,9,1821.9,202.43333333333334,689.0,0,Loyal,10,0.16078348470610856,80.8
14915,90.0,11,1811.25,164.6590909090909,645.0,0,Loyal,10,0.1621902960434692,80.8
14502,19.0,11,2470.67,224.60636363636365,293.0,0,Champions,12,0.37935087048788535,81.0
14553,18.0,9,1841.54,204.61555555555555,490.0,0,Champions,11,0.2691400681441335,81.0
16668,14.0,13,862.42,66.34,615.0,0,Champions,10,0.15814202547633766,81.0
15641,104.0,12,5345.55,445.46250000000003,627.0,1,At Risk (was loyal),10,0.15687711407905114,81.0
14867,185.0,16,2952.06,184.50375,548.0,1,At Risk (was loyal),10,0.158215274928007,81.0
15808,305.0,21,18409.93,876.6633333333333,431.0,1,At Risk (was loyal),10,0.1569943785660696,81.0
14861,51.0,10,1380.73,138.073,679.0,0,Loyal,10,0.1569079565135236,81.0
18177,30.0,9,2216.87,246.31888888888886,692.0,0,Loyal,10,0.15877084294092017,81.0
14618,8.0,7,1342.32,191.76,537.0,0,Champions,11,0.26629052280267773,81.1
16266,73.0,14,1757.95,125.56785714285715,599.0,0,Loyal,10,0.1551222518036582,81.1
12724,4.0,7,2317.52,331.07428571428574,530.0,0,Champions,11,0.2673781541313009,81.1
15811,21.0,7,3890.52,555.7885714285715,365.0,0,Champions,12,0.37892947692260914,81.1
14665,60.0,7,2749.65,392.8071428571429,531.0,0,Loyal,11,0.2652269331548215,81.2
18287,42.0,7,4182.99,597.5699999999999,528.0,0,Loyal,11,0.26216504050052913,81.3
18168,175.0,16,3770.27,235.641875,560.0,1,At Risk (was loyal),10,0.15244817321671253,81.3
17744,3.0,7,2649.14,378.4485714285714,377.0,0,Champions,12,0.37488426534888974,81.3
17386,7.0,7,2812.77,401.82428571428574,377.0,0,Champions,12,0.3741989873776887,81.3
16754,371.0,29,67502.47,2327.671379310345,269.0,1,At Risk (was loyal),10,0.15025083525327074,81.4
14409,70.0,9,3756.09,417.34333333333336,496.0,0,Loyal,11,0.2604554411634665,81.4
18210,1.0,7,2768.83,395.54714285714283,381.0,0,Champions,12,0.37131060223872026,81.4
12349,18.0,4,4428.69,1107.1725,570.0,0,Champions,11,0.26114106030308826,81.4
17457,126.0,14,5984.81,427.4864285714286,605.0,1,At Risk (was loyal),10,0.14881316879190581,81.4
14312,46.0,11,3090.29,280.93545454545455,457.0,0,Loyal,11,0.2616999485121066,81.4
16678,2.0,12,3109.99,259.1658333333333,280.0,0,Champions,12,0.37232171109966083,81.4
16040,64.0,7,2416.9,345.2714285714286,544.0,0,Loyal,11,0.25812637916268116,81.5
17470,44.0,11,2804.87,254.9881818181818,463.0,0,Loyal,11,0.25845153683427374,81.5
14794,2.0,10,1953.9,195.39000000000001,484.0,0,Champions,11,0.25973255512217186,81.5
17235,24.0,8,1904.88,238.11,527.0,0,Champions,11,0.2581774047675264,81.5
13643,30.0,10,2156.77,215.677,700.0,0,Loyal,10,0.14689438399278412,81.5
15033,4.0,10,2586.67,258.66700000000003,324.0,0,Champions,12,0.370763420159508,81.5
15885,92.0,15,1951.82,130.12133333333333,594.0,1,Loyal,10,0.1482469663896694,81.5
13297,7.0,7,4368.62,624.0885714285714,534.0,0,Champions,11,0.2577352020464384,81.6
16515,51.0,10,3216.3,321.63,488.0,0,Loyal,11,0.25449746123157097,81.7
14344,126.0,20,3333.7,166.685,498.0,1,At Risk (was loyal),10,0.14395274360229357,81.7
18036,31.0,11,1563.64,142.14909090909092,689.0,0,Loyal,10,0.143797796937246,81.7
18093,92.0,8,4452.71,556.58875,525.0,1,Loyal,11,0.2520962640445183,81.8
17031,11.0,6,2773.85,462.30833333333334,569.0,0,Champions,11,0.2526713958107768,81.8
16027,91.0,15,2048.36,136.55733333333333,608.0,1,Loyal,10,0.14246057216993877,81.8
17460,93.0,16,2228.27,139.266875,592.0,1,Loyal,10,0.14038678426178763,81.9
14096,3.0,17,65164.79,3833.2229411764706,97.0,0,Champions,12,0.3615442799297339,81.9
16316,63.0,13,5744.91,441.91615384615386,428.0,0,Loyal,11,0.25053423538991565,81.9
17002,85.0,7,2571.55,367.36428571428576,555.0,0,Loyal,11,0.25074795339829226,81.9
17396,38.0,14,8807.1,629.0785714285714,402.0,0,Loyal,11,0.25036673117248825,81.9
15187,1.0,16,4777.18,298.57375,210.0,0,Champions,12,0.36090556105416294,82.0
14776,50.0,15,3708.3,247.22,395.0,0,Loyal,11,0.24868940315182275,82.0
15062,70.0,8,2585.62,323.2025,539.0,0,Loyal,11,0.24876945471538697,82.0
14210,105.0,16,5861.52,366.345,597.0,1,At Risk (was loyal),10,0.13602869206782137,82.1
14045,108.0,16,11313.03,707.064375,591.0,1,At Risk (was loyal),10,0.13479320187917884,82.1
13384,30.0,11,6680.83,607.3481818181818,469.0,0,Loyal,11,0.24747072135370027,82.1
15281,58.0,16,8543.57,533.973125,368.0,0,Loyal,11,0.24762072692117082,82.1
16883,186.0,19,2396.59,126.1363157894737,548.0,1,At Risk (was loyal),10,0.1329992590512874,82.2
17351,35.0,12,1988.23,165.68583333333333,693.0,0,Loyal,10,0.13364809156063584,82.2
15215,46.0,7,2422.43,346.06142857142856,566.0,0,Loyal,11,0.24451299673868115,82.2
15814,16.0,6,2634.44,439.0733333333333,586.0,0,Champions,11,0.24282463664070894,82.3
13742,16.0,12,3131.02,260.91833333333335,303.0,0,Champions,12,0.35480051135816887,82.3
14916,70.0,8,3042.95,380.36875,546.0,0,Loyal,11,0.2432206267291577,82.3
13802,138.0,19,26259.11,1382.0584210526315,523.0,1,At Risk (was loyal),10,0.1313679709141373,82.3
14498,42.0,10,3911.27,391.127,507.0,0,Loyal,11,0.2413972304395513,82.4
13862,17.0,9,2556.09,284.01,371.0,0,Champions,12,0.35037458047297965,82.5
13162,121.0,16,9275.49,579.718125,613.0,1,At Risk (was loyal),10,0.12784128895002908,82.5
13984,26.0,12,2048.6,170.71666666666667,706.0,0,Loyal,10,0.12872138974636085,82.5
14673,2.0,7,3410.81,487.25857142857143,406.0,0,Champions,12,0.3497370033881112,82.5
15366,74.0,7,2389.08,341.29714285714283,576.0,0,Loyal,11,0.23860443425766462,82.5
15199,58.0,10,3122.4,312.24,516.0,0,Loyal,11,0.23763659473271997,82.6
14978,71.0,10,3142.14,314.214,518.0,0,Loyal,11,0.2364081800608776,82.6
15410,83.0,10,4685.72,468.572,515.0,0,Loyal,11,0.23504018978080823,82.7
14857,59.0,7,3651.851,521.693,574.0,0,Loyal,11,0.2357088511983656,82.7
14901,10.0,12,2289.65,190.80416666666667,487.0,0,Champions,11,0.2323572863185753,82.8
13939,22.0,7,1560.96,222.99428571428572,589.0,0,Champions,11,0.23357319785390163,82.8
15253,15.0,8,2055.09,256.88625,570.0,0,Champions,11,0.23165608103890828,82.9
13285,22.0,6,3364.59,560.765,600.0,0,Champions,11,0.23165983349706967,82.9
17969,165.0,20,2369.94,118.497,566.0,1,At Risk (was loyal),10,0.11891919798403168,82.9
13027,113.0,19,17335.2,912.3789473684211,574.0,1,At Risk (was loyal),10,0.11707625607473568,83.0
14145,46.0,7,7600.05,1085.7214285714285,564.0,0,Loyal,11,0.2289786807832566,83.0
12637,66.0,12,8340.31,695.0258333333333,476.0,0,Loyal,11,0.22937575349978984,83.0
14235,74.0,9,4717.99,524.2211111111111,544.0,0,Loyal,11,0.2290319469816458,83.0
17924,11.0,8,3536.7,442.0875,402.0,0,Champions,12,0.33859407909728034,83.1
17613,22.0,14,4559.15,325.6535714285714,282.0,0,Champions,12,0.33780700703274535,83.1
13213,56.0,11,3851.52,350.1381818181818,511.0,0,Loyal,11,0.2275716739672965,83.1
14233,48.0,7,2904.27,414.8957142857143,594.0,0,Loyal,11,0.22641207597546764,83.1
12494,15.0,9,1872.87,208.09666666666666,560.0,0,Champions,11,0.22629808465031218,83.1
18188,14.0,6,3280.59,546.765,608.0,0,Champions,11,0.22733297178426362,83.1
17827,4.0,6,2388.05,398.0083333333334,616.0,0,Champions,11,0.22609484810854896,83.1
15392,4.0,7,2911.62,415.94571428571425,426.0,0,Champions,12,0.33693851788907514,83.2
16153,49.0,11,5133.49,466.6809090909091,512.0,0,Loyal,11,0.2247735558012757,83.2
14805,14.0,7,1104.64,157.8057142857143,606.0,0,Champions,11,0.2251456597926073,83.2
14800,47.0,17,7774.32,457.3129411764706,387.0,0,Loyal,11,0.22529953630925043,83.2
16383,74.0,7,2974.84,424.9771428571429,598.0,0,Loyal,11,0.22389971910357248,83.2
14147,77.0,9,2590.2,287.79999999999995,562.0,0,Loyal,11,0.2235262357327987,83.3
16833,0.0,6,2409.04,401.50666666666666,621.0,0,Champions,11,0.22315562365128458,83.3
18087,97.0,17,14761.52,868.324705882353,640.0,1,At Risk (was loyal),10,0.10900482316689115,83.4
15123,6.0,5,4656.17,931.234,626.0,0,Champions,11,0.2199366219677056,83.4
17988,11.0,14,489.54,34.96714285714286,720.0,0,Champions,10,0.11069503542723644,83.4
12347,1.0,8,5633.32,704.165,402.0,0,Champions,12,0.3315229692090044,83.4
16550,108.0,18,9435.13,524.1738888888889,628.0,1,At Risk (was loyal),10,0.10907906895262284,83.4
12997,21.0,8,2110.91,263.86375,590.0,0,Champions,11,0.22002432117615994,83.4
14449,18.0,8,2482.8,310.35,417.0,0,Champions,12,0.33117320759516616,83.4
16059,65.0,12,3217.77,268.1475,503.0,0,Loyal,11,0.22171101014164413,83.4
15081,21.0,12,1965.72,163.81,513.0,0,Champions,11,0.217955675747293,83.5
15301,50.0,17,7603.44,447.2611764705882,399.0,0,Loyal,11,0.21863971945840927,83.5
14175,59.0,8,7678.88,959.86,568.0,0,Loyal,11,0.21796783728805522,83.5
13196,10.0,7,3068.84,438.4057142857143,606.0,0,Champions,11,0.21907886779402824,83.5
14696,3.0,8,2767.9,345.9875,417.0,0,Champions,12,0.3302179402588687,83.5
16628,29.0,7,2318.1,331.15714285714284,612.0,0,Loyal,11,0.2180050812476944,83.5
17867,29.0,15,1621.28,108.08533333333334,707.0,0,Loyal,10,0.10740237536796392,83.5
13851,95.0,8,4606.46,575.8075,584.0,1,Loyal,11,0.21693904787523502,83.6
14315,44.0,8,3197.82,399.7275,589.0,0,Loyal,11,0.21777265535471352,83.6
15810,78.0,8,2999.04,374.88,594.0,0,Loyal,11,0.21549612283421768,83.7
14844,63.0,10,6702.43,670.243,542.0,0,Loyal,11,0.21559021614735727,83.7
16809,22.0,9,1727.43,191.93666666666667,582.0,0,Champions,11,0.21421426684090933,83.7
12980,157.0,21,16245.78,773.6085714285715,579.0,1,At Risk (was loyal),10,0.10341519476032708,83.7
12928,34.0,12,4304.89,358.74083333333334,514.0,0,Loyal,11,0.21393541337665617,83.7
13431,66.0,8,3316.24,414.53,592.0,0,Loyal,11,0.2157951245847131,83.7
16532,17.0,5,8756.64,1751.328,603.0,0,Champions,11,0.21420987563255292,83.7
17135,15.0,10,1954.16,195.416,563.0,0,Champions,11,0.21301252034298565,83.8
18260,172.0,23,9962.11,433.13521739130437,551.0,1,At Risk (was loyal),10,0.10147935600909042,83.8
12838,33.0,10,3398.48,339.848,559.0,0,Loyal,11,0.21247882844063676,83.8
12778,19.0,9,1775.68,197.29777777777778,583.0,0,Champions,11,0.21355643789826795,83.8
15673,87.0,9,6414.79,712.7544444444444,567.0,0,Loyal,11,0.2122514157260346,83.8
17894,71.0,18,2453.38,136.29888888888888,397.0,0,Loyal,11,0.2124744361656848,83.8
13082,125.0,21,7335.75,349.32142857142856,591.0,1,At Risk (was loyal),10,0.1024644624713862,83.8
15416,64.0,7,4572.82,653.26,611.0,0,Loyal,11,0.21175922448047746,83.9
12391,21.0,6,2773.42,462.2366666666667,641.0,0,Champions,11,0.2106666522317732,83.9
17655,10.0,9,3652.48,405.8311111111111,406.0,0,Champions,12,0.3215576232824387,83.9
14035,28.0,9,2856.72,317.4133333333333,583.0,0,Loyal,11,0.21120424924339626,83.9
16984,87.0,9,10754.8,1194.9777777777776,553.0,0,Loyal,11,0.2105066548565767,83.9
12530,59.0,9,3759.26,417.6955555555556,582.0,0,Loyal,11,0.20979907162905923,84.0
12360,51.0,8,4252.89,531.61125,603.0,0,Loyal,11,0.20740270644881187,84.1
14397,2.0,19,2612.96,137.52421052631578,210.0,0,Champions,12,0.3174952520373964,84.1
13838,5.0,10,1966.09,196.60899999999998,573.0,0,Champions,11,0.20753566980404467,84.1
17667,65.0,9,3950.7,438.96666666666664,588.0,0,Loyal,11,0.2061425477351612,84.1
13198,9.0,8,4974.23,621.77875,424.0,0,Champions,12,0.3178666697742988,84.1
14583,5.0,8,1781.03,222.62875,615.0,0,Champions,11,0.207074457146872,84.1
13118,19.0,9,2415.41,268.37888888888887,419.0,0,Champions,12,0.3157800100088107,84.2
15306,63.0,9,3484.73,387.1922222222222,594.0,0,Loyal,11,0.20391810675733402,84.2
15227,36.0,9,2488.49,276.49888888888887,597.0,0,Loyal,11,0.20442253422197695,84.2
16182,71.0,9,9971.65,1107.961111111111,568.0,0,Loyal,11,0.20408446230124128,84.2
14257,63.0,9,5954.45,661.6055555555555,584.0,0,Loyal,11,0.20403541223015847,84.2
16915,8.0,11,1543.18,140.2890909090909,560.0,0,Champions,11,0.20421491759800742,84.2
12909,39.0,8,3103.19,387.89875,614.0,0,Loyal,11,0.2043408766187549,84.2
13771,63.0,9,5728.82,636.5355555555556,588.0,0,Loyal,11,0.20238319317853165,84.3
14837,89.0,9,3460.32,384.48,595.0,0,Loyal,11,0.20343683460011552,84.3
13015,52.0,11,6586.42,598.7654545454545,549.0,0,Loyal,11,0.20197494803155017,84.3
17883,2.0,7,995.85,142.2642857142857,648.0,0,Champions,11,0.2023058958675992,84.3
17591,72.0,8,2776.67,347.08375,617.0,0,Loyal,11,0.20354350242094457,84.3
14367,7.0,16,9261.52,578.845,267.0,0,Champions,12,0.3135525576170814,84.3
15549,76.0,8,2345.96,293.245,620.0,0,Loyal,11,0.20300351626325208,84.3
13562,81.0,8,4838.18,604.7725,612.0,0,Loyal,11,0.20115737287204621,84.4
16455,63.0,11,4384.37,398.5790909090909,556.0,0,Loyal,11,0.20178583151299445,84.4
13772,33.0,8,3114.22,389.2775,620.0,0,Loyal,11,0.2011283419124584,84.4
17288,8.0,11,2499.98,227.2709090909091,385.0,0,Champions,12,0.31113967369071965,84.4
13157,48.0,9,5687.36,631.9288888888889,592.0,0,Loyal,11,0.200356888122099,84.4
16081,55.0,8,4460.18,557.5225,618.0,0,Loyal,11,0.19891922191366665,84.5
17669,42.0,10,6142.35,614.235,574.0,0,Loyal,11,0.19935428439299643,84.5
14535,59.0,9,6030.73,670.0811111111111,593.0,0,Loyal,11,0.1991179079326688,84.5
13750,53.0,11,3602.18,327.47090909090906,563.0,0,Loyal,11,0.19934182811909737,84.5
15754,50.0,9,3037.61,337.51222222222225,604.0,0,Loyal,11,0.1995649615999845,84.5
13139,15.0,8,8202.98,1025.3725,421.0,0,Champions,12,0.3094661327859233,84.5
15819,48.0,10,3934.79,393.479,582.0,0,Loyal,11,0.1991428028669253,84.5
13131,22.0,7,3313.77,473.3957142857143,645.0,0,Champions,11,0.19725680679618351,84.6
17705,2.0,11,2083.9,189.44545454545457,573.0,0,Champions,11,0.19651550309949023,84.6
18242,71.0,8,3605.21,450.65125,625.0,0,Loyal,11,0.19732245886826819,84.6
12993,22.0,8,1259.63,157.45375,636.0,0,Champions,11,0.19722351229017887,84.6
13421,39.0,8,4103.12,512.89,622.0,0,Loyal,11,0.19768968430747644,84.6
18231,191.0,28,6880.97,245.7489285714286,506.0,1,At Risk (was loyal),10,0.08576293502377935,84.6
17672,49.0,7,5778.63,825.5185714285715,631.0,0,Loyal,11,0.1975613000950504,84.6
16626,0.0,17,4413.1,259.59411764705885,265.0,0,Champions,12,0.30628676445039527,84.7
15027,30.0,10,3195.6,319.56,593.0,0,Loyal,11,0.194749710166263,84.7
12766,3.0,9,10068.28,1118.697777777778,403.0,0,Champions,12,0.30571618148531604,84.7
17006,4.0,8,1636.32,204.54,639.0,0,Champions,11,0.1947720507339545,84.7
16218,29.0,13,4439.97,341.53615384615387,531.0,0,Loyal,11,0.19404015811655503,84.7
17629,5.0,10,2455.52,245.552,415.0,0,Champions,12,0.3044115291351434,84.8
12645,33.0,8,3539.3,442.4125,635.0,0,Loyal,11,0.19232639973422244,84.8
14639,51.0,9,4978.96,553.2177777777778,609.0,0,Loyal,11,0.19299084928490726,84.8
12562,7.0,9,4966.92,551.88,427.0,0,Champions,12,0.30307413827237634,84.8
13848,91.0,8,3335.0,416.875,637.0,1,Loyal,11,0.19178689271305155,84.9
16016,2.0,11,2533.94,230.35818181818183,399.0,0,Champions,12,0.30129887824014856,84.9
12670,9.0,7,3760.29,537.1842857142857,656.0,0,Champions,11,0.1903644448512495,84.9
15529,22.0,12,5111.95,425.99583333333334,371.0,0,Champions,12,0.30180922685679185,84.9
17350,7.0,7,1906.041,272.29157142857144,668.0,0,Champions,11,0.18940019784833037,85.0
15561,11.0,8,1934.39,241.79875,651.0,0,Champions,11,0.1879745060094465,85.0
15241,66.0,11,3050.16,277.2872727272727,587.0,0,Loyal,11,0.18789011322476487,85.0
16416,26.0,9,2972.88,330.32,628.0,0,Loyal,11,0.18739768182354946,85.1
16571,26.0,10,4248.74,424.87399999999997,605.0,0,Loyal,11,0.1868271804183361,85.1
17567,6.0,9,5356.03,595.1144444444444,434.0,0,Champions,12,0.29718128317899545,85.1
15493,32.0,9,4314.98,479.4422222222222,622.0,0,Loyal,11,0.18774071656701383,85.1
15351,11.0,10,3738.29,373.829,420.0,0,Champions,12,0.2979034741343812,85.1
12406,21.0,5,6390.36,1278.072,675.0,0,Champions,11,0.18645750263112953,85.1
13979,72.0,7,3416.23,488.03285714285715,663.0,0,Loyal,11,0.18778207767533658,85.1
17552,59.0,12,3085.29,257.1075,567.0,0,Loyal,11,0.18773554018431035,85.1
16208,44.0,10,3440.45,344.04499999999996,608.0,0,Loyal,11,0.18671812633671986,85.1
17050,95.0,11,4691.79,426.5263636363636,585.0,1,Loyal,11,0.18641492804177348,85.1
16660,15.0,7,1879.55,268.50714285714287,678.0,0,Champions,11,0.1844797310942135,85.2
14936,33.0,12,12410.81,1034.2341666666666,549.0,0,Loyal,11,0.18433726804059436,85.2
13094,20.0,13,2433.12,187.16307692307691,367.0,0,Champions,12,0.2953206911636194,85.2
16979,3.0,9,2859.74,317.74888888888887,446.0,0,Champions,12,0.2957324639839643,85.2
14522,23.0,8,1758.62,219.8275,659.0,0,Champions,11,0.18439605524260466,85.2
16400,94.0,9,3159.44,351.0488888888889,636.0,1,Loyal,11,0.1830656377412946,85.3
15906,19.0,10,2555.64,255.564,431.0,0,Champions,12,0.29316405212070495,85.3
13397,72.0,10,3191.87,319.187,616.0,0,Loyal,11,0.1831804834488191,85.3
17584,6.0,6,5309.42,884.9033333333333,676.0,0,Champions,11,0.18384983133919688,85.3
14748,28.0,10,3152.32,315.232,616.0,0,Loyal,11,0.1832473828385129,85.3
12726,27.0,11,4014.6,364.96363636363634,595.0,0,Loyal,11,0.18248320154458797,85.3
13107,43.0,9,5253.07,583.6744444444444,629.0,0,Loyal,11,0.18243240812823247,85.3
18171,58.0,9,2437.31,270.8122222222222,644.0,0,Loyal,11,0.18055392603015757,85.4
14477,19.0,7,1969.6,281.37142857142857,684.0,0,Champions,11,0.18129395048817568,85.4
12609,77.0,9,3435.86,381.76222222222225,641.0,0,Loyal,11,0.18009062657939337,85.4
13473,60.0,8,2657.76,332.22,663.0,0,Loyal,11,0.18040683553433454,85.4
15260,99.0,25,9188.23,367.5292,633.0,1,At Risk (was loyal),10,0.07022742028888793,85.4
15494,20.0,5,3780.05,756.01,707.0,0,Champions,11,0.18112227588867486,85.4
14715,24.0,8,1840.45,230.05625,664.0,0,Champions,11,0.18175447115669002,85.4
13104,2.0,9,1709.1,189.89999999999998,649.0,0,Champions,11,0.17952768787965565,85.5
14595,19.0,8,2164.45,270.55625,668.0,0,Champions,11,0.17908636447520612,85.5
12744,51.0,11,25317.06,2301.550909090909,539.0,0,Loyal,11,0.1784699466131501,85.5
14101,73.0,13,9961.93,766.3023076923077,547.0,0,Loyal,11,0.17955055731635305,85.5
15288,42.0,10,3883.13,388.313,622.0,0,Loyal,11,0.17909828669139802,85.5
14820,20.0,9,1274.76,141.64,656.0,0,Champions,11,0.1769871711789842,85.6
15157,3.0,5,2654.11,530.822,725.0,0,Champions,11,0.1768421270043638,85.6
17623,32.0,7,2383.67,340.5242857142857,692.0,0,Loyal,11,0.17634836411075225,85.6
16005,11.0,10,2436.22,243.62199999999999,438.0,0,Champions,12,0.2886992170909546,85.6
17679,52.0,7,3577.61,511.08714285714285,683.0,0,Loyal,11,0.17754529346307857,85.6
16253,66.0,7,7310.15,1044.3071428571427,664.0,0,Loyal,11,0.17691578528940904,85.6
12589,28.0,8,4695.66,586.9575,660.0,0,Loyal,11,0.17732319034706692,85.6
16950,56.0,10,3784.37,378.437,627.0,0,Loyal,11,0.17685876313556748,85.6
14704,10.0,11,1813.57,164.87,612.0,0,Champions,11,0.1774609772142134,85.6
13455,24.0,6,2905.93,484.32166666666666,706.0,0,Champions,11,0.17693150471880903,85.6
15722,35.0,11,5258.1,478.00909090909096,604.0,0,Loyal,11,0.17631757666539769,85.6
17870,1.0,13,3108.15,239.08846153846156,379.0,0,Champions,12,0.28611272367915996,85.7
14854,77.0,11,4322.86,392.9872727272727,608.0,0,Loyal,11,0.17575595019267828,85.7
13982,38.0,9,4445.59,493.95444444444445,649.0,0,Loyal,11,0.1743442147847652,85.7
13316,36.0,10,13191.57,1319.157,602.0,0,Loyal,11,0.17336134384362453,85.8
17085,122.0,28,7891.41,281.8360714285714,610.0,1,At Risk (was loyal),10,0.06241043418430577,85.8
14869,8.0,6,2804.24,467.3733333333333,715.0,0,Champions,11,0.1729803269947065,85.8
16308,37.0,7,5120.0,731.4285714285714,686.0,0,Loyal,11,0.17214568587636417,85.8
13450,26.0,13,4120.04,316.92615384615385,576.0,0,Loyal,11,0.1723160476711944,85.8
16553,162.0,33,16644.01,504.36393939393935,502.0,1,At Risk (was loyal),10,0.06277521130227064,85.8
15841,72.0,9,2742.41,304.7122222222222,657.0,0,Loyal,11,0.17375139290734326,85.8
17059,29.0,9,5602.53,622.5033333333333,652.0,0,Loyal,11,0.17078840153173444,85.9
14970,67.0,12,4919.35,409.9458333333334,595.0,0,Loyal,11,0.17181640592071545,85.9
17863,58.0,12,5745.2,478.76666666666665,593.0,0,Loyal,11,0.17172337098545606,85.9
16554,41.0,8,2841.72,355.215,682.0,0,Loyal,11,0.1709669643104387,85.9
12358,1.0,5,3887.07,777.414,730.0,0,Champions,11,0.16978325028467514,86.0
13014,10.0,11,5381.08,489.1890909090909,422.0,0,Champions,12,0.27991509099332046,86.0
16190,39.0,8,2723.55,340.44375,685.0,0,Loyal,11,0.16982681161452548,86.0
13824,32.0,12,3314.76,276.23,604.0,0,Loyal,11,0.16961806470471133,86.0
18170,32.0,9,2878.0,319.77777777777777,667.0,0,Loyal,11,0.16883843413520014,86.0
16265,8.0,12,6935.17,577.9308333333333,398.0,0,Champions,12,0.2802273217915361,86.0
15299,66.0,10,7991.54,799.154,629.0,0,Loyal,11,0.16911657445512973,86.0
13611,88.0,10,3319.53,331.95300000000003,647.0,0,Loyal,11,0.16823080577090802,86.0
16743,28.0,14,4253.26,303.80428571428575,566.0,0,Loyal,11,0.16744432218024044,86.1
13823,18.0,7,3403.45,486.20714285714286,705.0,0,Champions,11,0.16767159867153397,86.1
15255,66.0,9,3729.42,414.38,670.0,0,Loyal,11,0.16592167937048016,86.1
16104,61.0,9,2778.61,308.7344444444445,671.0,0,Loyal,11,0.1671825252023452,86.1
17659,16.0,14,3834.79,273.9135714285714,368.0,0,Champions,12,0.27877176707919277,86.1
17802,81.0,10,5053.12,505.312,644.0,0,Loyal,11,0.16687215101198805,86.1
14577,12.0,7,1374.25,196.32142857142858,716.0,0,Champions,11,0.1676917075714705,86.1
14307,88.0,10,5071.03,507.10299999999995,643.0,0,Loyal,11,0.16730111863014396,86.1
15321,70.0,12,6709.73,559.1441666666666,603.0,0,Loyal,11,0.1659306101104176,86.1
17092,49.0,11,5594.96,508.63272727272727,625.0,0,Loyal,11,0.16605934378176707,86.1
14514,60.0,9,4598.98,510.99777777777774,665.0,0,Loyal,11,0.16663048094986266,86.1
16712,8.0,13,4266.99,328.22999999999996,391.0,0,Champions,12,0.2763272354503534,86.2
16940,51.0,8,6427.66,803.4575,679.0,0,Loyal,11,0.1647612535752847,86.2
16983,12.0,11,3710.22,337.29272727272723,433.0,0,Champions,12,0.2759862639495632,86.2
17043,31.0,8,2616.55,327.06875,698.0,0,Loyal,11,0.164113055767284,86.2
13813,39.0,8,2765.47,345.68375,694.0,0,Loyal,11,0.1656116993602137,86.2
17797,21.0,8,1985.87,248.23375,701.0,0,Champions,11,0.16407094426492427,86.2
12759,51.0,8,5020.74,627.5925,683.0,0,Loyal,11,0.16588714216521674,86.2
14044,26.0,10,3123.1,312.31,657.0,0,Loyal,11,0.16398853509358705,86.2
17631,1.0,7,998.49,142.64142857142858,728.0,0,Champions,11,0.16317718851396035,86.3
14198,17.0,9,1569.73,174.41444444444446,685.0,0,Champions,11,0.16301134567269449,86.3
12455,72.0,10,5879.95,587.995,648.0,0,Loyal,11,0.16376949899105264,86.3
12553,7.0,12,4608.75,384.0625,415.0,0,Champions,12,0.2731245612251821,86.3
12933,23.0,8,1687.03,210.87875,704.0,0,Champions,11,0.16334116708690608,86.3
14868,2.0,12,4184.01,348.6675,416.0,0,Champions,12,0.2732100001876518,86.3
16875,66.0,11,4234.53,384.9572727272727,636.0,0,Loyal,11,0.1629460321446225,86.3
16560,26.0,8,3048.38,381.0475,704.0,0,Loyal,11,0.16054430080102608,86.4
18257,38.0,12,4600.15,383.3458333333333,619.0,0,Loyal,11,0.16126421468770022,86.4
13477,37.0,11,2834.17,257.6518181818182,646.0,0,Loyal,11,0.16037487205943385,86.4
15950,31.0,10,7180.71,718.071,650.0,0,Loyal,11,0.16087703308097623,86.4
17236,12.0,12,1929.26,160.77166666666668,629.0,0,Champions,11,0.15998524434200193,86.4
14676,30.0,12,8356.79,696.3991666666667,608.0,0,Loyal,11,0.16170756503063163,86.4
15485,29.0,7,5771.51,824.5014285714286,707.0,0,Loyal,11,0.1609570625751059,86.4
13736,4.0,7,2766.21,395.17285714285714,728.0,0,Champions,11,0.15890768146865,86.5
16986,29.0,11,4888.75,444.4318181818182,643.0,0,Loyal,11,0.1589654701490368,86.5
17905,70.0,13,2383.52,183.3476923076923,608.0,0,Loyal,11,0.15963675593437057,86.5
16119,7.0,8,1720.81,215.10125,715.0,0,Champions,11,0.1583949141130499,86.5
13695,30.0,16,2770.73,173.170625,546.0,0,Loyal,11,0.15922691030892114,86.5
12423,0.0,10,2622.39,262.239,465.0,0,Champions,12,0.2704177695722307,86.5
16767,30.0,15,8073.8,538.2533333333333,559.0,0,Loyal,11,0.15824487057042547,86.5
15484,0.0,6,4656.0,776.0,732.0,0,Champions,11,0.1597136664478674,86.5
17388,77.0,11,2691.57,244.68818181818185,651.0,0,Loyal,11,0.1583638589797458,86.5
13931,95.0,11,5257.38,477.94363636363636,640.0,1,Loyal,11,0.1597963625617019,86.5
14882,26.0,14,3628.15,259.1535714285714,592.0,0,Loyal,11,0.15644403888433947,86.6
17838,26.0,13,6722.9,517.1461538461538,604.0,0,Loyal,11,0.1568992045880307,86.6
13329,31.0,8,5112.97,639.12125,703.0,0,Loyal,11,0.15681055050742723,86.6
15421,58.0,10,3805.34,380.534,673.0,0,Loyal,11,0.15589235704523313,86.6
17930,35.0,13,4275.22,328.86307692307696,609.0,0,Loyal,11,0.1572406085978785,86.6
14451,59.0,12,3308.77,275.73083333333335,631.0,0,Loyal,11,0.15749660383379754,86.6
13538,42.0,12,3112.73,259.39416666666665,632.0,0,Loyal,11,0.1572883802158607,86.6
17193,35.0,9,2310.04,256.6711111111111,702.0,0,Loyal,11,0.15427439767613602,86.7
16086,58.0,10,2864.99,286.49899999999997,677.0,0,Loyal,11,0.15556234319623596,86.7
17290,3.0,8,1501.44,187.68,722.0,0,Champions,11,0.1557900106099625,86.7
14987,15.0,8,1713.85,214.23125,721.0,0,Champions,11,0.1557991232013418,86.7
12539,21.0,7,11214.75,1602.107142857143,694.0,0,Champions,11,0.15371798048080462,86.8
16150,42.0,10,4395.59,439.559,679.0,0,Loyal,11,0.15245235720148553,86.8
12924,87.0,12,2469.4,205.78333333333333,642.0,0,Loyal,11,0.15371384693743065,86.8
12613,56.0,10,6835.07,683.507,668.0,0,Loyal,11,0.15356148886625418,86.8
13410,23.0,9,2201.96,244.66222222222223,707.0,0,Champions,11,0.15232508265344108,86.8
16612,32.0,9,3245.43,360.6033333333333,703.0,0,Loyal,11,0.15226905008494904,86.8
12676,24.0,11,2843.09,258.4627272727273,458.0,0,Champions,12,0.2615385853479163,86.9
16672,1.0,20,8134.94,406.74699999999996,264.0,0,Champions,12,0.2627657266286022,86.9
18094,81.0,13,6391.52,491.65538461538466,619.0,0,Loyal,11,0.15082023261838237,86.9
15768,115.0,34,15601.09,458.85558823529414,620.0,1,At Risk (was loyal),10,0.04077154889854995,86.9
16206,54.0,13,2602.32,200.17846153846156,629.0,0,Loyal,11,0.15038140351799217,86.9
17107,32.0,10,16075.42,1607.542,643.0,0,Loyal,11,0.15068177870513239,86.9
13555,73.0,13,8999.19,692.2453846153846,615.0,0,Loyal,11,0.14991246386408685,86.9
15312,74.0,12,2930.19,244.1825,648.0,0,Loyal,11,0.15065102580488315,86.9
17262,51.0,11,2757.62,250.69272727272727,672.0,0,Loyal,11,0.14930177918829535,87.0
16470,51.0,11,2458.6,223.5090909090909,676.0,0,Loyal,11,0.14801389316010513,87.0
17101,9.0,7,2507.05,358.15000000000003,539.0,0,Champions,12,0.26097305077213095,87.0
18198,3.0,17,5425.56,319.15058823529415,332.0,0,Champions,12,0.260635545427587,87.0
13435,4.0,9,4475.23,497.24777777777774,494.0,0,Champions,12,0.25991939382049345,87.0
17432,17.0,9,1751.39,194.5988888888889,717.0,0,Champions,11,0.14887304800420936,87.0
13975,30.0,12,5358.84,446.57,644.0,0,Loyal,11,0.14961704085860394,87.0
12359,57.0,10,8935.94,893.594,676.0,0,Loyal,11,0.14717125206543094,87.1
15367,56.0,11,5081.33,461.9390909090909,671.0,0,Loyal,11,0.1468118289807534,87.1
15296,50.0,12,10342.83,861.9025,636.0,0,Loyal,11,0.14742728176675954,87.1
12484,32.0,12,6370.15,530.8458333333333,648.0,0,Loyal,11,0.14684134928274056,87.1
13527,33.0,12,4683.74,390.31166666666667,653.0,0,Loyal,11,0.14663184510806287,87.1
13564,143.0,37,17249.55,466.20405405405404,593.0,1,At Risk (was loyal),10,0.03648211423584655,87.1
14390,9.0,13,6399.83,492.2946153846154,414.0,0,Champions,12,0.2582924973978441,87.1
13520,58.0,11,6909.4,628.1272727272727,663.0,0,Loyal,11,0.14783742040677353,87.1
17819,71.0,12,6612.52,551.0433333333334,654.0,0,Loyal,11,0.1441276895774605,87.2
13340,44.0,12,22100.56,1841.7133333333334,609.0,0,Loyal,11,0.14565721011176963,87.2
16841,36.0,12,4006.06,333.8383333333333,660.0,0,Loyal,11,0.1445092035779458,87.2
13324,35.0,18,10513.47,584.0816666666666,527.0,0,Loyal,11,0.14513801738575943,87.2
13026,0.0,9,1733.08,192.56444444444443,725.0,0,Champions,11,0.14560357087079948,87.2
16062,9.0,8,2863.45,357.93125,526.0,0,Champions,12,0.25603317141651727,87.2
14107,51.0,11,4877.3,443.39090909090913,678.0,0,Loyal,11,0.14420433708991562,87.2
16771,32.0,10,3967.6,396.76,697.0,0,Loyal,11,0.1455692397445314,87.2
16434,28.0,12,2741.74,228.47833333333332,661.0,0,Loyal,11,0.1454729297891075,87.2
18251,86.0,9,26278.86,2919.8733333333334,630.0,0,Loyal,11,0.14470646244967383,87.2
15329,38.0,11,2984.33,271.3027272727273,686.0,0,Loyal,11,0.1432786349135688,87.3
16817,2.0,13,2804.9,215.76153846153846,429.0,0,Champions,12,0.2542210583512592,87.3
17075,17.0,10,2241.73,224.173,708.0,0,Champions,11,0.14351364604723144,87.3
15581,120.0,38,7794.59,205.12078947368423,616.0,1,At Risk (was loyal),10,0.031756750076231605,87.3
14871,2.0,9,1258.97,139.88555555555556,735.0,0,Champions,11,0.142315665673659,87.3
13623,30.0,10,2566.49,256.649,706.0,0,Loyal,11,0.14387031706695005,87.3
17227,18.0,12,2022.03,168.5025,674.0,0,Champions,11,0.14100528222214212,87.4
15696,32.0,13,3906.57,300.5053846153846,650.0,0,Loyal,11,0.14055122593348193,87.4
13481,45.0,11,3830.84,348.2581818181818,689.0,0,Loyal,11,0.14105392302776035,87.4
12594,37.0,15,5090.11,339.34066666666666,608.0,0,Loyal,11,0.14017574515824763,87.4
16258,44.0,15,11942.52,796.168,593.0,0,Loyal,11,0.14100386700937267,87.4
16466,33.0,15,3838.59,255.906,608.0,0,Loyal,11,0.1411120952241754,87.4
17323,14.0,12,1565.59,130.46583333333334,683.0,0,Champions,11,0.13793641144003613,87.5
17071,27.0,13,3801.2,292.4,656.0,0,Loyal,11,0.13828474269142718,87.5
14482,17.0,12,4357.91,363.15916666666664,451.0,0,Champions,12,0.2506993293713362,87.5
17345,14.0,10,1604.68,160.46800000000002,722.0,0,Champions,11,0.13881172083277646,87.5
16003,29.0,10,5613.83,561.383,706.0,0,Loyal,11,0.139679458250244,87.5
14221,41.0,17,6517.49,383.38176470588235,569.0,0,Loyal,11,0.13864241036147057,87.5
17790,26.0,20,2783.61,139.1805,517.0,0,Loyal,11,0.13666703117843165,87.6
16407,12.0,14,2821.65,201.54642857142858,419.0,0,Champions,12,0.24767043252969495,87.6
12970,6.0,10,1524.97,152.497,728.0,0,Champions,11,0.13657861268572352,87.6
16652,58.0,16,17550.39,1096.899375,573.0,0,Loyal,11,0.1376764064465004,87.6
16098,87.0,14,4448.1,317.7214285714286,637.0,0,Loyal,11,0.13723842844693454,87.6
13654,42.0,11,6308.0,573.4545454545455,694.0,0,Loyal,11,0.13616271327133916,87.6
16794,0.0,15,2090.91,139.39399999999998,623.0,0,Champions,11,0.13651555562992812,87.6
16444,45.0,17,3656.58,215.0929411764706,578.0,0,Loyal,11,0.13682589421293978,87.6
14541,58.0,14,2499.68,178.54857142857142,642.0,0,Loyal,11,0.1368907395693395,87.6
16325,46.0,12,3597.5,299.7916666666667,688.0,0,Loyal,11,0.13392019393394058,87.7
15674,72.0,13,6948.23,534.4792307692308,657.0,0,Loyal,11,0.13501493840875464,87.7
13209,29.0,13,8509.51,654.5776923076924,653.0,0,Loyal,11,0.13513389174596457,87.7
17442,36.0,15,4620.3,308.02000000000004,625.0,0,Loyal,11,0.13391654575810472,87.7
16225,44.0,15,2867.41,191.16066666666666,625.0,0,Loyal,11,0.13518006153696863,87.7
18230,8.0,9,4291.06,476.7844444444445,516.0,0,Champions,12,0.24670612759764401,87.7
15606,60.0,17,5230.99,307.70529411764704,586.0,0,Loyal,11,0.13284469165971535,87.8
15240,44.0,12,4459.98,371.66499999999996,689.0,0,Loyal,11,0.1326691856155918,87.8
18055,6.0,14,11195.57,799.6835714285714,406.0,0,Champions,12,0.24483968362740607,87.8
14083,3.0,11,1407.26,127.93272727272728,717.0,0,Champions,11,0.13301919961747724,87.8
16709,84.0,14,9087.46,649.1042857142857,645.0,0,Loyal,11,0.13047055655780176,87.9
16409,35.0,12,5709.04,475.75333333333333,690.0,0,Loyal,11,0.13104257436251193,87.9
13901,71.0,15,5676.34,378.42266666666666,631.0,0,Loyal,11,0.1309016044658041,87.9
14723,9.0,11,2093.06,190.27818181818182,725.0,0,Champions,11,0.12925102398496027,88.0
14733,15.0,15,16184.97,1078.998,385.0,0,Champions,12,0.2404890827176027,88.0
16131,51.0,12,9957.42,829.785,686.0,0,Loyal,11,0.12833149619913586,88.0
17463,15.0,7,2557.91,365.4157142857143,572.0,0,Champions,12,0.24044799459975902,88.0
16735,78.0,14,6270.56,447.8971428571429,653.0,0,Loyal,11,0.1297029072737848,88.0
14189,1.0,16,5814.39,363.399375,386.0,0,Champions,12,0.23951892494077565,88.0
12749,3.0,9,6897.36,766.3733333333333,517.0,0,Champions,12,0.239860487932778,88.0
14404,33.0,13,2899.11,223.00846153846155,685.0,0,Loyal,11,0.128099740640902,88.0
13093,275.0,55,54943.65,998.9754545454546,460.0,1,At Risk (was loyal),10,0.017540988337644347,88.0
17324,17.0,12,2301.87,191.8225,703.0,0,Champions,11,0.12958056426680528,88.0
13136,55.0,13,6274.56,482.65846153846155,674.0,0,Loyal,11,0.1292126393898156,88.0
16891,1.0,11,2056.82,186.98363636363638,733.0,0,Champions,11,0.1263618543272388,88.1
16128,17.0,11,3801.05,345.55,493.0,0,Champions,12,0.23822285738187995,88.1
13110,30.0,12,2957.47,246.45583333333332,707.0,0,Loyal,11,0.12746666015973335,88.1
17213,39.0,13,5182.3,398.63846153846157,684.0,0,Loyal,11,0.1264954895680657,88.1
13458,6.0,16,11959.27,747.454375,381.0,0,Champions,12,0.23631213362772815,88.2
13875,53.0,14,4814.37,343.88357142857143,668.0,0,Loyal,11,0.12534250727615084,88.2
16742,46.0,14,2852.61,203.75785714285715,676.0,0,Loyal,11,0.12395661351367765,88.2
14852,57.0,18,6147.18,341.51,585.0,0,Loyal,11,0.12518860516489796,88.2
12429,8.0,8,7485.91,935.73875,537.0,0,Champions,12,0.23634956028571777,88.2
15622,42.0,17,7852.61,461.9182352941176,602.0,0,Loyal,11,0.12546465472698745,88.2
16395,60.0,14,3537.85,252.70357142857142,673.0,0,Loyal,11,0.12451280834363174,88.2
14467,17.0,12,2220.99,185.08249999999998,720.0,0,Champions,11,0.1234879796065688,88.3
17211,26.0,13,4046.65,311.28076923076924,699.0,0,Loyal,11,0.12209252630023185,88.3
15518,63.0,15,4218.94,281.26266666666663,655.0,0,Loyal,11,0.12316174926768594,88.3
17913,58.0,14,3479.64,248.54571428571427,677.0,0,Loyal,11,0.12313105290761793,88.3
12451,10.0,8,12669.88,1583.735,518.0,0,Champions,12,0.2334623007467063,88.3
13381,31.0,12,8224.37,685.3641666666667,706.0,0,Loyal,11,0.12278364483986876,88.3
12656,16.0,8,6407.83,800.97875,545.0,0,Champions,12,0.23455694734331128,88.3
14064,28.0,15,3332.42,222.16133333333335,657.0,0,Loyal,11,0.12304496685907412,88.3
17589,59.0,18,14049.87,780.5483333333334,582.0,0,Loyal,11,0.12241221542577142,88.3
13784,9.0,14,2910.23,207.87357142857144,440.0,0,Champions,12,0.23493185645938305,88.3
14466,28.0,13,4646.9,357.45384615384614,696.0,0,Loyal,11,0.12265038184583406,88.3
13557,27.0,13,3032.26,233.25076923076924,702.0,0,Loyal,11,0.12188054573812356,88.4
15532,24.0,10,3771.9,377.19,523.0,0,Champions,12,0.23218471869132107,88.4
17686,6.0,9,8296.81,921.8677777777777,526.0,0,Champions,12,0.23125976994570488,88.4
14506,16.0,7,3290.67,470.0957142857143,582.0,0,Champions,12,0.232156742022097,88.4
15249,31.0,18,9266.0,514.7777777777778,591.0,0,Loyal,11,0.12154434242850758,88.4
16241,9.0,16,4329.31,270.581875,400.0,0,Champions,12,0.23271171095137855,88.4
15550,3.0,12,2218.8,184.9,732.0,0,Champions,11,0.1192864096853226,88.5
13842,58.0,18,5629.91,312.7727777777778,602.0,0,Loyal,11,0.11944376553615982,88.5
12422,95.0,17,5231.8,307.7529411764706,625.0,1,Loyal,11,0.1187680214367122,88.5
16341,24.0,7,3850.79,550.1128571428571,584.0,0,Champions,12,0.22921377459234596,88.5
13246,17.0,11,3387.43,307.9481818181818,507.0,0,Champions,12,0.23070473726039067,88.5
13610,11.0,14,2175.88,155.42000000000002,691.0,0,Champions,11,0.11919529974242297,88.5
12823,74.0,18,6501.5,361.19444444444446,604.0,0,Loyal,11,0.11834595857516333,88.5
14841,52.0,14,7163.0,511.64285714285717,683.0,0,Loyal,11,0.11833333815892351,88.5
15021,8.0,12,2783.83,231.98583333333332,489.0,0,Champions,12,0.2304201559131814,88.5
12388,15.0,8,3901.11,487.63875,566.0,0,Champions,12,0.2290311595472631,88.5
16600,3.0,13,2153.41,165.64692307692306,717.0,0,Champions,11,0.1174098354880847,88.6
14710,13.0,13,1922.59,147.89153846153846,721.0,0,Champions,11,0.11623907626045761,88.6
13782,12.0,13,1793.72,137.97846153846154,720.0,0,Champions,11,0.1166800178025246,88.6
16369,17.0,7,2664.81,380.6871428571429,592.0,0,Champions,12,0.22831818353660813,88.6
16539,2.0,10,3732.01,373.201,529.0,0,Champions,12,0.22876923425782777,88.6
12433,0.0,10,20581.26,2058.1259999999997,476.0,0,Champions,12,0.22589573522619816,88.7
14655,7.0,7,3878.51,554.0728571428572,588.0,0,Champions,12,0.2268137519609825,88.7
12782,4.0,11,4618.24,419.84,514.0,0,Champions,12,0.2245185481568959,88.8
15024,9.0,16,4075.51,254.719375,414.0,0,Champions,12,0.2248469464237609,88.8
13634,32.0,16,5073.47,317.091875,664.0,0,Loyal,11,0.1126073125158045,88.8
12779,37.0,14,6722.27,480.1621428571429,699.0,0,Loyal,11,0.11326507854125478,88.8
17422,15.0,11,3594.76,326.79636363636365,518.0,0,Champions,12,0.22399705833989791,88.8
12836,58.0,15,6585.62,439.04133333333334,679.0,0,Loyal,11,0.11341638246827031,88.8
17069,27.0,14,5794.28,413.8771428571428,708.0,0,Loyal,11,0.11096161542436773,88.9
17850,371.0,155,56600.08,365.1618064516129,362.0,1,At Risk (was loyal),10,2.505625155128457e-05,88.9
15521,39.0,16,7106.69,444.168125,663.0,0,Loyal,11,0.1118101921885586,88.9
13141,84.0,17,7668.58,451.09294117647056,645.0,0,Loyal,11,0.11085893672432073,88.9
13911,56.0,20,4234.99,211.74949999999998,590.0,0,Loyal,11,0.11023751269851706,88.9
16446,0.0,2,168472.5,84236.25,204.0,0,New / Occasional,10,7.599889059482228e-06,88.9
12619,15.0,10,3781.38,378.13800000000003,544.0,0,Champions,12,0.22009652950216524,89.0
15523,83.0,16,17359.99,1084.999375,653.0,0,Loyal,11,0.10944216499503147,89.0
15426,18.0,9,2615.39,290.5988888888889,567.0,0,Champions,12,0.22063224758078967,89.0
17490,0.0,9,2750.5,305.6111111111111,568.0,0,Champions,12,0.21976643000935914,89.0
16791,28.0,15,4038.69,269.246,707.0,0,Loyal,11,0.10597619127636006,89.1
13632,24.0,8,3648.15,456.01875,586.0,0,Champions,12,0.21829047828887024,89.1
16686,46.0,16,5070.92,316.9325,685.0,0,Loyal,11,0.10589760783955621,89.1
16918,49.0,16,3213.29,200.830625,687.0,0,Loyal,11,0.10625246261104232,89.1
16912,28.0,15,4480.31,298.68733333333336,701.0,0,Loyal,11,0.10759528979685655,89.1
17720,25.0,10,2768.91,276.89099999999996,552.0,0,Champions,12,0.2175607761834319,89.1
12963,7.0,12,3601.59,300.1325,510.0,0,Champions,12,0.21719739813400438,89.1
16556,66.0,17,8012.58,471.32823529411763,666.0,0,Loyal,11,0.10407976807206117,89.2
13728,36.0,16,2855.17,178.448125,693.0,0,Loyal,11,0.10458134330901758,89.2
17873,79.0,18,6515.88,361.99333333333334,643.0,0,Loyal,11,0.10561278734253352,89.2
14056,0.0,23,8214.65,357.1586956521739,282.0,0,Champions,12,0.21539938406693288,89.2
17191,27.0,15,4836.05,322.40333333333336,710.0,0,Loyal,11,0.10458302895508019,89.2
13647,9.0,8,3071.68,383.96,593.0,0,Champions,12,0.21586577018279413,89.2
16775,9.0,16,3056.89,191.055625,431.0,0,Champions,12,0.2162207143486099,89.2
14129,1.0,9,2591.34,287.9266666666667,577.0,0,Champions,12,0.21508858009344528,89.2
16638,22.0,15,2430.53,162.03533333333334,455.0,0,Champions,12,0.21504267774128002,89.2
14963,9.0,12,3164.48,263.70666666666665,515.0,0,Champions,12,0.21506263041800747,89.2
17340,29.0,18,22404.82,1244.7122222222222,633.0,0,Loyal,11,0.10203759459137321,89.3
15785,32.0,16,5969.93,373.120625,691.0,0,Loyal,11,0.1035816570345103,89.3
16170,50.0,20,6869.0,343.45,608.0,0,Loyal,11,0.10367752654264535,89.3
14944,29.0,19,9784.67,514.9826315789473,631.0,0,Loyal,11,0.10182008193993537,89.4
17096,14.0,11,3759.18,341.74363636363637,540.0,0,Champions,12,0.2114148179730388,89.4
16126,28.0,15,14646.8,976.4533333333333,708.0,0,Loyal,11,0.09961860221691755,89.5
15129,49.0,23,6860.18,298.2686956521739,559.0,0,Loyal,11,0.09983992133029096,89.5
15860,40.0,17,2505.21,147.36529411764707,692.0,0,Loyal,11,0.09879973646859187,89.5
15998,36.0,16,8308.34,519.27125,702.0,0,Loyal,11,0.09910931248740508,89.5
14309,7.0,11,3780.81,343.71,542.0,0,Champions,12,0.21028602421412684,89.5
17090,3.0,13,3149.48,242.2676923076923,503.0,0,Champions,12,0.21048979849834407,89.5
16279,20.0,9,5705.08,633.8977777777777,575.0,0,Champions,12,0.20941518057559697,89.5
17612,52.0,18,5394.86,299.71444444444444,669.0,0,Loyal,11,0.09825767241580734,89.5
13552,65.0,22,6978.92,317.2236363636364,592.0,0,Loyal,11,0.09622556991204138,89.6
14211,52.0,18,4402.29,244.57166666666666,677.0,0,Loyal,11,0.0963407156212337,89.6
13317,65.0,19,6486.091,341.3732105263158,660.0,0,Loyal,11,0.09456698829559376,89.7
16303,25.0,7,7928.27,1132.6100000000001,605.0,0,Champions,12,0.20511416797963236,89.7
13988,19.0,8,4757.8,594.725,605.0,0,Champions,12,0.20507598167771213,89.7
14766,7.0,11,6556.13,596.0118181818182,543.0,0,Champions,12,0.20521925085888088,89.7
16333,7.0,22,26626.8,1210.3090909090909,302.0,0,Champions,12,0.20669123957183486,89.7
17160,30.0,17,10209.16,600.5388235294117,704.0,0,Loyal,11,0.09208230448495523,89.8
14515,17.0,12,3749.26,312.43833333333333,532.0,0,Champions,12,0.20495125675906176,89.8
12708,29.0,18,5314.1,295.2277777777778,691.0,0,Loyal,11,0.0920682677969424,89.8
17940,48.0,16,30393.19,1899.574375,687.0,0,Loyal,11,0.0927522435315726,89.8
15117,14.0,8,2485.97,310.74625,619.0,0,Champions,12,0.2031921182117608,89.8
13719,14.0,11,2815.25,255.9318181818182,556.0,0,Champions,12,0.20430177691308704,89.8
17690,29.0,20,7448.1,372.40500000000003,644.0,0,Loyal,11,0.09301441972421876,89.8
12939,63.0,20,25264.8,1263.24,632.0,0,Loyal,11,0.09090006051608086,89.9
14341,44.0,18,4467.32,248.18444444444444,693.0,0,Loyal,11,0.09183689117000168,89.9
17512,28.0,18,5467.82,303.7677777777778,700.0,0,Loyal,11,0.08957040260163143,90.0
15874,63.0,21,11284.76,537.3695238095238,637.0,0,Loyal,11,0.08833431411166444,90.0
15105,17.0,9,3094.91,343.87888888888887,608.0,0,Champions,12,0.1973563082498339,90.1
15059,40.0,19,3523.57,185.45105263157896,692.0,0,Loyal,11,0.08688647614545306,90.1
13993,42.0,19,6775.71,356.6163157894737,693.0,0,Loyal,11,0.08559297287723099,90.2
13327,38.0,20,9879.48,493.974,682.0,0,Loyal,11,0.08233551154483927,90.3
14334,16.0,12,4318.48,359.8733333333333,551.0,0,Champions,12,0.1941883672401843,90.3
12472,31.0,19,17880.59,941.0836842105264,693.0,0,Loyal,11,0.08214851997483616,90.3
13115,11.0,10,5494.7,549.47,587.0,0,Champions,12,0.19376693856202107,90.3
17758,18.0,12,5012.53,417.7108333333333,549.0,0,Champions,12,0.19426644280281538,90.3
15563,21.0,7,2867.0,409.57142857142856,658.0,0,Champions,12,0.1918174672352691,90.4
15150,16.0,13,9001.08,692.3907692307693,526.0,0,Champions,12,0.1910881611709938,90.4
13012,8.0,11,2972.83,270.2572727272727,582.0,0,Champions,12,0.19052721548910498,90.5
17348,14.0,9,2476.41,275.15666666666664,624.0,0,Champions,12,0.19040023431920672,90.5
16115,9.0,12,2575.14,214.595,564.0,0,Champions,12,0.18992845711772557,90.5
12615,1.0,8,5740.98,717.6225,629.0,0,Champions,12,0.19021945120183875,90.5
14205,16.0,9,2414.2,268.2444444444444,625.0,0,Champions,12,0.19001891977604057,90.5
15572,4.0,10,4068.67,406.867,599.0,0,Champions,12,0.19015314008833945,90.5
14239,42.0,21,4263.17,203.00809523809525,691.0,0,Loyal,11,0.07666305068313385,90.6
18008,69.0,23,19787.13,860.3100000000001,632.0,0,Loyal,11,0.07778461008700893,90.6
14533,24.0,11,3466.37,315.12454545454545,585.0,0,Champions,12,0.1882635387326007,90.6
12678,41.0,21,34281.18,1632.4371428571428,658.0,0,Loyal,11,0.07739435457419246,90.6
18179,8.0,8,2547.55,318.44375,654.0,0,Champions,12,0.1850709228102894,90.7
13983,29.0,21,7108.45,338.497619047619,700.0,0,Loyal,11,0.07395697237369599,90.7
16094,11.0,11,3695.56,335.96,590.0,0,Champions,12,0.18542319284615388,90.7
16283,5.0,8,4403.82,550.4775,643.0,0,Champions,12,0.18628539237385378,90.7
12712,28.0,21,7193.66,342.5552380952381,701.0,0,Loyal,11,0.07371330117923863,90.8
14243,8.0,17,7431.05,437.1205882352941,467.0,0,Champions,12,0.18300523613507075,90.8
12600,28.0,21,5043.92,240.18666666666667,703.0,0,Loyal,11,0.07374449043288034,90.8
17676,3.0,10,2765.84,276.584,615.0,0,Champions,12,0.18439561890777836,90.8
18226,43.0,26,11878.88,456.88,600.0,0,Loyal,11,0.07258817850500433,90.8
15681,24.0,14,2989.7,213.54999999999998,539.0,0,Champions,12,0.18147072267930428,90.9
12705,14.0,14,11762.1,840.15,518.0,0,Champions,12,0.18270234267317698,90.9
17416,29.0,22,17298.45,786.2931818181819,695.0,0,Loyal,11,0.06859198090478213,91.0
13815,21.0,8,7475.74,934.4675,643.0,0,Champions,12,0.179338837603171,91.0
16497,49.0,23,6695.28,291.0991304347826,686.0,0,Loyal,11,0.06813225384758181,91.0
13137,10.0,16,7712.7,482.04375,491.0,0,Champions,12,0.18082607672656578,91.0
15489,22.0,8,2419.61,302.45125,670.0,0,Champions,12,0.17755779963304427,91.1
12949,30.0,22,15526.7,705.7590909090909,705.0,0,Loyal,11,0.06684672045113067,91.1
17306,10.0,21,9782.35,465.8261904761905,393.0,0,Champions,12,0.17832424250858628,91.1
18272,2.0,9,4385.98,487.33111111111106,642.0,0,Champions,12,0.17779225090124248,91.1
14824,9.0,10,4022.91,402.291,627.0,0,Champions,12,0.1764665767473796,91.2
15073,9.0,8,2788.02,348.5025,672.0,0,Champions,12,0.17579094781677657,91.2
16904,3.0,21,5132.37,244.39857142857142,406.0,0,Champions,12,0.17432978490124337,91.3
13451,25.0,11,7190.92,653.72,601.0,0,Champions,12,0.17497133446774837,91.3
14744,15.0,14,3885.08,277.5057142857143,553.0,0,Champions,12,0.1738478140249668,91.3
13047,31.0,24,8795.16,366.465,692.0,0,Loyal,11,0.06247475683140091,91.3
14088,9.0,16,64036.8,4002.3,410.0,0,Champions,12,0.17402688249020715,91.3
16928,79.0,29,4113.23,141.8355172413793,594.0,0,Loyal,11,0.06176038410751084,91.4
16271,2.0,10,3463.02,346.302,640.0,0,Champions,12,0.17124256988351416,91.4
17651,11.0,16,5703.52,356.47,514.0,0,Champions,12,0.17148231341611744,91.4
12901,8.0,28,17654.54,630.5192857142857,261.0,0,Champions,12,0.17118312924176968,91.4
17095,22.0,7,2572.25,367.4642857142857,701.0,0,Champions,12,0.17161551008168274,91.4
14493,6.0,10,5130.15,513.015,634.0,0,Champions,12,0.17136530580412115,91.4
15502,15.0,14,13993.47,999.5335714285713,539.0,0,Champions,12,0.17043202018590387,91.5
17888,20.0,25,1820.44,72.8176,696.0,0,Champions,11,0.05870822001413241,91.5
15827,72.0,28,3794.07,135.5025,627.0,0,Loyal,11,0.0595517025499501,91.5
14572,2.0,11,5615.18,510.4709090909091,618.0,0,Champions,12,0.1692399086772813,91.5
18069,25.0,11,4540.56,412.77818181818185,622.0,0,Champions,12,0.16888998085561074,91.6
16347,10.0,11,3509.41,319.0372727272727,626.0,0,Champions,12,0.16848027680546115,91.6
12431,35.0,27,10857.97,402.147037037037,658.0,0,Loyal,11,0.05711995544840122,91.6
16938,8.0,9,7043.18,782.5755555555556,651.0,0,Champions,12,0.1686108124418564,91.6
12477,22.0,9,20276.37,2252.93,600.0,0,Champions,12,0.16796563895685818,91.6
15034,15.0,14,8313.4,593.8142857142857,561.0,0,Champions,12,0.16582306570182737,91.7
12727,10.0,10,5679.53,567.953,644.0,0,Champions,12,0.16589009091883375,91.7
13658,9.0,9,6025.5,669.5,662.0,0,Champions,12,0.16542565911286233,91.7
13048,13.0,9,4084.21,453.80111111111114,667.0,0,Champions,12,0.16664803539245981,91.7
13491,51.0,27,4566.56,169.13185185185188,681.0,0,Loyal,11,0.0537082030884843,91.8
17696,37.0,27,7679.59,284.42925925925925,690.0,0,Loyal,11,0.051972436301568614,91.8
18259,24.0,7,4318.2,616.8857142857142,707.0,0,Champions,12,0.16449683910895233,91.8
17147,22.0,9,3199.95,355.54999999999995,675.0,0,Champions,12,0.16460606936174074,91.8
17682,9.0,11,4456.78,405.16181818181815,631.0,0,Champions,12,0.1648951137283253,91.8
13148,28.0,26,8621.81,331.6080769230769,702.0,0,Loyal,11,0.0533237580963389,91.8
16019,46.0,27,17465.85,646.8833333333333,678.0,0,Loyal,11,0.05313337410491743,91.8
15747,12.0,9,2562.61,284.7344444444445,678.0,0,Champions,12,0.1643911108998489,91.8
12598,9.0,11,4534.09,412.19,639.0,0,Champions,12,0.1612046326302701,91.9
16931,4.0,23,5233.62,227.5486956521739,391.0,0,Champions,12,0.1620743053560478,91.9
14621,0.0,9,3000.57,333.3966666666667,682.0,0,Champions,12,0.16181998861706215,91.9
14640,23.0,10,3667.06,366.706,661.0,0,Champions,12,0.16136135665441775,91.9
17372,40.0,28,4377.56,156.3414285714286,695.0,0,Loyal,11,0.04816679507055958,92.0
12910,22.0,13,5796.52,445.8861538461539,598.0,0,Champions,12,0.16049062101012418,92.0
14866,10.0,19,20850.22,1097.38,459.0,0,Champions,12,0.16018497748891167,92.0
14649,4.0,9,3775.31,419.4788888888889,683.0,0,Champions,12,0.16001576263736578,92.0
17115,7.0,7,2761.49,394.4985714285714,726.0,0,Champions,12,0.15979904664393593,92.0
17848,80.0,30,3650.9,121.69666666666667,652.0,0,Loyal,11,0.04833830857918842,92.0
13650,16.0,10,3288.0,328.8,666.0,0,Champions,12,0.15972535860031403,92.0
12843,65.0,30,6588.41,219.61366666666666,661.0,0,Loyal,11,0.046854861680054274,92.1
17965,37.0,29,7240.98,249.68896551724137,687.0,0,Loyal,11,0.04608222323002772,92.1
13097,32.0,28,13389.22,478.18642857142856,705.0,0,Loyal,11,0.04610792759752226,92.1
14285,20.0,8,3284.42,410.5525,710.0,0,Champions,12,0.15743132627476378,92.1
17768,7.0,7,3509.51,501.35857142857145,729.0,0,Champions,12,0.15670508741647704,92.2
14897,7.0,8,3140.54,392.5675,716.0,0,Champions,12,0.1551198743401241,92.2
15983,21.0,8,3958.82,494.8525,711.0,0,Champions,12,0.15564964909034326,92.2
17738,18.0,13,4183.56,321.81230769230774,611.0,0,Champions,12,0.15646588756681515,92.2
15793,14.0,8,2399.57,299.94625,723.0,0,Champions,12,0.15358271819401395,92.3
17625,17.0,8,6067.8,758.475,706.0,0,Champions,12,0.1536231554971697,92.3
17228,15.0,13,3177.24,244.4030769230769,621.0,0,Champions,12,0.15318994833842245,92.3
12380,21.0,11,9676.3,879.6636363636363,640.0,0,Champions,12,0.1540047048478644,92.3
16057,15.0,10,3854.85,385.485,684.0,0,Champions,12,0.1511247308091716,92.4
14049,16.0,13,13239.03,1018.3869230769232,600.0,0,Champions,12,0.15200880233861455,92.4
13880,20.0,17,4391.66,258.33294117647057,540.0,0,Champions,12,0.15177450622618166,92.4
18075,22.0,20,5783.29,289.1645,475.0,0,Champions,12,0.15236243179184283,92.4
14286,23.0,7,8479.76,1211.3942857142858,712.0,0,Champions,12,0.15239164755990617,92.4
17133,15.0,12,14622.33,1218.5275,612.0,0,Champions,12,0.1527076858495828,92.4
14290,10.0,8,4516.56,564.57,720.0,0,Champions,12,0.15071984822656567,92.5
15719,32.0,31,10223.06,329.77612903225804,705.0,0,Loyal,11,0.03807351930425984,92.5
14952,59.0,32,17629.35,550.9171875,676.0,0,Loyal,11,0.0388606963254736,92.5
17673,1.0,13,4233.58,325.65999999999997,628.0,0,Champions,12,0.14918693791192958,92.5
12395,18.0,15,5067.27,337.81800000000004,583.0,0,Champions,12,0.15038691947510327,92.5
15845,17.0,11,4426.28,402.3890909090909,664.0,0,Champions,12,0.15054358495900033,92.5
12668,11.0,10,11444.68,1144.468,665.0,0,Champions,12,0.14814985581019505,92.6
15434,7.0,11,2567.06,233.36909090909091,675.0,0,Champions,12,0.14829281430636604,92.6
13098,0.0,28,28882.44,1031.5157142857142,316.0,0,Champions,12,0.1450302624576271,92.7
14112,22.0,13,5834.59,448.8146153846154,631.0,0,Champions,12,0.1463804959781273,92.7
12937,14.0,9,3097.61,344.1788888888889,720.0,0,Champions,12,0.14543875314772256,92.7
12948,15.0,9,2317.43,257.4922222222222,721.0,0,Champions,12,0.1462938830492059,92.7
17685,16.0,12,5943.17,495.26416666666665,649.0,0,Champions,12,0.14689772301922585,92.7
15051,22.0,9,3935.16,437.24,715.0,0,Champions,12,0.14612732369545092,92.7
17602,1.0,14,7451.13,532.2235714285714,616.0,0,Champions,12,0.14304565406415634,92.8
12481,22.0,15,12361.39,824.0926666666667,584.0,0,Champions,12,0.14430229564385721,92.8
15513,32.0,35,27750.55,792.8728571428571,661.0,0,Loyal,11,0.033408397282666195,92.8
16085,22.0,12,2343.53,195.29416666666668,664.0,0,Champions,12,0.1446826930559661,92.8
14215,11.0,9,3416.33,379.59222222222223,720.0,0,Champions,12,0.14492423914876607,92.8
17618,5.0,11,4073.24,370.2945454545454,679.0,0,Champions,12,0.14478317082134023,92.8
13126,4.0,13,3998.25,307.5576923076923,642.0,0,Champions,12,0.14366806463165227,92.8
13700,25.0,13,2613.46,201.03538461538463,644.0,0,Champions,12,0.14418323922870496,92.8
15497,17.0,9,8657.39,961.9322222222222,703.0,0,Champions,12,0.1434026140528251,92.8
14293,2.0,9,3267.93,363.1033333333333,726.0,0,Champions,12,0.14273498868617973,92.9
13203,9.0,10,2648.25,264.825,712.0,0,Champions,12,0.14134754577402023,92.9
15861,11.0,12,4401.79,366.81583333333333,667.0,0,Champions,12,0.1412693289369676,92.9
16843,42.0,35,19571.43,559.1837142857142,686.0,0,Loyal,11,0.03094069170827323,92.9
16933,0.0,9,3181.25,353.47222222222223,728.0,0,Champions,12,0.1420703789740951,92.9
12569,1.0,32,4124.69,128.8965625,250.0,0,Champions,12,0.1420239958363619,92.9
14790,16.0,10,2526.62,252.66199999999998,711.0,0,Champions,12,0.14191402386549512,92.9
12935,1.0,15,4243.86,282.924,605.0,0,Champions,12,0.1420047378876318,92.9
15365,25.0,13,4557.13,350.54846153846154,647.0,0,Champions,12,0.1411325076745336,92.9
14040,40.0,35,12645.57,361.30199999999996,698.0,0,Loyal,11,0.02984986724374815,93.0
16242,7.0,14,7474.4,533.8857142857142,625.0,0,Champions,12,0.13944046390640563,93.0
14441,0.0,11,4611.69,419.2445454545454,689.0,0,Champions,12,0.14011908279651697,93.0
16008,23.0,15,5384.13,358.942,606.0,0,Champions,12,0.14074917066807435,93.0
16711,2.0,9,2868.48,318.72,734.0,0,Champions,12,0.1401746815975993,93.0
16992,10.0,13,5476.5,421.2692307692308,655.0,0,Champions,12,0.13713038600853497,93.1
13211,9.0,10,2729.32,272.932,722.0,0,Champions,12,0.13729902608073463,93.1
13577,24.0,11,3489.28,317.20727272727277,699.0,0,Champions,12,0.13752179841922205,93.1
18044,3.0,18,3505.61,194.75611111111112,555.0,0,Champions,12,0.13778702821217445,93.1
17426,7.0,13,8077.77,621.3669230769231,652.0,0,Champions,12,0.1359114120392793,93.2
15373,7.0,17,3421.39,201.25823529411764,578.0,0,Champions,12,0.13696448133999967,93.2
14907,2.0,16,6165.79,385.361875,599.0,0,Champions,12,0.13506101084676833,93.2
14507,23.0,11,3284.43,298.58454545454543,705.0,0,Champions,12,0.13543830866885292,93.2
15443,1.0,14,5175.93,369.7092857142857,640.0,0,Champions,12,0.13548472123339275,93.2
16655,17.0,13,6548.37,503.72076923076924,659.0,0,Champions,12,0.13461075373933712,93.3
13495,7.0,10,5374.26,537.426,724.0,0,Champions,12,0.1330365036400498,93.3
14543,28.0,39,14906.77,382.22487179487183,709.0,0,Loyal,11,0.022068833335452818,93.3
13183,7.0,15,7036.18,469.07866666666666,627.0,0,Champions,12,0.13143968560311067,93.4
15680,8.0,10,4507.58,450.758,728.0,0,Champions,12,0.13265142699138655,93.4
14626,23.0,11,5410.92,491.9018181818182,705.0,0,Champions,12,0.13298988323783278,93.4
17491,0.0,17,5981.07,351.8276470588235,589.0,0,Champions,12,0.1312863717829737,93.4
16873,4.0,12,14617.39,1218.1158333333333,663.0,0,Champions,12,0.1322738331395473,93.4
13510,0.0,11,4558.29,414.39,717.0,0,Champions,12,0.12945945505072032,93.5
18097,7.0,11,4663.32,423.9381818181818,715.0,0,Champions,12,0.13008383499073814,93.5
15903,9.0,12,8939.84,744.9866666666667,684.0,0,Champions,12,0.13007200378172698,93.5
15394,9.0,11,5286.8,480.6181818181818,714.0,0,Champions,12,0.12975678514857936,93.5
12557,15.0,8,18716.14,2339.5175,706.0,0,Champions,12,0.13034226176802308,93.5
18145,12.0,11,5617.79,510.7081818181818,718.0,0,Champions,12,0.12791400098078604,93.6
14408,10.0,11,4109.77,373.6154545454546,721.0,0,Champions,12,0.12848269876724397,93.6
14146,8.0,12,9450.3,787.525,686.0,0,Champions,12,0.12882850184462752,93.6
12664,7.0,11,6070.04,551.8218181818182,718.0,0,Champions,12,0.12741493604414078,93.6
14540,9.0,11,3795.34,345.0309090909091,722.0,0,Champions,12,0.12846375967579815,93.6
13077,0.0,11,3064.67,278.60636363636365,727.0,0,Champions,12,0.12743902893715597,93.6
13173,3.0,11,2639.35,239.9409090909091,725.0,0,Champions,12,0.1286430236728547,93.6
14277,14.0,9,17225.81,1913.978888888889,710.0,0,Champions,12,0.1276652570257304,93.6
14593,21.0,12,3712.01,309.3341666666667,708.0,0,Champions,12,0.12637134498688302,93.7
13971,18.0,14,4667.57,333.3978571428571,664.0,0,Champions,12,0.12690261094667665,93.7
15380,8.0,11,3479.06,316.2781818181818,729.0,0,Champions,12,0.1262566172149868,93.7
14608,3.0,11,3352.94,304.8127272727273,729.0,0,Champions,12,0.12639454450741294,93.7
17019,10.0,11,4012.2,364.74545454545455,726.0,0,Champions,12,0.12676179707177093,93.7
15660,24.0,15,2812.99,187.53266666666664,647.0,0,Champions,12,0.1269895836736427,93.7
15058,24.0,16,3410.03,213.126875,628.0,0,Champions,12,0.1259894652286459,93.7
14546,4.0,11,5197.9,472.5363636363636,727.0,0,Champions,12,0.12510697554763633,93.7
14047,8.0,14,4255.03,303.93071428571426,668.0,0,Champions,12,0.12576750994544098,93.7
14227,25.0,15,6368.71,424.5806666666667,643.0,0,Champions,12,0.12600930398647145,93.7
12820,2.0,11,2689.52,244.50181818181818,731.0,0,Champions,12,0.12639500345061855,93.7
16987,2.0,11,2535.9,230.53636363636363,734.0,0,Champions,12,0.12547782788183695,93.7
17865,30.0,46,26374.39,573.356304347826,708.0,0,Loyal,11,0.013916729737909838,93.7
17929,10.0,12,3082.1,256.84166666666664,719.0,0,Champions,12,0.12302900604331828,93.8
15967,22.0,12,3041.6,253.46666666666667,715.0,0,Champions,12,0.12449227462990295,93.8
13313,21.0,12,3445.32,287.11,715.0,0,Champions,12,0.12410789814397717,93.8
12826,2.0,12,2955.75,246.3125,718.0,0,Champions,12,0.12350343610789236,93.8
14292,7.0,16,9226.25,576.640625,623.0,0,Champions,12,0.12425309662923541,93.8
13305,3.0,16,3754.71,234.669375,635.0,0,Champions,12,0.12327225887435303,93.8
12476,15.0,23,14115.41,613.7134782608696,486.0,0,Champions,12,0.12149815892122277,93.9
15796,0.0,17,5175.83,304.4605882352941,617.0,0,Champions,12,0.12157585560714813,93.9
13117,21.0,18,2643.81,146.87833333333333,601.0,0,Champions,12,0.12120928613986232,93.9
17526,4.0,12,4166.04,347.17,717.0,0,Champions,12,0.12271522900899622,93.9
16145,8.0,19,6805.44,358.18105263157895,575.0,0,Champions,12,0.12119247102993955,93.9
12362,2.0,11,5356.23,486.92999999999995,735.0,0,Champions,12,0.12209062858160506,93.9
17975,14.0,24,7028.83,292.86791666666664,475.0,0,Champions,12,0.1200962948282686,94.0
15712,8.0,12,3472.41,289.3675,729.0,0,Champions,12,0.11916977287867521,94.0
18118,10.0,29,6733.22,232.18,370.0,0,Champions,12,0.1204440949243124,94.0
17593,3.0,11,8095.8,735.9818181818182,731.0,0,Champions,12,0.12059723426215707,94.0
17663,25.0,17,5175.83,304.4605882352941,619.0,0,Champions,12,0.12087599600055308,94.0
17596,22.0,13,4920.67,378.51307692307694,701.0,0,Champions,12,0.12066825923717345,94.0
12867,25.0,13,7913.29,608.7146153846154,696.0,0,Champions,12,0.1199476109656186,94.0
12567,22.0,15,13709.86,913.9906666666667,644.0,0,Champions,12,0.12073988102736878,94.0
13953,6.0,12,6640.68,553.39,721.0,0,Champions,12,0.11901934479419388,94.0
16359,6.0,16,2697.75,168.609375,654.0,0,Champions,12,0.11729022362776347,94.1
17044,24.0,12,11962.3,996.8583333333332,707.0,0,Champions,12,0.1189606381260432,94.1
17365,12.0,15,8224.98,548.332,664.0,0,Champions,12,0.11741031974447691,94.1
15916,15.0,13,3427.17,263.6284615384615,712.0,0,Champions,12,0.11808873393870353,94.1
15271,6.0,24,4709.54,196.23083333333332,483.0,0,Champions,12,0.11791397975118229,94.1
13870,1.0,15,5712.08,380.80533333333335,667.0,0,Champions,12,0.1180023821470636,94.1
15862,7.0,13,2928.29,225.25307692307692,714.0,0,Champions,12,0.11780819515901586,94.1
16255,16.0,15,4906.8,327.12,668.0,0,Champions,12,0.11817943736713986,94.1
16143,2.0,12,4910.83,409.23583333333335,726.0,0,Champions,12,0.11888380131350543,94.1
13174,15.0,12,9494.84,791.2366666666667,718.0,0,Champions,12,0.11744406008612228,94.1
17530,0.0,12,3141.51,261.7925,732.0,0,Champions,12,0.11844111864523252,94.1
17368,22.0,14,2826.14,201.86714285714285,700.0,0,Champions,12,0.11566518379658171,94.2
15152,9.0,14,5263.83,375.98785714285714,691.0,0,Champions,12,0.1169698273882496,94.2
14209,10.0,15,4993.27,332.8846666666667,675.0,0,Champions,12,0.11574936352078423,94.2
14701,10.0,15,4562.09,304.13933333333335,674.0,0,Champions,12,0.11636015053821948,94.2
16200,3.0,12,5643.45,470.28749999999997,732.0,0,Champions,12,0.11617515821375314,94.2
17063,20.0,13,3638.53,279.8869230769231,717.0,0,Champions,12,0.11622032717977222,94.2
13735,24.0,13,9813.22,754.8630769230768,701.0,0,Champions,12,0.11669565321310213,94.2
15858,15.0,13,3960.37,304.64384615384614,714.0,0,Champions,12,0.11697799973123774,94.2
14653,0.0,12,3614.54,301.21166666666664,736.0,0,Champions,12,0.1166490658230905,94.2
15965,16.0,13,3013.09,231.77615384615385,719.0,0,Champions,12,0.11604439375533299,94.2
14426,23.0,17,11727.94,689.8788235294118,621.0,0,Champions,12,0.11676718774613783,94.2
15727,16.0,15,9445.51,629.7006666666667,668.0,0,Champions,12,0.11528276126099314,94.2
17338,16.0,17,12142.57,714.2688235294117,621.0,0,Champions,12,0.11655409684247674,94.2
15910,0.0,15,2681.8,178.7866666666667,686.0,0,Champions,12,0.11353428197601305,94.3
13090,8.0,24,14103.09,587.62875,485.0,0,Champions,12,0.11496197426089805,94.3
17188,10.0,13,4592.93,353.3023076923077,719.0,0,Champions,12,0.11479217387444832,94.3
13448,16.0,13,9240.87,710.8361538461539,717.0,0,Champions,12,0.11182696009331725,94.4
14217,1.0,23,3416.89,148.5604347826087,525.0,0,Champions,12,0.11122844297960467,94.4
16719,14.0,14,3973.3,283.8071428571429,711.0,0,Champions,12,0.11123299685543646,94.4
15179,17.0,13,7491.92,576.3015384615385,718.0,0,Champions,12,0.11285339085625015,94.4
16029,38.0,107,122209.14,1142.1414953271028,692.0,0,Loyal,11,0.00028144530111766077,94.4
16748,17.0,14,3637.33,259.8092857142857,711.0,0,Champions,12,0.11146306909727541,94.4
12951,8.0,15,3213.72,214.248,689.0,0,Champions,12,0.11221780766752613,94.4
14898,22.0,14,3507.81,250.55785714285713,712.0,0,Champions,12,0.11122674025916897,94.4
17449,1.0,13,4951.15,380.8576923076923,728.0,0,Champions,12,0.11154623807994643,94.4
15382,14.0,12,13733.55,1144.4624999999999,720.0,0,Champions,12,0.11299521835322665,94.4
14530,25.0,16,6197.4,387.3375,661.0,0,Champions,12,0.11296909054810055,94.4
17754,0.0,13,4577.53,352.11769230769227,727.0,0,Champions,12,0.11216070928855851,94.4
13995,14.0,14,3902.01,278.71500000000003,706.0,0,Champions,12,0.11291648555808752,94.4
12957,9.0,13,8706.97,669.766923076923,718.0,0,Champions,12,0.1119124192902282,94.4
17730,2.0,20,7773.8,388.69,586.0,0,Champions,12,0.11026501374898157,94.5
16717,23.0,14,6986.23,499.01642857142855,708.0,0,Champions,12,0.11015045462255552,94.5
12714,8.0,12,14093.71,1174.4758333333332,726.0,0,Champions,12,0.1107243043347247,94.5
13680,0.0,12,11435.67,952.9725,733.0,0,Champions,12,0.11074949173631256,94.5
14440,7.0,13,6638.73,510.67153846153843,729.0,0,Champions,12,0.10993259667533294,94.5
12731,23.0,17,25775.71,1516.2182352941177,624.0,0,Champions,12,0.10877460634214159,94.6
15571,11.0,14,4051.63,289.40214285714285,721.0,0,Champions,12,0.10797464150358685,94.6
14388,9.0,16,6701.0,418.8125,678.0,0,Champions,12,0.10722522992513941,94.6
12913,4.0,13,6700.86,515.4507692307692,733.0,0,Champions,12,0.10860682718477449,94.6
14395,1.0,20,8208.01,410.4005,598.0,0,Champions,12,0.1063068870721383,94.7
16293,21.0,15,4657.95,310.53,707.0,0,Champions,12,0.10561354591433324,94.7
15203,25.0,15,4400.18,293.3453333333334,705.0,0,Champions,12,0.1063873186803342,94.7
17001,0.0,19,6640.8,349.5157894736842,623.0,0,Champions,12,0.10543982475138494,94.7
13890,0.0,14,2927.38,209.09857142857143,732.0,0,Champions,12,0.10527406139316464,94.7
16365,17.0,15,3307.2,220.48,710.0,0,Champions,12,0.10547260719008639,94.7
17700,16.0,14,6679.97,477.1407142857143,722.0,0,Champions,12,0.10592362374363651,94.7
15031,3.0,14,3156.58,225.47,727.0,0,Champions,12,0.10667986180306523,94.7
12524,8.0,17,11126.11,654.4770588235294,660.0,0,Champions,12,0.10447029682888151,94.8
13941,21.0,15,11122.3,741.4866666666666,701.0,0,Champions,12,0.10371065770879927,94.8
16570,14.0,20,7434.31,371.7155,604.0,0,Champions,12,0.10471217947649342,94.8
14329,16.0,15,9927.22,661.8146666666667,706.0,0,Champions,12,0.1028746278400588,94.9
16401,0.0,23,6849.15,297.7891304347826,554.0,0,Champions,12,0.1013283550683737,94.9
17769,12.0,17,7103.08,417.82823529411763,676.0,0,Champions,12,0.1014691719705353,94.9
14688,7.0,28,7713.57,275.48464285714283,448.0,0,Champions,12,0.10181804498997984,94.9
17519,16.0,15,5109.47,340.6313333333334,721.0,0,Champions,12,0.10109346572328924,94.9
14191,1.0,15,4817.66,321.1773333333333,726.0,0,Champions,12,0.0997728329697571,95.0
12662,0.0,20,6988.02,349.401,617.0,0,Champions,12,0.10092302312704116,95.0
13883,10.0,15,6560.02,437.3346666666667,720.0,0,Champions,12,0.10057716442988063,95.0
15981,24.0,21,9362.77,445.8461904761905,595.0,0,Champions,12,0.10066104701420193,95.0
12500,22.0,19,5955.21,313.4321052631579,650.0,0,Champions,12,0.09760589376422756,95.1
18241,9.0,21,2986.99,142.23761904761903,608.0,0,Champions,12,0.09869898302807642,95.1
17049,2.0,19,9947.48,523.5515789473684,643.0,0,Champions,12,0.09821315620879992,95.1
17735,1.0,26,17244.93,663.2665384615385,495.0,0,Champions,12,0.0986164956077127,95.1
16033,5.0,27,10836.13,401.3381481481481,479.0,0,Champions,12,0.09834325234122826,95.1
13629,22.0,19,13370.86,703.7294736842106,642.0,0,Champions,12,0.09728390555494208,95.1
18245,6.0,20,6324.98,316.24899999999997,633.0,0,Champions,12,0.09646294752430218,95.2
16327,13.0,16,10731.34,670.70875,711.0,0,Champions,12,0.09533445233388527,95.2
17419,10.0,18,6500.52,361.14000000000004,672.0,0,Champions,12,0.09695287390975638,95.2
13758,11.0,15,9416.98,627.7986666666667,727.0,0,Champions,12,0.09695662089094163,95.2
13871,22.0,17,7885.85,463.8735294117647,696.0,0,Champions,12,0.09529722030928028,95.2
12483,16.0,19,5120.58,269.5042105263158,660.0,0,Champions,12,0.09504009258533351,95.2
17218,3.0,18,4192.68,232.92666666666668,678.0,0,Champions,12,0.09613679659212908,95.2
15602,7.0,16,3230.51,201.906875,729.0,0,Champions,12,0.09383677232472704,95.3
14032,1.0,16,4850.27,303.141875,723.0,0,Champions,12,0.09475206075542164,95.3
17469,15.0,17,5051.25,297.13235294117646,706.0,0,Champions,12,0.09369617097048596,95.3
17314,24.0,17,4904.43,288.4958823529412,711.0,0,Champions,12,0.09237213611180375,95.4
14113,3.0,16,7092.61,443.288125,728.0,0,Champions,12,0.09230444403118167,95.4
14525,19.0,17,8240.64,484.74352941176465,706.0,0,Champions,12,0.09235418221656799,95.4
17412,2.0,16,4417.52,276.095,734.0,0,Champions,12,0.09189813131523335,95.4
13225,2.0,16,16260.07,1016.254375,719.0,0,Champions,12,0.09053310571555645,95.5
13709,3.0,18,7591.75,421.7638888888889,693.0,0,Champions,12,0.09067460501306428,95.5
17644,0.0,20,6028.6,301.43,660.0,0,Champions,12,0.08909212125671072,95.5
15628,4.0,17,5652.26,332.4858823529412,721.0,0,Champions,12,0.08935087451130776,95.5
16905,4.0,17,5034.15,296.1264705882353,723.0,0,Champions,12,0.08906755289147637,95.5
15755,9.0,17,5993.12,352.53647058823526,725.0,0,Champions,12,0.08815078964109824,95.6
18219,2.0,17,3562.89,209.58176470588234,729.0,0,Champions,12,0.08806889324288586,95.6
17293,7.0,17,3774.23,222.0135294117647,727.0,0,Champions,12,0.08851287561146615,95.6
13021,3.0,17,4887.24,287.48470588235296,730.0,0,Champions,12,0.08727786643223526,95.6
15955,23.0,22,8658.36,393.5618181818182,629.0,0,Champions,12,0.08577462431204905,95.7
13831,15.0,18,7023.58,390.19888888888886,713.0,0,Champions,12,0.0856007702747616,95.7
15971,17.0,18,5902.83,327.935,714.0,0,Champions,12,0.08573727762378865,95.7
14769,2.0,17,15771.88,927.7576470588235,721.0,0,Champions,12,0.08532863862955682,95.7
15544,8.0,20,8162.43,408.1215,671.0,0,Champions,12,0.08559416937145352,95.7
16607,17.0,25,5706.87,228.2748,571.0,0,Champions,12,0.0853146811803439,95.7
15023,2.0,20,12170.68,608.534,671.0,0,Champions,12,0.0844610850903209,95.8
15953,14.0,18,3669.55,203.8638888888889,721.0,0,Champions,12,0.0847256319969947,95.8
17739,11.0,18,7730.59,429.4772222222222,720.0,0,Champions,12,0.08357481966851388,95.8
17220,23.0,21,4481.75,213.41666666666666,664.0,0,Champions,12,0.08312702170794366,95.8
15514,11.0,18,6598.55,366.5861111111111,722.0,0,Champions,12,0.08346066170699921,95.8
18077,7.0,18,4338.56,241.03111111111113,724.0,0,Champions,12,0.08373403194192384,95.8
13266,10.0,19,6135.04,322.89684210526315,711.0,0,Champions,12,0.08127021537823369,95.9
15125,24.0,24,17024.87,709.3695833333333,593.0,0,Champions,12,0.08296934040639024,95.9
16954,0.0,20,6081.88,304.094,689.0,0,Champions,12,0.08164347850227428,95.9
14825,3.0,24,4925.08,205.21166666666667,608.0,0,Champions,12,0.08140249098129282,95.9
13590,10.0,18,6349.59,352.755,726.0,0,Champions,12,0.0825456011698994,95.9
17861,2.0,18,5127.69,284.87166666666667,726.0,0,Champions,12,0.08296165888578735,95.9
12877,3.0,20,2955.17,147.7585,687.0,0,Champions,12,0.0829980331369793,95.9
18283,3.0,22,2736.65,124.39318181818182,654.0,0,Champions,12,0.08083279067621647,96.0
14505,16.0,19,12001.84,631.6757894736842,713.0,0,Champions,12,0.07903958070719909,96.0
15750,2.0,18,6797.191,377.6217222222222,735.0,0,Champions,12,0.08018595925576902,96.0
18144,7.0,19,5058.0,266.2105263157895,715.0,0,Champions,12,0.08061625586150752,96.0
15251,8.0,21,20324.54,967.8352380952381,670.0,0,Champions,12,0.07783814165291528,96.1
17799,21.0,20,6341.89,317.09450000000004,703.0,0,Champions,12,0.07819299876507492,96.1
17091,2.0,19,7811.1,411.1105263157895,720.0,0,Champions,12,0.07859855581873151,96.1
17954,4.0,19,3966.05,208.73947368421054,725.0,0,Champions,12,0.07853338399026133,96.1
17157,7.0,19,5151.9,271.15263157894736,727.0,0,Champions,12,0.0777154282699586,96.1
18092,1.0,18,16179.44,898.8577777777778,733.0,0,Champions,12,0.07760505360894071,96.1
14732,7.0,19,5517.07,290.3721052631579,722.0,0,Champions,12,0.07879374626504247,96.1
14422,0.0,19,10271.52,540.6063157894737,721.0,0,Champions,12,0.07764658862611938,96.1
14099,15.0,20,5765.71,288.2855,713.0,0,Champions,12,0.0760048169754672,96.2
12720,2.0,30,8260.67,275.35566666666665,503.0,0,Champions,12,0.07617320705973075,96.2
16670,16.0,20,8030.15,401.5075,712.0,0,Champions,12,0.07565837682437142,96.2
15482,15.0,19,14592.56,768.0294736842105,721.0,0,Champions,12,0.07640635367729741,96.2
14030,17.0,20,8262.29,413.1145,710.0,0,Champions,12,0.07605980021759556,96.2
13985,3.0,22,10020.86,455.49363636363637,664.0,0,Champions,12,0.07689352796595145,96.2
13394,1.0,19,6621.7,348.5105263157895,736.0,0,Champions,12,0.0752089678771482,96.2
15159,1.0,34,22116.73,650.4920588235294,430.0,0,Champions,12,0.0732958221936601,96.3
13178,25.0,21,14059.19,669.4852380952382,697.0,0,Champions,12,0.07308078642610484,96.3
15570,6.0,25,9311.04,372.44160000000005,614.0,0,Champions,12,0.07439576022879199,96.3
14159,19.0,20,7938.01,396.9005,717.0,0,Champions,12,0.07454084514950182,96.3
17809,15.0,20,11337.39,566.8695,720.0,0,Champions,12,0.07302333184018837,96.3
15218,10.0,22,11516.57,523.4804545454546,672.0,0,Champions,12,0.07474456647576277,96.3
17346,3.0,26,5323.0,204.73076923076923,597.0,0,Champions,12,0.07408819125992651,96.3
13769,1.0,20,5800.42,290.021,721.0,0,Champions,12,0.0741711120265507,96.3
16103,6.0,22,6191.71,281.44136363636363,693.0,0,Champions,12,0.07113802522043103,96.4
16156,8.0,20,6218.18,310.909,728.0,0,Champions,12,0.0725053750975985,96.4
17884,3.0,20,3072.89,153.6445,731.0,0,Champions,12,0.0726113311190715,96.4
15270,15.0,21,8524.86,405.9457142857143,706.0,0,Champions,12,0.07230729621239106,96.4
17287,25.0,21,4111.96,195.80761904761906,710.0,0,Champions,12,0.07239347980728852,96.4
12417,2.0,20,6816.91,340.8455,730.0,0,Champions,12,0.07191946963000102,96.4
12415,23.0,28,144458.37,5159.2275,503.0,0,Champions,12,0.072086018044226,96.4
13488,16.0,23,15587.88,677.7339130434782,666.0,0,Champions,12,0.07086609634253746,96.5
17857,3.0,24,28682.24,1195.0933333333335,637.0,0,Champions,12,0.07078726413630829,96.5
12683,3.0,21,12696.78,604.6085714285715,722.0,0,Champions,12,0.067990943368506,96.6
15854,3.0,21,5583.81,265.8957142857143,725.0,0,Champions,12,0.06884461915660302,96.6
14878,12.0,25,4105.24,164.2096,644.0,0,Champions,12,0.06858308018842196,96.6
14713,8.0,21,5418.87,258.0414285714286,726.0,0,Champions,12,0.06866881384187812,96.6
16722,16.0,22,8989.08,408.5945454545454,718.0,0,Champions,12,0.06539534936333649,96.7
14282,2.0,25,7849.66,313.9864,659.0,0,Champions,12,0.06502211599340163,96.7
12490,4.0,21,9823.64,467.79238095238094,733.0,0,Champions,12,0.06631579582167167,96.7
14401,3.0,22,6795.9,308.9045454545454,721.0,0,Champions,12,0.06518698030688744,96.7
16710,18.0,22,6349.09,288.595,716.0,0,Champions,12,0.06627614324416638,96.7
14534,2.0,26,6271.11,241.19653846153844,631.0,0,Champions,12,0.06667190544628826,96.7
16326,5.0,24,4826.99,201.12458333333333,674.0,0,Champions,12,0.06660753165105938,96.7
14057,23.0,22,8408.84,382.22,712.0,0,Champions,12,0.06671630675969424,96.7
13426,0.0,22,8167.38,371.24454545454546,729.0,0,Champions,12,0.06336438132817089,96.8
12523,18.0,23,4372.15,190.09347826086955,712.0,0,Champions,12,0.06326740370241357,96.8
14607,15.0,22,24137.63,1097.165,708.0,0,Champions,12,0.06468784893960913,96.8
15527,18.0,23,5575.64,242.41913043478263,705.0,0,Champions,12,0.06445251768050636,96.8
16458,2.0,30,5715.34,190.51133333333334,559.0,0,Champions,12,0.06436097999865142,96.8
17402,4.0,23,5096.18,221.57304347826087,718.0,0,Champions,12,0.06199840492197944,96.9
14961,10.0,22,16410.15,745.9159090909092,724.0,0,Champions,12,0.06290419573911796,96.9
15093,17.0,23,14326.11,622.8743478260869,713.0,0,Champions,12,0.061541674532264105,96.9
15290,4.0,26,10496.28,403.70307692307694,649.0,0,Champions,12,0.06262175336704087,96.9
16985,16.0,23,10923.16,474.92,711.0,0,Champions,12,0.06244475831800382,96.9
14291,1.0,23,7904.1,343.6565217391304,728.0,0,Champions,12,0.05969898551436152,97.0
17139,15.0,25,19584.46,783.3783999999999,681.0,0,Champions,12,0.05937334607254751,97.0
13756,1.0,23,9207.5,400.32608695652175,722.0,0,Champions,12,0.06061924821478661,97.0
14415,0.0,23,12091.6,525.7217391304348,722.0,0,Champions,12,0.06018821683449628,97.0
14562,3.0,26,6729.4,258.8230769230769,666.0,0,Champions,12,0.059816397344189975,97.0
15298,1.0,23,9459.37,411.2769565217392,729.0,0,Champions,12,0.05928603898911777,97.0
17404,3.0,23,47781.12,2077.44,697.0,0,Champions,12,0.05952083499381578,97.0
15046,8.0,25,7812.39,312.4956,685.0,0,Champions,12,0.0600233137780665,97.0
17716,22.0,24,15956.97,664.87375,714.0,0,Champions,12,0.057453163724315845,97.1
14092,7.0,24,7229.45,301.2270833333333,715.0,0,Champions,12,0.05839565348615732,97.1
16393,1.0,23,5561.66,241.81130434782608,736.0,0,Champions,12,0.05858004759337822,97.1
15611,9.0,26,2997.28,115.28,673.0,0,Champions,12,0.05892079076488615,97.1
13263,0.0,39,8704.69,223.1971794871795,411.0,0,Champions,12,0.05662358436299732,97.2
16191,2.0,24,15688.02,653.6675,725.0,0,Champions,12,0.05556072175572736,97.2
14062,9.0,24,25604.2,1066.8416666666667,719.0,0,Champions,12,0.055369630531263835,97.2
14180,10.0,33,6319.25,191.49242424242425,537.0,0,Champions,12,0.05667864367084206,97.2
15694,0.0,24,10810.81,450.4504166666666,731.0,0,Champions,12,0.05513090136484813,97.2
15898,0.0,25,5596.31,223.85240000000002,726.0,0,Champions,12,0.05309350389230929,97.3
14135,1.0,24,9643.92,401.83,736.0,0,Champions,12,0.05442284082240567,97.3
14709,14.0,25,8886.33,355.4532,719.0,0,Champions,12,0.05390803286171688,97.3
17231,11.0,25,7197.04,287.8816,719.0,0,Champions,12,0.05408922540977362,97.3
13534,1.0,35,7720.9,220.59714285714284,517.0,0,Champions,12,0.05289936068185635,97.4
13230,3.0,30,6360.78,212.02599999999998,626.0,0,Champions,12,0.05227732752423499,97.4
13571,12.0,26,4546.54,174.8669230769231,718.0,0,Champions,12,0.05109913253120751,97.4
16186,22.0,26,9026.11,347.1580769230769,707.0,0,Champions,12,0.0524632548207489,97.4
14739,3.0,25,12287.5,491.5,733.0,0,Champions,12,0.05126170397403346,97.4
14755,9.0,25,9972.55,398.902,726.0,0,Champions,12,0.05263342875238187,97.4
16700,8.0,25,9167.71,366.7084,729.0,0,Champions,12,0.05222780653629388,97.4
14258,8.0,25,32051.34,1282.0536,726.0,0,Champions,12,0.05036917117569991,97.5
15547,6.0,26,10154.39,390.55346153846153,725.0,0,Champions,12,0.049501577935922775,97.5
16523,1.0,28,11916.33,425.5832142857143,682.0,0,Champions,12,0.04964722302680928,97.5
14060,4.0,30,9519.08,317.30266666666665,634.0,0,Champions,12,0.05082622892332316,97.5
18223,4.0,26,14000.85,538.4942307692307,730.0,0,Champions,12,0.04840323466815853,97.6
16701,8.0,26,9916.73,381.4126923076923,729.0,0,Champions,12,0.0489076085876008,97.6
12747,1.0,26,9276.54,356.79,730.0,0,Champions,12,0.048810405395775705,97.6
12839,2.0,26,10071.73,387.37423076923073,730.0,0,Champions,12,0.04874164420863039,97.6
18225,2.0,26,13054.26,502.0869230769231,731.0,0,Champions,12,0.04833324276756432,97.6
14299,7.0,27,14499.49,537.0181481481482,729.0,0,Champions,12,0.04552075141061289,97.7
12583,2.0,27,14447.44,535.0903703703704,730.0,0,Champions,12,0.04538195389442071,97.7
12474,16.0,31,12424.45,400.7887096774194,649.0,0,Champions,12,0.04532647674930198,97.7
14796,0.0,27,10889.64,403.32,724.0,0,Champions,12,0.04650232863978325,97.7
18061,21.0,28,6488.97,231.7489285714286,713.0,0,Champions,12,0.045395172376813266,97.7
13576,9.0,28,11551.74,412.5621428571429,721.0,0,Champions,12,0.04396199141654039,97.8
16592,3.0,28,7807.91,278.8539285714286,716.0,0,Champions,12,0.04488841487926007,97.8
18229,11.0,28,10803.71,385.84678571428566,724.0,0,Champions,12,0.0435946350696108,97.8
18109,1.0,38,9893.96,260.3673684210526,524.0,0,Champions,12,0.04248551859978576,97.9
16549,9.0,34,13182.19,387.71147058823533,610.0,0,Champions,12,0.04212215397754435,97.9
13081,11.0,28,59205.15,2114.469642857143,719.0,0,Champions,12,0.0414221902115709,97.9
17611,6.0,28,8371.98,298.9992857142857,731.0,0,Champions,12,0.04278935828089742,97.9
13269,0.0,28,8891.7,317.5607142857143,736.0,0,Champions,12,0.04209145114023872,97.9
18065,5.0,29,5866.63,202.29758620689657,724.0,0,Champions,12,0.04109264610699387,97.9
15144,7.0,29,12160.31,419.3210344827586,718.0,0,Champions,12,0.04156094701805935,97.9
17364,0.0,28,12070.42,431.0864285714286,731.0,0,Champions,12,0.04257140473621076,97.9
15194,2.0,28,12427.69,443.84607142857146,733.0,0,Champions,12,0.04228356470392206,97.9
13013,0.0,29,12625.77,435.3713793103448,724.0,0,Champions,12,0.04076011135586854,98.0
14702,0.0,29,6754.22,232.90413793103448,727.0,0,Champions,12,0.04066267342147183,98.0
15640,3.0,29,23957.58,826.1234482758621,720.0,0,Champions,12,0.04071852372412389,98.0
17017,2.0,29,14110.61,486.5727586206897,733.0,0,Champions,12,0.0395490370678506,98.0
13069,0.0,38,9683.13,254.81921052631577,542.0,0,Champions,12,0.04014424696192659,98.0
13999,9.0,29,9502.26,327.6641379310345,724.0,0,Champions,12,0.04091345970219414,98.0
17381,8.0,38,40002.37,1052.693947368421,539.0,0,Champions,12,0.04052493444387453,98.0
16011,7.0,29,5880.46,202.77448275862068,730.0,0,Champions,12,0.04032235415548847,98.0
15805,22.0,30,10189.23,339.64099999999996,706.0,0,Champions,12,0.040527342841871025,98.0
17706,3.0,31,20749.98,669.3541935483871,685.0,0,Champions,12,0.04018197780280457,98.0
16656,21.0,30,16833.17,561.1056666666666,713.0,0,Champions,12,0.03937107851788702,98.0
17315,1.0,43,9650.6,224.4325581395349,436.0,0,Champions,12,0.04025945342310656,98.0
16923,11.0,32,13378.36,418.07375,665.0,0,Champions,12,0.040357523863792745,98.0
16814,13.0,36,12499.71,347.21416666666664,593.0,0,Champions,12,0.038987717536648404,98.1
12841,4.0,40,7540.68,188.517,514.0,0,Champions,12,0.03839415777717339,98.1
15601,10.0,30,14960.12,498.6706666666667,727.0,0,Champions,12,0.03774136775245289,98.1
13102,0.0,37,11696.92,316.132972972973,580.0,0,Champions,12,0.03803551682619377,98.1
17858,5.0,30,12797.65,426.5883333333333,727.0,0,Champions,12,0.0378260476591914,98.1
13969,6.0,35,13365.87,381.882,617.0,0,Champions,12,0.03858839157141492,98.1
15984,2.0,30,8759.32,291.9773333333333,735.0,0,Champions,12,0.03703598400990392,98.1
16713,18.0,32,14560.69,455.0215625,705.0,0,Champions,12,0.03553447663340268,98.2
15465,19.0,32,12655.65,395.4890625,710.0,0,Champions,12,0.035024611651695896,98.2
13018,15.0,35,9763.16,278.9474285714286,632.0,0,Champions,12,0.03684571374811234,98.2
13418,11.0,31,12233.6,394.6322580645161,716.0,0,Champions,12,0.036707155210639594,98.2
15867,4.0,31,9063.95,292.3854838709678,719.0,0,Champions,12,0.036461730903374914,98.2
13113,0.0,37,18625.73,503.3981081081081,620.0,0,Champions,12,0.033484664145168264,98.3
12989,2.0,33,13551.75,410.65909090909093,726.0,0,Champions,12,0.0311509115122301,98.4
17238,2.0,32,7783.1,243.221875,736.0,0,Champions,12,0.03236537463186398,98.4
16945,21.0,33,8548.16,259.0351515151515,709.0,0,Champions,12,0.032978649433515625,98.4
12621,1.0,35,24775.81,707.8802857142857,666.0,0,Champions,12,0.03291488171086353,98.4
12540,19.0,33,22254.49,674.3784848484848,712.0,0,Champions,12,0.03240168941742594,98.4
17450,7.0,51,246973.09,4842.609607843137,429.0,0,Champions,12,0.03051775811324031,98.5
13599,0.0,33,10167.63,308.10999999999996,737.0,0,Champions,12,0.0301391909678011,98.5
12647,21.0,36,17924.35,497.89861111111105,672.0,0,Champions,12,0.030311140854028636,98.5
14085,1.0,33,10104.97,306.2112121212121,729.0,0,Champions,12,0.03091803779996635,98.5
14110,3.0,33,12987.95,393.57424242424247,735.0,0,Champions,12,0.030281073508124083,98.5
12709,14.0,34,31093.34,914.51,715.0,0,Champions,12,0.029957265010542553,98.5
15044,18.0,35,16204.33,462.98085714285713,703.0,0,Champions,12,0.029342745680102297,98.5
15838,10.0,34,74163.0,2181.264705882353,713.0,0,Champions,12,0.029555617856706795,98.5
17811,3.0,47,9609.8,204.46382978723403,441.0,0,Champions,12,0.03033553597316406,98.5
13001,3.0,33,24172.1,732.4878787878788,731.0,0,Champions,12,0.030466367555930355,98.5
13050,14.0,35,12344.53,352.70085714285716,709.0,0,Champions,12,0.028824011717573976,98.6
13668,2.0,35,13089.94,373.9982857142857,725.0,0,Champions,12,0.0273817708531073,98.6
14194,4.0,36,18670.59,518.6275,697.0,0,Champions,12,0.027983769613113847,98.6
13267,2.0,36,9758.26,271.0627777777778,729.0,0,Champions,12,0.025311549213102993,98.7
16210,1.0,35,38489.51,1099.7002857142859,735.0,0,Champions,12,0.026294048230046083,98.7
15555,11.0,36,12112.35,336.45416666666665,721.0,0,Champions,12,0.02595462371605658,98.7
18041,11.0,38,8752.38,230.32578947368418,683.0,0,Champions,12,0.025644167309968383,98.7
13004,11.0,36,11650.85,323.63472222222225,713.0,0,Champions,12,0.026629999221108567,98.7
15189,0.0,46,17524.38,380.96478260869566,507.0,0,Champions,12,0.02642636769525504,98.7
13854,8.0,39,12253.96,314.2041025641025,691.0,0,Champions,12,0.023375372305519355,98.8
14051,0.0,37,22434.0,606.3243243243244,735.0,0,Champions,12,0.02318527053912448,98.8
13881,3.0,43,45179.1,1050.6767441860466,641.0,0,Champions,12,0.02128893755167023,98.9
14895,7.0,38,25119.54,661.0405263157895,721.0,0,Champions,12,0.022703003005657953,98.9
16353,3.0,38,9999.46,263.1436842105263,728.0,0,Champions,12,0.02219860072983676,98.9
16782,9.0,38,10438.41,274.695,720.0,0,Champions,12,0.022776208391561137,98.9
16558,0.0,38,13873.51,365.09236842105264,735.0,0,Champions,12,0.02170489786982917,98.9
15291,25.0,40,13846.56,346.164,710.0,0,Champions,12,0.02056768669048345,99.0
15738,18.0,41,13372.97,326.16999999999996,710.0,0,Champions,12,0.019226669982600232,99.0
12437,1.0,39,12683.4,325.2153846153846,735.0,0,Champions,12,0.020294412611761452,99.0
16161,1.0,43,12831.8,298.4139534883721,668.0,0,Champions,12,0.019229345289295274,99.0
15358,4.0,42,17050.41,405.96214285714285,727.0,0,Champions,12,0.017036253794190347,99.1
16839,8.0,44,22310.49,507.05659090909097,657.0,0,Champions,12,0.018716369275535785,99.1
14849,21.0,43,15763.45,366.59186046511627,676.0,0,Champions,12,0.018765242854767498,99.1
17576,7.0,41,9056.81,220.89780487804876,728.0,0,Champions,12,0.018120200488822714,99.1
16705,0.0,42,43515.051,1036.072642857143,729.0,0,Champions,12,0.01709643794705352,99.1
17068,11.0,47,9161.08,194.91659574468085,608.0,0,Champions,12,0.017748631509049585,99.1
15498,2.0,44,26039.58,591.8086363636364,720.0,0,Champions,12,0.015301942577398737,99.2
17581,0.0,43,18757.75,436.2267441860465,735.0,0,Champions,12,0.01553190576793987,99.2
16746,4.0,42,18066.4,430.152380952381,730.0,0,Champions,12,0.016878484051459825,99.2
17428,0.0,45,31819.76,707.1057777777777,737.0,0,Champions,12,0.01359318424288289,99.3
14560,6.0,44,6114.03,138.95522727272726,730.0,0,Champions,12,0.014655744139925498,99.3
15769,6.0,46,88704.32,1928.3547826086958,721.0,0,Champions,12,0.01393067124331423,99.3
14031,6.0,44,40999.17,931.7993181818182,729.0,0,Champions,12,0.014983726814269889,99.3
12681,14.0,45,30868.28,685.9617777777778,711.0,0,Champions,12,0.0147785105158981,99.3
16525,1.0,48,24582.64,512.1383333333333,735.0,0,Champions,12,0.011128300379412205,99.4
15615,9.0,47,21373.97,454.7653191489362,726.0,0,Champions,12,0.012228127244728689,99.4
18172,14.0,52,17479.84,336.15076923076924,714.0,0,Champions,12,0.009017313435828378,99.5
16133,3.0,56,22992.26,410.5760714285714,614.0,0,Champions,12,0.00956508271762003,99.5
12682,3.0,52,24033.91,462.19057692307695,735.0,0,Champions,12,0.00848097529415266,99.6
15078,6.0,53,17761.88,335.12981132075475,728.0,0,Champions,12,0.008048491440377227,99.6
16684,3.0,55,147142.77,2675.3230909090908,728.0,0,Champions,12,0.008236845188727153,99.6
17920,3.0,54,24516.46,454.0085185185185,729.0,0,Champions,12,0.007551758182932982,99.6
14667,10.0,54,21927.14,406.0581481481481,726.0,0,Champions,12,0.007602584688663574,99.6
17677,1.0,54,36692.91,679.4983333333334,721.0,0,Champions,12,0.00786403689584819,99.6
12931,21.0,57,92347.34,1620.1287719298246,717.0,0,Champions,12,0.0070062354923686706,99.6
17757,0.0,56,9422.45,168.25803571428574,693.0,0,Champions,12,0.007266968414818838,99.6
16779,1.0,53,33268.24,627.7026415094339,734.0,0,Champions,12,0.008032513251876996,99.6
15856,3.0,52,34220.34,658.0834615384615,732.0,0,Champions,12,0.008658701099059285,99.6
13319,4.0,58,22082.5,380.73275862068965,727.0,0,Champions,12,0.005764848412706109,99.7
15005,15.0,56,14106.2,251.89642857142857,722.0,0,Champions,12,0.0066510476665885485,99.7
13078,2.0,57,29532.45,518.1131578947369,735.0,0,Champions,12,0.006074686712403186,99.7
17511,2.0,60,175603.55,2926.725833333333,734.0,0,Champions,12,0.006156915779796055,99.7
14735,3.0,56,12240.16,218.5742857142857,732.0,0,Champions,12,0.006422046645186955,99.7
14680,24.0,58,57412.77,989.8753448275861,710.0,0,Champions,12,0.006398978442741394,99.7
17389,0.0,61,57224.68,938.1095081967213,734.0,0,Champions,12,0.004836618586770682,99.8
13199,3.0,67,16432.89,245.26701492537313,731.0,0,Champions,12,0.0030338745485031745,99.8
16168,10.0,66,10636.47,161.15863636363636,726.0,0,Champions,12,0.0032722542617096353,99.8
13777,0.0,61,56478.42,925.875737704918,737.0,0,Champions,12,0.004784009196311785,99.8
17243,0.0,69,20889.86,302.75159420289856,736.0,0,Champions,12,0.002619829493778661,99.9
12921,8.0,74,35921.04,485.41945945945946,729.0,0,Champions,12,0.0019536196353272966,99.9
17675,0.0,70,38259.6,546.5657142857143,728.0,0,Champions,12,0.0025913399730371407,99.9
12471,1.0,79,39963.79,505.8707594936709,730.0,0,Champions,12,0.001391536563835535,99.9
13468,1.0,72,13390.51,185.97930555555556,734.0,0,Champions,12,0.002112752581204525,99.9
14298,7.0,82,91194.49,1112.1279268292683,719.0,0,Champions,12,0.0013106929667372421,99.9
13767,1.0,73,35540.53,486.85657534246576,736.0,0,Champions,12,0.002043758200254907,99.9
16013,3.0,84,57446.44,683.8861904761904,728.0,0,Champions,12,0.0010313411385083767,99.9
17377,23.0,78,18319.41,234.86423076923077,713.0,0,Champions,12,0.001507260726164636,99.9
15039,9.0,93,40031.43,430.44548387096773,719.0,0,Champions,12,0.0005487978602921185,100.0
14527,2.0,122,27792.3,227.80573770491802,735.0,0,Champions,12,6.728172073310783e-05,100.0
13408,1.0,106,51733.462,488.0515283018868,733.0,0,Champions,12,0.00021945776116689944,100.0
14911,0.0,398,295972.63,743.6498241206031,737.0,0,Champions,12,7.526832588158693e-13,100.0
15061,3.0,127,137818.52,1085.1851968503936,734.0,0,Champions,12,6.503966423823016e-05,100.0
17961,20.0,100,2995.54,29.9554,717.0,0,Champions,12,0.00031009110773806383,100.0
18102,0.0,145,608821.65,4198.77,738.0,0,Champions,12,7.565601281626683e-05,100.0
14156,9.0,156,313946.37,2012.4767307692307,728.0,0,Champions,12,1.5408572835129573e-05,100.0
12748,0.0,337,56599.39,167.9507121661721,734.0,0,Champions,12,2.2526069480106582e-11,100.0
17949,0.0,118,118628.08,1005.3227118644068,736.0,0,Champions,12,0.00011360137303897551,100.0
16422,16.0,109,63651.47,583.9584403669725,679.0,0,Champions,12,0.00021966181842665266,100.0
17841,1.0,211,70884.07,335.94345971563985,735.0,0,Champions,12,1.5583435835518227e-07,100.0
13089,2.0,203,116737.86,575.0633497536946,734.0,0,Champions,12,3.173610889704135e-07,100.0
14606,0.0,192,30861.06,160.7346875,735.0,0,Champions,12,5.144612490431731e-07,100.0
14646,1.0,152,528602.52,3477.648157894737,735.0,0,Champions,12,3.783784605254857e-05,100.0
13694,3.0,143,196482.81,1374.0056643356643,731.0,0,Champions,12,2.6003042831981036e-05,100.0
13798,0.0,110,75836.87,689.4260909090908,729.0,0,Champions,12,0.00017963827881087047,100.0
12971,3.0,116,15972.79,137.6964655172414,720.0,0,Champions,12,0.00010395122607183455,100.0
15311,0.0,208,116771.16,561.3998076923077,738.0,0,Champions,12,2.2127322136150403e-07,100.0
